Column,Correlation,AbsCorrelation,Correlation Rank,AbsCorrelation Rank
Price,0.3624034267981248,0.3624034267981248,1,1
Horsepower (kW),0.2997338861473619,0.2997338861473619,2,2
Upholstery Material_Full leather,0.2778148610887699,0.2778148610887699,3,3
make_model_Renault Espace,0.2554558668752779,0.2554558668752779,4,4
Body Type_Van,0.2384039233956497,0.2384039233956497,5,5
Heads-up display,0.22994326570881962,0.22994326570881962,6,6
CO2 Emission (g CO2/km (comb)),0.21357030680594707,0.21357030680594707,7,7
Weight (kg),0.2050792498796764,0.2050792498796764,8,8
Cylinders,0.1998919306235509,0.1998919306235509,9,9
Upholstery Color_Brown,0.1803335384245306,0.1803335384245306,10,10
LED Headlights,0.17800241944543138,0.17800241944543138,11,11
Electrically adjustable seats,0.1776785509378857,0.1776785509378857,12,12
Blind spot monitor,0.16172636918884317,0.16172636918884317,13,13
Displacement (cc),0.1613410000104771,0.1613410000104771,14,14
Type_New,0.1539414148571181,0.1539414148571181,15,15
Massage seats,0.15089751960466483,0.15089751960466483,16,16
Panorama roof,0.14809502670917574,0.14809502670917574,17,17
Digital radio,0.14792371676770708,0.14792371676770708,18,18
Traffic sign recognition,0.14667708524454767,0.14667708524454767,19,19
Adaptive Cruise Control,0.1440022916252876,0.1440022916252876,20,20
Parking assist system self-steering,0.13839226309342434,0.13839226309342434,21,21
Parking assist system camera,0.13493087135103593,0.13493087135103593,22,22
Lane departure warning system,0.13287091089243327,0.13287091089243327,23,23
Type_Used,-0.1321971254702472,0.1321971254702472,172,24
Seat ventilation,0.13166255286377854,0.13166255286377854,24,25
make_model_Opel Insignia,0.12889997583429325,0.12889997583429325,25,26
Electric tailgate,0.126467245675616,0.126467245675616,26,27
Previous Owners,-0.123186903142655,0.123186903142655,171,28
Country version_Netherlands,0.12237162996794436,0.12237162996794436,27,29
# of Seats,0.12219138244209898,0.12219138244209898,28,30
Gearing Type_Semi-automatic,0.12169536396568048,0.12169536396568048,29,31
Sunroof,0.11942898062992252,0.11942898062992252,30,32
Drive chain_front,-0.11731071519008598,0.11731071519008598,170,33
Gearing Type_Manual,-0.11621791781719316,0.11621791781719316,169,34
Emergency brake assistant,0.09615994181521997,0.09615994181521997,31,35
Keyless central door lock,0.0934643417074388,0.0934643417074388,32,36
Consumption (L /100 km) comb,0.09324620404263875,0.09324620404263875,33,37
make_model_Audi A3,-0.09314058525274621,0.09314058525274621,168,38
Gears,0.09252181590479168,0.09252181590479168,34,39
Adaptive headlights,0.08685637687571421,0.08685637687571421,35,40
Power steering,-0.08259970597317522,0.08259970597317522,167,41
Immobilizer,-0.08119633458615069,0.08119633458615069,166,42
CD player,-0.08035235536535548,0.08035235536535548,165,43
Hands-free equipment,-0.08018822866593084,0.08018822866593084,164,44
Radio,-0.07767947364322922,0.07767947364322922,163,45
Type_Employee's car,-0.0758301676545701,0.0758301676545701,162,46
Shift paddles,0.07540889303536087,0.07540889303536087,36,47
make_model_Opel Astra,-0.07508232462689575,0.07508232462689575,161,48
Body Type_Sedans,-0.07449675639281875,0.07449675639281875,160,49
Inspection new,-0.07376301816687994,0.07376301816687994,159,50
Body Type_Convertible,0.07294314786949789,0.07294314786949789,37,51
Fuel_Gasoline and Others,-0.06878635126313824,0.06878635126313824,158,52
Bluetooth,-0.06826457704742314,0.06826457704742314,157,53
Electronic stability control,-0.06691871462319422,0.06691871462319422,156,54
Navigation system,0.06655908418242452,0.06655908418242452,38,55
Country version_Germany,-0.0647809615206693,0.0647809615206693,155,56
Multi-function steering wheel,-0.06438031097621914,0.06438031097621914,154,57
Electrically heated windshield,0.06405939094717232,0.06405939094717232,39,58
Central door lock,-0.0638254459816638,0.0638254459816638,153,59
Cab or rented Car,-0.06337612479524712,0.06337612479524712,152,60
make_model_Opel Corsa,-0.06136489350519434,0.06136489350519434,151,61
Xenon headlights,-0.061342824293872555,0.061342824293872555,150,62
Daytime running lights,-0.060383887109374625,0.060383887109374625,149,63
Night view assist,0.05966677158611669,0.05966677158611669,40,64
MP3,-0.057980482819784504,0.057980482819784504,148,65
Alarm system,0.0575749186476432,0.0575749186476432,41,66
Tinted windows,0.057209148453324594,0.057209148453324594,42,67
Registration,0.055899820493744895,0.055899820493744895,43,68
Rear airbag,0.055574004218870626,0.055574004218870626,44,69
Sound system,0.05493620592168913,0.05493620592168913,45,70
Automatic climate control,0.053702869278738234,0.053702869278738234,46,71
Isofix,-0.053288399613838036,0.053288399613838036,147,72
Parking assist system sensors front,0.05104242863244274,0.05104242863244274,47,73
On-board computer,-0.05100990406343259,0.05100990406343259,146,74
Side airbag,-0.04943548846074388,0.04943548846074388,145,75
Air suspension,0.04924235063200971,0.04924235063200971,48,76
Tuned car,0.0487246313369509,0.0487246313369509,49,77
Sport package,0.047546552790509906,0.047546552790509906,50,78
Body Color_Silver,-0.046538415859703,0.046538415859703,144,79
Driver drowsiness detection,0.045667721880690015,0.045667721880690015,51,80
ABS,-0.041921403400909586,0.041921403400909586,143,81
Upholstery Material_Other,-0.041499195098596724,0.041499195098596724,142,82
Fuel_Hybrid,0.041029425573862646,0.041029425573862646,52,83
Electrical side mirrors,-0.040665776966656235,0.040665776966656235,141,84
Cruise control,0.03903290500097467,0.03903290500097467,53,85
Passenger-side airbag,-0.038912167457825136,0.038912167457825136,140,86
Body Color_Grey,0.03567036466997243,0.03567036466997243,54,87
Leather seats,0.034964089557029975,0.034964089557029975,55,88
Air conditioning,-0.034903014568219384,0.034903014568219384,139,89
Power windows,-0.03467420257761402,0.03467420257761402,138,90
Traction control,-0.03403474115463905,0.03403474115463905,137,91
Rain sensor,0.03329665493437008,0.03329665493437008,56,92
Emission Class_Euro 6,-0.03318769150868422,0.03318769150868422,136,93
Fog lights,-0.032620915058359026,0.032620915058359026,135,94
Fuel_Liquid petroleum gas,0.031116350486159863,0.031116350486159863,57,95
Emergency system,-0.030288693063402598,0.030288693063402598,134,96
Tire pressure monitoring system,-0.03021468837510815,0.03021468837510815,133,97
# of Doors,0.029782922739324046,0.029782922739324046,58,98
USB,-0.029217946155452236,0.029217946155452236,132,99
Body Color_Red,-0.028833447772619158,0.028833447772619158,131,100
Television,0.028622864983568617,0.028622864983568617,59,101
Catalytic Converter,-0.028475604863996605,0.028475604863996605,130,102
Split rear seats,0.02826744620566706,0.02826744620566706,60,103
Upholstery Material_Part leather,0.027841696733545182,0.027841696733545182,61,104
Emission Class_Euro 6d-TEMP,0.027620786583199438,0.027620786583199438,62,105
LED Daytime Running Lights,0.027477722854919007,0.027477722854919007,63,106
Wind deflector,0.02727753836837517,0.02727753836837517,64,107
Body Type_Off-Road,0.027151610902240896,0.027151610902240896,65,108
Touch screen,0.027020734816027615,0.027020734816027615,66,109
Upholstery Material_alcantara,0.02668236003337257,0.02668236003337257,67,110
Driver-side airbag,-0.02639896000729149,0.02639896000729149,129,111
Country version_European Union,-0.026246351592110282,0.026246351592110282,128,112
Body Type_Station wagon,0.026020740642306802,0.026020740642306802,68,113
Sport seats,-0.024438736389962416,0.024438736389962416,127,114
Parking assist system sensors rear,-0.023653129081006096,0.023653129081006096,126,115
Start-stop system,-0.023429666174466304,0.023429666174466304,125,116
Body Color_Other,0.0226148629937097,0.0226148629937097,69,117
Body Type_Other,-0.02117270061126174,0.02117270061126174,124,118
Country version_Hungary,-0.019800871949191206,0.019800871949191206,123,119
Body Type_Transporter,0.019565663263435385,0.019565663263435385,70,120
Trailer hitch,0.018710736066946967,0.018710736066946967,71,121
Country version_Italy,0.017654114568796536,0.017654114568796536,72,122
Ski bag,-0.017065593064191316,0.017065593064191316,122,123
Country version_Czech Republic,-0.01688768677606471,0.01688768677606471,121,124
Lumbar support,0.01672323096424118,0.01672323096424118,73,125
Emission Label_3 (Yellow),0.016461344597107512,0.016461344597107512,74,126
Emission Class_Euro 6d,0.016449612970515035,0.016449612970515035,75,127
Hill Holder,-0.015453511250125049,0.015453511250125049,120,128
Handicapped enabled,0.015219846909088152,0.015219846909088152,76,129
Alloy wheels,0.014475007743271423,0.014475007743271423,77,130
Country version_Belgium,0.013760813002325433,0.013760813002325433,78,131
Emission Label_4 (Green),0.013023053184366595,0.013023053184366595,79,132
Park Distance Control,-0.012013133001663866,0.012013133001663866,119,133
Right hand drive,0.011792735734873775,0.011792735734873775,80,134
Emission Class_Euro 5,0.011698704549062876,0.011698704549062876,81,135
Type_Pre-registered,-0.011017401343056399,0.011017401343056399,118,136
Upholstery Color_Other,0.010750539596189166,0.010750539596189166,82,137
Emission Label_5 (Blue),-0.010105200950899064,0.010105200950899064,117,138
Country version_Denmark,-0.009558933205683674,0.009558933205683674,116,139
Roof rack,0.009378345132818615,0.009378345132818615,83,140
Central door lock with remote control,0.009324170935735999,0.009324170935735999,84,141
Sliding door,0.009286993326715785,0.009286993326715785,85,142
Paint Type_Uni/basic,-0.009008262394795963,0.009008262394795963,115,143
Upholstery Color_Grey,-0.008779487213027208,0.008779487213027208,114,144
Head airbag,0.008261028677152208,0.008261028677152208,86,145
Country version_Poland,-0.00808269972366415,0.00808269972366415,113,146
Sport suspension,0.007995032604117864,0.007995032604117864,87,147
Country version_Spain,0.007880528943928648,0.007880528943928648,88,148
Body Color_Blue,-0.007834155898960438,0.007834155898960438,112,149
Auxiliary heating,0.007753478244122391,0.007753478244122391,89,150
Armrest,0.007323772461518847,0.007323772461518847,90,151
Leather steering wheel,-0.007319126183169891,0.007319126183169891,111,152
Windshield,0.006989220970255122,0.006989220970255122,91,153
Warranty (months),-0.0069525956704226295,0.0069525956704226295,110,154
Country version_Other,-0.006941400653277829,0.006941400653277829,109,155
Drive chain_rear,0.006619135606179168,0.006619135606179168,92,156
Body Color_White,0.005867696160821341,0.005867696160821341,93,157
Paint Type_Perl effect,0.005835077127285921,0.005835077127285921,94,158
Voice Control,-0.0058244245677434615,0.0058244245677434615,108,159
Light sensor,-0.005244643934474633,0.005244643934474633,107,160
Upholstery Material_Velour,0.004119485629961013,0.004119485629961013,95,161
KM,0.004118770012335554,0.004118770012335554,96,162
Emission Class_Euro 6c,-0.003952670113021246,0.003952670113021246,106,163
Electric Starter,-0.0035939754791326248,0.0035939754791326248,105,164
Country version_France,0.003040211221085522,0.003040211221085522,97,165
Heated steering wheel,-0.003009929643818946,0.003009929643818946,104,166
Body Type_Coupe,-0.0023588851722924683,0.0023588851722924683,103,167
make_model_Renault Clio,0.002326545840228306,0.002326545840228306,98,168
Seat heating,-0.0014052262076271079,0.0014052262076271079,102,169
Winter tyres,-0.0009344548876916222,0.0009344548876916222,101,170
Emission Label_2 (Red),-0.0009095719465608362,0.0009095719465608362,100,171
Fuel_Natural gas,0.00022709382810521804,0.00022709382810521804,99,172
