O*NET-SOC Code,Title,Task ID,Task,_key,structured_codifiable_work,cognitive_complexity,physical_embodiment,social_emotional_intelligence,creativity_innovation,decision_impact_accountability,automation_potential,overall_score,rationale,scored_at
11-1011.00,Chief Executives,8823,"Direct or coordinate an organization's financial or budget activities to fund operations, maximize investments, or increase efficiency.","11-1011.00||8823||Direct or coordinate an organization's financial or budget activities to fund operations, maximize investments, or increase efficiency.",3.2,4.4,1.1,4.2,3.4,4.8,Medium,3.2,"Financial/budget coordination includes many structured elements (forecasting, variance analysis, reporting, capital allocation frameworks) that are amenable to AI-driven analytics and automation. However, at the chief executive level the work requires high contextual judgment about strategy, risk appetite, market conditions, and organizational constraints, raising cognitive complexity. The task is largely digital with minimal physical requirements, but it depends heavily on influencing and aligning CFOs, boards, and senior leaders, making social and political skill important. Creativity is moderate because leaders may need to design novel funding approaches or efficiency initiatives, though within financial and regulatory constraints. Accountability and stakes are very high (liquidity, solvency, investor confidence, compliance), so humans typically retain final decision authority even if AI provides recommendations and scenario modeling.",2026-02-24T06:08:57.693253
11-1011.00,Chief Executives,8824,"Confer with board members, organization officials, or staff members to discuss issues, coordinate activities, or resolve problems.","11-1011.00||8824||Confer with board members, organization officials, or staff members to discuss issues, coordinate activities, or resolve problems.",2.5,4.5,1.0,4.8,3.5,5.0,Medium,2.8,"This task is largely unstructured and context-dependent, with agendas and outcomes varying by organization, politics, and timing, limiting full codification. It requires high-level reasoning about strategy, tradeoffs, and ambiguous problems, plus strong social-emotional skills to build trust, negotiate, persuade, and manage conflict. The work is mostly digital/meeting-based, so physical embodiment is minimal, but the stakes are high because discussions can drive major organizational decisions and accountability. AI can automate/augment preparation (briefings, agenda drafting, issue tracking), real-time support (note-taking, action items, risk prompts), and follow-up coordination. Human executives remain critical for relationship management, sensitive judgment, and final accountability in resolving contentious issues.",2026-02-24T06:09:03.207685
11-1011.00,Chief Executives,8827,"Prepare budgets for approval, including those for funding or implementation of programs.","11-1011.00||8827||Prepare budgets for approval, including those for funding or implementation of programs.",3.5,4.0,1.0,4.0,2.5,5.0,Medium,3.0,"Budget preparation is partly structured (templates, forecasting models, variance analysis) and can be heavily augmented by AI for data consolidation, scenario modeling, and drafting budget narratives. However, at the chief executive level it requires high contextual judgment about strategy, risk tolerance, and tradeoffs across stakeholders, which raises cognitive complexity. Securing approval often depends on persuasion, negotiation, and trust with boards, investors, and senior leaders, making social/emotional intelligence important. The work is high-stakes and accountable (capital allocation, compliance, reputational impact), limiting full automation even if analytics and documentation can be automated. Overall, AI can automate substantial analytical and drafting components, while final prioritization and approval-facing decisions remain human-critical.",2026-02-24T06:09:08.952047
11-1011.00,Chief Executives,8826,"Direct, plan, or implement policies, objectives, or activities of organizations or businesses to ensure continuing operations, to maximize returns on investments, or to increase productivity.","11-1011.00||8826||Direct, plan, or implement policies, objectives, or activities of organizations or businesses to ensure continuing operations, to maximize returns on investments, or to increase productivity.",2.3,4.7,1.2,4.6,3.8,5.0,Medium,2.6,"Executive direction and policy implementation include some structured elements (planning cycles, KPIs, budgeting, compliance), but much of the work is context-dependent and not fully codifiable. The role demands high-level reasoning under uncertainty, integrating market, operational, financial, and organizational signals into coherent strategy. Social influence is central: aligning stakeholders, negotiating, motivating leaders, and maintaining trust with boards, investors, regulators, and employees. Many analytical and drafting components (scenario modeling, performance dashboards, policy drafts, communications) are highly augmentable by AI, but final judgment, accountability, and relationship-driven leadership remain human-critical due to high stakes and reputational/legal consequences.",2026-02-24T06:09:13.318577
11-1011.00,Chief Executives,8834,"Prepare or present reports concerning activities, expenses, budgets, government statutes or rulings, or other items affecting businesses or program services.","11-1011.00||8834||Prepare or present reports concerning activities, expenses, budgets, government statutes or rulings, or other items affecting businesses or program services.",3.8,3.6,1.1,3.2,2.4,4.4,High,3.9,"Preparing and presenting executive reports is largely information-processing work that can be standardized (templates, KPIs, budget formats) and is therefore highly augmentable by AI for drafting, summarization, variance analysis, and visualization. The task still requires contextual judgment to select what is material, interpret statutes/rulings correctly, and tailor messaging to the audience (board, regulators, investors), which raises cognitive and social demands. Physical embodiment is minimal because the work is primarily digital, though live presentations may occur. Stakes are high: errors or misstatements can create legal, financial, and reputational risk, so human review, accountability, and final sign-off remain critical even if much of the drafting and analysis is automated.",2026-02-24T06:09:18.218600
11-1011.00,Chief Executives,8836,Implement corrective action plans to solve organizational or departmental problems.,11-1011.00||8836||Implement corrective action plans to solve organizational or departmental problems.,3.2,4.4,1.1,4.3,3.4,4.8,Medium,3.2,"Implementing corrective action plans involves some structured elements (root-cause analysis templates, KPI tracking, project plans) that AI can help draft, monitor, and optimize. However, selecting the right interventions requires high contextual judgment about strategy, culture, incentives, and second-order effects across the organization. Execution typically depends on leadership, persuasion, negotiation, and trust-building with executives, managers, boards, and employees, which are difficult to automate. The stakes are often high (financial, legal, reputational), increasing the need for accountable human decision-making. AI is best used for diagnostics, scenario modeling, risk flagging, and progress reporting, while humans remain critical for final decisions and change management.",2026-02-24T06:09:23.735314
11-1011.00,Chief Executives,8825,"Analyze operations to evaluate performance of a company or its staff in meeting objectives or to determine areas of potential cost reduction, program improvement, or policy change.","11-1011.00||8825||Analyze operations to evaluate performance of a company or its staff in meeting objectives or to determine areas of potential cost reduction, program improvement, or policy change.",3.6,4.4,1.1,4.0,3.2,4.8,Medium,3.4,"Operational analysis can be partially standardized through KPIs, dashboards, benchmarking, and variance analysis, making significant portions amenable to AI-driven analytics and reporting. However, interpreting results in context (market dynamics, organizational constraints, strategic tradeoffs) requires high-level judgment and domain expertise. The task often feeds into high-stakes decisions (cost cuts, policy changes, restructuring), increasing accountability and the need for careful human oversight. While the work is largely digital, it typically involves influencing stakeholders and navigating organizational politics, which limits full automation. AI can automate data aggregation, anomaly detection, scenario modeling, and draft recommendations, but executives remain critical for prioritization, risk acceptance, and final decisions.",2026-02-24T06:09:29.515274
11-1011.00,Chief Executives,8828,"Direct or coordinate activities of businesses or departments concerned with production, pricing, sales, or distribution of products.","11-1011.00||8828||Direct or coordinate activities of businesses or departments concerned with production, pricing, sales, or distribution of products.",2.6,4.6,1.2,4.4,3.6,5.0,Medium,2.8,"Coordinating production, pricing, sales, and distribution involves some structured elements (KPIs, forecasts, operating rhythms) that AI can support through analytics, planning, and monitoring. However, the work typically requires high-level strategic judgment across competing objectives, uncertain markets, and organizational constraints, raising cognitive complexity. Success depends heavily on influencing leaders, negotiating tradeoffs, and maintaining trust with stakeholders, making social/emotional intelligence central. Decisions are high-stakes (financial, legal, reputational) and accountability remains with the executive, limiting full automation. AI is most useful for decision support (scenario modeling, demand/pricing optimization suggestions, performance dashboards), while final prioritization, risk acceptance, and leadership remain human-critical.",2026-02-24T06:09:34.894431
11-1011.00,Chief Executives,8832,"Direct human resources activities, including the approval of human resource plans or activities, the selection of directors or other high-level staff, or establishment or organization of major departments.","11-1011.00||8832||Direct human resources activities, including the approval of human resource plans or activities, the selection of directors or other high-level staff, or establishment or organization of major departments.",2.6,4.4,1.1,4.6,3.2,4.9,Medium,2.8,"Directing HR at the chief executive level involves some structured elements (workforce planning, org charts, approval workflows) that can be supported by analytics and automated reporting, but much of the work is context-dependent and politically nuanced. Selecting directors and high-level staff requires deep judgment under uncertainty, assessment of leadership fit, and managing stakeholder expectations, which raises cognitive and social/emotional demands. The task is largely digital with minimal physical embodiment, making tooling feasible, yet the decisions are high-stakes with significant legal, reputational, and organizational consequences. AI can automate/augment candidate sourcing, compensation benchmarking, scenario modeling, and policy compliance checks, but final approvals, trust-building, and accountability for executive hires and major reorganizations remain human-critical.",2026-02-24T06:09:40.686019
11-1011.00,Chief Executives,8831,Appoint department heads or managers and assign or delegate responsibilities to them.,11-1011.00||8831||Appoint department heads or managers and assign or delegate responsibilities to them.,2.6,4.4,1.1,4.6,3.0,4.8,Medium,2.8,"Appointing department heads involves some structured elements (role requirements, performance metrics, org charts), but the final choice is often context-dependent and not fully codifiable. It requires high-level judgment about leadership fit, strategic alignment, and future organizational needs, raising cognitive complexity. The task is largely digital/meeting-based with minimal physical embodiment, but it relies heavily on social intelligence for assessing trustworthiness, influence, and cultural fit, often through nuanced interactions and references. Stakes are high because leadership appointments can materially affect performance, compliance, and reputation, making accountability significant. AI can automate/augment candidate sourcing, competency mapping, interview question generation, and risk/fit analytics, but final selection and delegation decisions typically remain human-critical.",2026-02-24T06:09:46.620949
11-1011.00,Chief Executives,8843,"Interpret and explain policies, rules, regulations, or laws to organizations, government or corporate officials, or individuals.","11-1011.00||8843||Interpret and explain policies, rules, regulations, or laws to organizations, government or corporate officials, or individuals.",3.2,4.4,1.1,4.2,2.6,4.6,Medium,3.2,"Interpreting and explaining policies/laws has some codifiable components (retrieval, summarization, mapping clauses to scenarios) that AI can automate or strongly augment, especially for standard questions and well-documented regulations. However, chief executives often must apply rules to ambiguous, high-context business situations, balancing legal, strategic, and reputational considerations, which raises cognitive complexity and limits full automation. The task typically involves persuasion, stakeholder management, and trust-building with officials and employees, making social/emotional intelligence important and harder to automate end-to-end. Physical embodiment is minimal because the work is largely digital/communicative. Because explanations can drive high-stakes compliance and governance decisions with significant accountability, human oversight remains critical even when AI drafts interpretations or talking points.",2026-02-24T06:09:52.364571
11-1011.00,Chief Executives,8830,Review reports submitted by staff members to recommend approval or to suggest changes.,11-1011.00||8830||Review reports submitted by staff members to recommend approval or to suggest changes.,3.2,4.2,1.0,3.6,2.4,4.6,Medium,3.3,"Reviewing staff reports has some standardized elements (checking completeness, consistency with KPIs, budget limits, and policy compliance) that AI can automate or strongly augment. However, chief executive review often requires high-context judgment about strategy, risk appetite, organizational politics, and tradeoffs across functions, raising cognitive complexity. The task is fully digital with minimal physical requirements, but it can involve stakeholder management and signaling (how feedback is framed, when to escalate, and aligning leaders), requiring social/emotional intelligence. Because approvals and requested changes can materially affect company direction, finances, and compliance exposure, accountability and stakes are high, limiting full automation. AI is best suited for summarization, anomaly detection, cross-checking against targets/policies, and drafting recommended edits, while final approval and nuanced change requests remain human-critical.",2026-02-24T06:09:58.089646
11-1011.00,Chief Executives,8829,"Negotiate or approve contracts or agreements with suppliers, distributors, federal or state agencies, or other organizational entities.","11-1011.00||8829||Negotiate or approve contracts or agreements with suppliers, distributors, federal or state agencies, or other organizational entities.",3.2,4.4,1.2,4.6,3.4,4.8,Medium,3.1,"Contract negotiation/approval has some structured components (templates, compliance checks, pricing models, risk scoring) that AI can automate or strongly augment. However, executive-level negotiations require high contextual judgment about strategy, counterpart incentives, reputational considerations, and long-term partnerships, raising cognitive complexity. The work is largely digital with minimal physical requirements, but it depends heavily on persuasion, trust-building, and reading stakeholder dynamics. Stakes are typically high (financial, legal, regulatory, and political), so accountability and final approval are likely to remain human-led even if AI drafts terms, flags risks, and proposes concessions.",2026-02-24T06:10:02.598384
11-1011.00,Chief Executives,8835,Establish departmental responsibilities and coordinate functions among departments and sites.,11-1011.00||8835||Establish departmental responsibilities and coordinate functions among departments and sites.,3.2,4.4,1.1,4.3,3.4,4.8,Medium,3.1,"Defining departmental responsibilities and coordinating functions can be partially standardized via org design frameworks, RACI matrices, workflow mapping, and performance metrics, making some components codifiable. However, it requires high contextual judgment about strategy, culture, incentives, and tradeoffs across departments and sites, raising cognitive complexity. The task is largely digital/meeting-based with minimal physical embodiment, but it depends heavily on negotiation, alignment-building, and managing stakeholder emotions and power dynamics. AI can automate analysis (org charts, process bottlenecks, scenario modeling, drafting role definitions) and support coordination (scheduling, communication summaries), while humans remain critical for final decisions, accountability, and securing buy-in given high organizational stakes.",2026-02-24T06:10:06.081398
11-1011.00,Chief Executives,8839,"Deliver speeches, write articles, or present information at meetings or conventions to promote services, exchange ideas, or accomplish objectives.","11-1011.00||8839||Deliver speeches, write articles, or present information at meetings or conventions to promote services, exchange ideas, or accomplish objectives.",3.2,4.0,1.3,4.4,3.4,4.2,Medium,3.3,"Drafting speeches/articles and preparing slide decks are fairly structured and highly augmentable with generative AI (outlines, messaging variants, editing, translation, and audience tailoring). However, effective executive communication requires nuanced judgment about organizational context, stakeholder sensitivities, timing, and strategic intent, raising cognitive complexity. Live delivery and Q&A depend heavily on credibility, trust-building, persuasion, and reading the room, which are difficult to automate fully even if teleprompters, coaching, and rehearsal tools help. The stakes are often high (reputation, market impact, legal/regulatory exposure), so humans remain accountable for final messaging and commitments. Overall, AI can automate substantial preparation and optimization, while humans remain critical for final approval, relationship management, and high-stakes public representation.",2026-02-24T06:10:11.683010
11-1011.00,Chief Executives,8840,"Serve as liaisons between organizations, shareholders, and outside organizations.","11-1011.00||8840||Serve as liaisons between organizations, shareholders, and outside organizations.",2.5,4.0,1.0,4.5,3.0,5.0,Low,2.5,"Serving as a liaison is only partially codifiable: some communications, reporting, scheduling, and information packaging can be standardized, but relationship management is highly context-dependent. The task requires substantial judgment to interpret stakeholder interests, manage conflicts, and align messaging with strategy and governance constraints. It is largely digital/meeting-based with minimal physical embodiment, making tooling and AI assistants useful for drafting, summarizing, and monitoring stakeholder sentiment. However, high social/emotional nuance, trust-building, and negotiation are central, and missteps can damage reputation and capital access. Because the role carries high-stakes accountability to boards, shareholders, regulators, and partners, humans remain critical for final positioning, commitments, and sensitive interactions.",2026-02-24T06:10:16.732785
11-1011.00,Chief Executives,8837,"Coordinate the development or implementation of budgetary control systems, recordkeeping systems, or other administrative control processes.","11-1011.00||8837||Coordinate the development or implementation of budgetary control systems, recordkeeping systems, or other administrative control processes.",3.6,4.0,1.1,3.7,2.6,4.6,Medium,3.4,"Coordinating development/implementation of budgetary and administrative control systems involves many standardized components (requirements gathering, workflow mapping, reporting, compliance checks) that are increasingly codifiable and tool-supported. AI can automate large portions of documentation, data validation, anomaly detection, dashboarding, and drafting policies/procedures, and can assist with project planning and change-impact analysis. However, the work also requires executive judgment to balance competing organizational priorities, manage risk, and make tradeoffs under uncertainty, which raises cognitive complexity and limits full automation. Significant stakeholder alignment, negotiation, and change management are typically needed to secure buy-in across finance, operations, IT, and auditors. Because errors can have major financial, regulatory, and governance consequences, accountability remains strongly human-led even when AI augments execution.",2026-02-24T06:10:20.835735
11-1011.00,Chief Executives,8833,"Preside over, or serve on, boards of directors, management committees, or other governing boards.","11-1011.00||8833||Preside over, or serve on, boards of directors, management committees, or other governing boards.",2.2,4.4,1.2,4.6,3.2,4.9,Low,2.4,"Serving on or presiding over governing boards is only partially structured: agendas, bylaws, and governance processes are codified, but discussions and outcomes are highly context-dependent. The task requires advanced judgment about strategy, risk, ethics, and tradeoffs under uncertainty, often integrating incomplete information. It is largely digital/meeting-based with minimal physical requirements, but it depends heavily on persuasion, coalition-building, trust, and reading stakeholder dynamics. AI can automate preparation (briefing books, minutes, compliance checks, scenario analysis) and augment decision support, but final deliberation, legitimacy, and accountability for high-stakes decisions remain human-critical.",2026-02-24T06:10:24.207416
11-1011.00,Chief Executives,8849,Attend and participate in meetings of municipal councils or council committees.,11-1011.00||8849||Attend and participate in meetings of municipal councils or council committees.,2.5,4.0,2.0,4.5,2.5,4.5,Medium,2.5,"Attending and participating in municipal council meetings is only partially structured: agendas and procedures are standardized, but discussion content and outcomes are variable. The task requires significant contextual judgment about policy, stakeholders, and political constraints, plus real-time reasoning and response. Social and emotional intelligence is central due to negotiation, persuasion, coalition-building, and maintaining trust and legitimacy in a public forum. While the activity is mostly non-physical, it often benefits from in-person presence and relationship signaling, though remote participation is possible. AI can automate/augment preparation (briefings, agenda analysis), note-taking, summarization, and drafting talking points, but human leaders remain critical for accountable decision-making, public representation, and managing political dynamics.",2026-02-24T06:10:29.117541
11-1011.00,Chief Executives,8850,Organize or approve promotional campaigns.,11-1011.00||8850||Organize or approve promotional campaigns.,3.2,4.0,1.1,4.2,3.6,4.6,Medium,3.2,"Organizing or approving promotional campaigns includes some structured elements (budgets, timelines, KPIs, compliance checks) that can be standardized and supported by analytics and workflow tools. However, executive-level approval typically requires high contextual judgment about brand positioning, competitive dynamics, and strategic fit, raising cognitive complexity. The task is largely digital with minimal physical requirements, but it often involves persuasion, alignment-building, and stakeholder management across marketing, legal, and finance, making social/emotional skills important. Generative AI can automate or strongly augment campaign ideation, copy variants, audience targeting suggestions, and performance forecasting, while humans remain critical for final trade-offs, risk tolerance, and accountability given reputational and financial stakes.",2026-02-24T06:10:32.905501
11-1011.00,Chief Executives,8842,Nominate citizens to boards or commissions.,11-1011.00||8842||Nominate citizens to boards or commissions.,2.6,3.8,1.0,4.4,2.4,4.6,Medium,2.9,"Nominating citizens to boards/commissions is partly structured (eligibility rules, vetting steps, conflict-of-interest checks), but the final choice is often context-dependent and political. It requires significant social judgment about reputation, stakeholder acceptance, and coalition dynamics, making social/emotional intelligence a major factor. The work is largely digital/administrative with minimal physical requirements. AI can strongly automate candidate sourcing, background research, compliance screening, and comparative shortlists, but human leaders typically retain accountability for legitimacy, optics, and high-stakes consequences of appointments.",2026-02-24T06:10:36.801587
11-1011.00,Chief Executives,8851,"Conduct or direct investigations or hearings to resolve complaints or violations of laws, or testify at such hearings.","11-1011.00||8851||Conduct or direct investigations or hearings to resolve complaints or violations of laws, or testify at such hearings.",2.6,4.2,1.4,4.1,2.4,4.8,Medium,2.8,"Investigations and hearings involve some structured elements (evidence collection, documentation, compliance checklists), but the work is often case-specific and shaped by legal context, organizational politics, and incomplete information. AI can automate/augment document review, timeline reconstruction, policy/law cross-referencing, and drafting summaries or testimony prep materials. However, directing investigations and testifying require high-stakes judgment, credibility, and nuanced communication under scrutiny, with significant accountability for outcomes. Social dynamics (persuasion, negotiation, managing complainants and stakeholders) and reputational risk make full automation unlikely. Overall, AI is best suited as an assistive tool rather than a replacement for executive leadership in hearings.",2026-02-24T06:10:42.531603
11-1011.00,Chief Executives,8847,Direct or coordinate activities of businesses involved with buying or selling investment products or financial services.,11-1011.00||8847||Direct or coordinate activities of businesses involved with buying or selling investment products or financial services.,2.8,4.6,1.1,4.4,3.6,4.9,Medium,3.0,"Coordinating and directing investment/financial-services business activities involves some codifiable elements (reporting, KPI monitoring, compliance workflows) that AI can automate or strongly augment, but much of the work is context-dependent and varies by market conditions and firm strategy. The role requires high-level reasoning about risk, capital allocation, competitive dynamics, and regulatory constraints, which AI can support with analysis but not fully own. Social influence is central: aligning executives, negotiating with counterparties, managing boards/investors, and maintaining trust during volatility are difficult to automate. Physical embodiment is minimal because the work is largely digital and meeting-based. Because decisions are high-stakes and heavily accountable (fiduciary duties, regulatory exposure, reputational risk), humans remain responsible even if AI handles substantial analytics and operational coordination.",2026-02-24T06:10:46.732898
11-1011.00,Chief Executives,8853,"Prepare bylaws approved by elected officials, and ensure that bylaws are enforced.","11-1011.00||8853||Prepare bylaws approved by elected officials, and ensure that bylaws are enforced.",3.2,4.2,1.0,4.1,3.0,4.8,Medium,3.1,"Drafting bylaws can be partially standardized (templates, statutory checklists, consistency checks), making portions of the work amenable to AI assistance. However, aligning bylaws with political priorities, legal constraints, and organizational realities requires high contextual judgment and domain expertise. Securing approval from elected officials and managing enforcement typically involves negotiation, coalition-building, and trust, which are harder to automate. Enforcement also carries significant accountability and legal/political risk, limiting full automation even if monitoring and compliance reporting can be automated.",2026-02-24T06:10:50.109136
11-1011.00,Chief Executives,8844,"Make presentations to legislative or other government committees regarding policies, programs, or budgets.","11-1011.00||8844||Make presentations to legislative or other government committees regarding policies, programs, or budgets.",3.2,4.2,1.2,4.6,3.0,4.8,Medium,3.0,"Preparing the content for government-committee presentations (drafting narratives, summarizing budgets, creating slides, anticipating questions) is fairly codifiable and can be strongly augmented by AI. However, the task requires high contextual judgment about policy implications, stakeholder priorities, and political/regulatory constraints, raising cognitive complexity. Live delivery depends heavily on persuasion, credibility, and reading the room under scrutiny, making social/emotional intelligence a major human-critical component. The stakes are typically high (public accountability, compliance, reputational and financial consequences), limiting full automation even if preparation is automated. Overall, AI can automate/accelerate research, drafting, and rehearsal, but human executives remain central for testimony, negotiation, and accountable commitments.",2026-02-24T06:10:54.316004
11-1011.00,Chief Executives,20461,"Review and analyze legislation, laws, or public policy and recommend changes to promote or support interests of the general population or special groups.","11-1011.00||20461||Review and analyze legislation, laws, or public policy and recommend changes to promote or support interests of the general population or special groups.",3.2,4.6,1.1,4.4,3.6,4.8,Medium,3.2,"Portions of reviewing and summarizing legislation and policy are highly amenable to AI (e.g., retrieval, comparison across jurisdictions, impact modeling, drafting briefs and proposed amendments), making the work moderately structured and codifiable. However, recommending changes requires advanced contextual judgment about political feasibility, second-order effects, stakeholder tradeoffs, and alignment with organizational strategy, driving high cognitive complexity. The task is largely digital with minimal physical requirements, but it depends heavily on persuasion, coalition-building, and trust with stakeholders and policymakers, which are harder to automate. Creativity is moderate because solutions often involve novel compromises and framing rather than purely original invention. Stakes are high—errors can create legal, reputational, and societal harm—so human accountability and final decision-making remain critical even with strong AI augmentation.",2026-02-24T06:10:58.381187
11-1011.00,Chief Executives,8838,"Direct non-merchandising departments, such as advertising, purchasing, credit, or accounting.","11-1011.00||8838||Direct non-merchandising departments, such as advertising, purchasing, credit, or accounting.",3.2,4.3,1.1,4.4,3.4,4.8,Medium,3.0,"Directing non-merchandising departments involves a mix of standardized management processes (budgeting, reporting, KPI tracking) and high-context leadership decisions. Many components—performance dashboards, forecasting, policy drafting, procurement analytics, and routine approvals—are amenable to AI augmentation and partial automation. However, aligning cross-functional priorities, resolving conflicts, negotiating with stakeholders, and setting strategic direction require strong social judgment and organizational context that AI cannot reliably replicate. The work is largely digital (low physical embodiment) but carries high accountability and enterprise risk, which limits full automation and keeps humans in the loop for final decisions.",2026-02-24T06:11:02.158056
11-1011.00,Chief Executives,8845,Refer major policy matters to elected representatives for final decisions.,11-1011.00||8845||Refer major policy matters to elected representatives for final decisions.,2.6,4.2,1.1,4.0,2.4,4.8,Medium,2.8,"This task involves identifying which issues qualify as “major policy matters” and routing them to the appropriate elected officials, which can be partially standardized but often depends on context, timing, and political/legal nuance. AI can assist by monitoring documents and communications, flagging policy-relevant items, summarizing implications, and preparing briefing materials, making the workflow more efficient. However, determining escalation thresholds, anticipating stakeholder reactions, and managing relationships with elected representatives requires high contextual judgment and social/political intelligence. The stakes are high because misrouting or mishandling policy matters can create legal, reputational, and governance consequences, keeping humans accountable for final escalation decisions.",2026-02-24T06:11:05.697054
11-1011.00,Chief Executives,8848,Direct or conduct studies or research on issues affecting areas of responsibility.,11-1011.00||8848||Direct or conduct studies or research on issues affecting areas of responsibility.,2.6,4.4,1.1,3.6,3.4,4.7,Medium,3.1,"Conducting or directing studies on executive issues involves framing ambiguous questions, selecting methods, interpreting uncertain evidence, and integrating findings into strategy, which raises cognitive complexity and reduces full codifiability. Many components are digitally mediated (data gathering, literature review, drafting reports, scenario modeling) and are highly augmentable by AI, especially for synthesis and analytics. However, deciding what to study, aligning research with organizational politics and stakeholder priorities, and judging tradeoffs under uncertainty require strong contextual and social judgment. The work often informs high-stakes decisions with significant accountability, limiting autonomous automation and favoring human-in-the-loop use. Overall, AI can automate substantial research execution and summarization, while executives remain critical for problem selection, interpretation, and decision ownership.",2026-02-24T06:11:11.920610
11-1011.00,Chief Executives,8846,"Administer programs for selection of sites, construction of buildings, or provision of equipment or supplies.","11-1011.00||8846||Administer programs for selection of sites, construction of buildings, or provision of equipment or supplies.",3.2,4.2,1.3,4.0,2.6,4.7,Medium,3.2,"Administering site selection, construction, and procurement programs involves a mix of standardized processes (RFPs, budgeting, timelines, compliance) and context-heavy judgment about strategy, risk, and tradeoffs. Many components are highly augmentable by AI—e.g., vendor screening, cost estimation, schedule/risk analytics, document drafting, and compliance checks—raising codifiability and automation feasibility. However, executive-level work typically requires complex reasoning across financial, operational, legal, and reputational constraints, plus negotiation and stakeholder alignment with boards, regulators, communities, and major suppliers. The decisions are high-stakes and accountable (capital allocation, safety, regulatory exposure), which limits full automation and keeps humans in the approval/oversight loop. Physical presence is generally not required beyond occasional site visits, so embodiment is low.",2026-02-24T06:11:17.183151
11-1011.00,Chief Executives,8852,"Represent organizations or promote their objectives at official functions, or delegate representatives to do so.","11-1011.00||8852||Represent organizations or promote their objectives at official functions, or delegate representatives to do so.",2.2,3.6,1.3,4.6,2.8,4.7,Low,2.4,"Representing an organization at official functions is only partially codifiable (protocols, talking points, scheduling), but success depends heavily on context, relationships, and real-time judgment. The task is primarily social: credibility, persuasion, reading the room, and managing sensitive stakeholder dynamics are central and difficult to automate. Physical embodiment is low-to-moderate in the sense that presence at events matters, though some representation can be done virtually. AI can automate preparation (briefing books, speech drafts, stakeholder intel, message testing) and help select/delegate appropriate representatives, but the high-stakes reputational and political accountability keeps human leadership critical.",2026-02-24T06:11:22.012636
11-1011.03,Chief Sustainability Officers,15382,Monitor and evaluate effectiveness of sustainability programs.,11-1011.03||15382||Monitor and evaluate effectiveness of sustainability programs.,3.8,3.6,1.2,3.0,2.6,4.2,High,3.7,"Monitoring and evaluating sustainability programs is largely data-driven and can be standardized through KPIs, dashboards, audits, and reporting cycles, making substantial portions codifiable and automatable. AI can automate data ingestion, anomaly detection, trend analysis, benchmarking, and draft performance reports, especially where metrics are well-defined. Human judgment remains important for interpreting ambiguous results, handling data quality gaps, weighing tradeoffs across business units, and aligning evaluation criteria with evolving regulations and stakeholder expectations. The work is mostly digital with limited physical embodiment, but it often requires cross-functional influence and stakeholder communication to validate findings and drive corrective actions. Because evaluations can affect compliance, reputation, and capital allocation, accountability and stakes are relatively high, favoring human oversight even when analytics are automated.",2026-02-24T06:11:27.693035
11-1011.03,Chief Sustainability Officers,15384,"Develop or execute strategies to address issues such as energy use, resource conservation, recycling, pollution reduction, waste elimination, transportation, education, and building design.","11-1011.03||15384||Develop or execute strategies to address issues such as energy use, resource conservation, recycling, pollution reduction, waste elimination, transportation, education, and building design.",3.2,4.4,1.2,4.3,3.6,4.6,Medium,3.2,"Developing and executing sustainability strategies involves a mix of analyzable, data-driven work (energy/resource metrics, scenario modeling, reporting) and less-codifiable organizational change leadership. AI can automate/augment benchmarking, emissions accounting support, opportunity identification, drafting plans/policies, and monitoring KPIs across domains like waste, transportation, and building design. However, prioritization across competing business goals, navigating regulatory and reputational risk, and securing stakeholder buy-in require high contextual judgment, negotiation, and trust-building. The work is largely digital with minimal physical embodiment, but decisions are high-stakes and accountable, limiting full automation. Overall, AI is best suited as a decision-support and execution-acceleration tool rather than an autonomous strategist.",2026-02-24T06:11:31.913137
11-1011.03,Chief Sustainability Officers,15379,"Develop, or oversee the development of, sustainability evaluation or monitoring systems.","11-1011.03||15379||Develop, or oversee the development of, sustainability evaluation or monitoring systems.",3.6,4.0,1.2,3.4,3.0,4.3,Medium,3.6,"Developing or overseeing sustainability evaluation/monitoring systems involves substantial structured work (defining KPIs, data pipelines, reporting standards, audit trails) that AI can help design, document, and partially implement. However, it also requires contextual judgment to select appropriate metrics, align with evolving regulations and frameworks, and balance tradeoffs across business units, which raises cognitive complexity. The task is largely digital with minimal physical embodiment, but it often requires cross-functional alignment, persuasion, and trust-building with executives, operations, and external stakeholders. Decision impact is high because outputs influence compliance, disclosures, capital allocation, and reputational risk, so human accountability and governance remain critical even if AI automates data collection, anomaly detection, and dashboarding.",2026-02-24T06:11:35.788853
11-1011.03,Chief Sustainability Officers,15372,Supervise employees or volunteers working on sustainability projects.,11-1011.03||15372||Supervise employees or volunteers working on sustainability projects.,3.2,3.4,1.2,4.3,2.8,3.8,Medium,3.1,"Supervising sustainability project staff involves a mix of routine management processes (status tracking, task assignment, documentation) and nuanced people leadership. Many coordination elements are structured enough for AI augmentation (work planning, progress dashboards, meeting notes, risk/issue tracking), but performance management, motivation, conflict resolution, and coaching rely heavily on social and emotional intelligence. The work is largely digital/office-based with minimal physical embodiment requirements. Decisions can carry meaningful organizational and reputational impact (e.g., project prioritization, compliance-related deliverables), increasing the need for accountable human oversight. Overall, AI can automate administrative supervision and provide decision support, while humans remain critical for leadership judgment and interpersonal management.",2026-02-24T06:11:40.081249
11-1011.03,Chief Sustainability Officers,15378,"Develop sustainability reports, presentations, or proposals for supplier, employee, academia, media, government, public interest, or other groups.","11-1011.03||15378||Develop sustainability reports, presentations, or proposals for supplier, employee, academia, media, government, public interest, or other groups.",3.6,3.8,1.1,3.7,3.2,4.2,Medium,3.7,"Creating sustainability reports and presentations is partly standardized (e.g., ESG frameworks, KPI tables, disclosure checklists), making drafting, formatting, data summarization, and slide generation highly automatable. However, the task also requires contextual judgment about materiality, narrative framing, and tailoring messages to different stakeholder groups, which raises cognitive and social demands. Physical embodiment is minimal because the work is primarily digital. Stakes are often high due to reputational, regulatory, and investor implications, so human review, sign-off, and accountability remain critical. AI can accelerate first drafts, benchmarking, and consistency checks, while humans are needed for strategy alignment, risk-sensitive disclosures, and stakeholder trust management.",2026-02-24T06:11:43.980560
11-1011.03,Chief Sustainability Officers,15380,"Develop, or oversee the development of, marketing or outreach media for sustainability projects or events.","11-1011.03||15380||Develop, or oversee the development of, marketing or outreach media for sustainability projects or events.",3.4,3.2,1.2,3.6,3.8,3.7,Medium,3.5,"Developing or overseeing sustainability marketing/outreach media involves a mix of standardized communications processes (briefs, brand guidelines, channel plans) and context-specific messaging tailored to stakeholders. AI can automate or strongly augment drafting copy, generating visuals, adapting content across formats, A/B testing, SEO, and scheduling/distribution workflows. Human input remains important for strategic narrative choices, reputational risk management (e.g., avoiding greenwashing), alignment with corporate values, and nuanced stakeholder expectations. The work is largely digital with limited physical requirements, but it often requires persuasion and trust-building with internal and external audiences. Because messaging can have material brand, regulatory, and investor implications, accountability and review are significant, keeping full automation constrained.",2026-02-24T06:11:48.484164
11-1011.03,Chief Sustainability Officers,15368,Identify and evaluate pilot projects or programs to enhance the sustainability research agenda.,11-1011.03||15368||Identify and evaluate pilot projects or programs to enhance the sustainability research agenda.,3.2,4.2,1.2,4.0,3.8,4.3,Medium,3.4,"Identifying and evaluating sustainability pilot projects involves a mix of structured analysis (KPIs, ROI, emissions impacts, risk registers) and less-codifiable strategic judgment about organizational fit and long-term research value. AI can strongly augment scanning for opportunities, synthesizing literature and internal data, benchmarking peers, drafting evaluation frameworks, and scoring options against defined criteria. However, selecting pilots typically requires nuanced stakeholder alignment, negotiation across departments, and credibility-building with executives and external partners, which limits full automation. The work is largely digital with minimal physical requirements, but decisions can be high-stakes due to reputational, regulatory, and financial consequences. Human oversight remains critical for prioritization under uncertainty, ethical tradeoffs, and accountability for outcomes.",2026-02-24T06:11:53.631968
11-1011.03,Chief Sustainability Officers,15370,"Create and maintain sustainability program documents, such as schedules and budgets.","11-1011.03||15370||Create and maintain sustainability program documents, such as schedules and budgets.",4.4,3.2,1.0,2.2,2.4,3.6,High,4.0,"Creating and maintaining program documents (schedules, budgets) is largely standardized, template-driven, and measurable, making it highly amenable to automation with spreadsheet/ERP integrations and AI-assisted planning. The work requires some contextual judgment (e.g., aligning timelines and costs to sustainability initiatives and constraints), but much of the drafting, updating, variance tracking, and reporting can be automated. Physical presence is not required. Social/emotional demands are moderate because inputs often come from stakeholders, but the core task is document production rather than negotiation. Human oversight remains important for assumptions, prioritization tradeoffs, and accountability for budget impacts and compliance-related commitments.",2026-02-24T06:11:57.109515
11-1011.03,Chief Sustainability Officers,15375,Formulate or implement sustainability campaign or marketing strategies.,11-1011.03||15375||Formulate or implement sustainability campaign or marketing strategies.,3.2,4.1,1.2,4.0,3.8,4.3,Medium,3.4,"Formulating and implementing sustainability campaigns involves a mix of structured marketing processes (segmentation, channel planning, KPI tracking) and less-codifiable strategic judgment about brand positioning, stakeholder expectations, and organizational constraints. AI can automate or strongly augment research synthesis, audience targeting, message variant generation, content production, A/B testing, and performance analytics. However, aligning strategy with corporate values, navigating internal politics, negotiating with partners, and managing reputational risk (e.g., avoiding greenwashing) require high social judgment and accountability. The work is largely digital with minimal physical requirements. Overall, many execution and analysis components are automatable, while final strategic choices and stakeholder trust-building remain human-critical.",2026-02-24T06:12:01.425380
11-1011.03,Chief Sustainability Officers,15376,"Research environmental sustainability issues, concerns, or stakeholder interests.","11-1011.03||15376||Research environmental sustainability issues, concerns, or stakeholder interests.",3.6,4.1,1.2,3.4,3.0,4.0,Medium,3.6,"Researching sustainability issues is partly structured (literature review, data gathering, benchmarking, materiality inputs) and can be heavily augmented by AI for search, summarization, trend detection, and drafting briefs. However, it often requires high contextual judgment to interpret ambiguous signals, reconcile conflicting evidence, and tailor findings to the organization’s industry, geography, and risk profile. Stakeholder-interest research includes qualitative inputs (interviews, sentiment, political dynamics) where trust, nuance, and organizational context limit full automation. The work is largely digital with minimal physical requirements, but the outputs can influence high-stakes strategy, disclosures, and risk management, increasing the need for human oversight and accountability.",2026-02-24T06:12:05.476801
11-1011.03,Chief Sustainability Officers,15383,Direct sustainability program operations to ensure compliance with environmental or governmental regulations.,11-1011.03||15383||Direct sustainability program operations to ensure compliance with environmental or governmental regulations.,3.6,4.2,1.2,4.0,3.0,4.6,Medium,3.4,"Directing sustainability program operations for regulatory compliance involves many codifiable elements (tracking requirements, audits, reporting, controls) that AI can automate or strongly augment. However, interpreting ambiguous regulations, prioritizing initiatives across business units, and resolving tradeoffs between cost, risk, and operational feasibility require substantial contextual judgment. The work is largely digital with minimal physical embodiment, but it is highly cross-functional and depends on influence, negotiation, and trust-building with executives, legal, operations, and external stakeholders. Stakes are high due to regulatory exposure, reputational risk, and potential liability, so final accountability and sign-off typically remain human-led even if AI handles monitoring, documentation, and early risk detection.",2026-02-24T06:12:09.429670
11-1011.03,Chief Sustainability Officers,15377,"Evaluate and approve proposals for sustainability projects, considering factors such as cost effectiveness, technical feasibility, and integration with other initiatives.","11-1011.03||15377||Evaluate and approve proposals for sustainability projects, considering factors such as cost effectiveness, technical feasibility, and integration with other initiatives.",3.6,4.2,1.1,3.8,2.8,4.6,Medium,3.4,"Evaluating and approving sustainability project proposals involves partially structured criteria (cost, feasibility, alignment), which can be standardized into scoring rubrics and supported by analytics, making significant portions amenable to automation. However, the work also requires contextual judgment about organizational strategy, risk tradeoffs, and long-term impacts, raising cognitive complexity and limiting full automation. Physical embodiment is minimal because the task is largely digital and meeting-based. Social and emotional intelligence matters for stakeholder alignment, negotiation across departments, and managing competing priorities. Decision impact is high due to budget implications, reputational/regulatory risk, and accountability, so AI is best used for decision support (financial modeling, scenario analysis, compliance checks) while final approval remains human-led.",2026-02-24T06:12:13.620334
11-1011.03,Chief Sustainability Officers,15381,Develop methodologies to assess the viability or success of sustainability initiatives.,11-1011.03||15381||Develop methodologies to assess the viability or success of sustainability initiatives.,3.6,4.2,1.1,3.4,3.2,4.4,Medium,3.6,"Developing assessment methodologies involves a mix of standardized frameworks (e.g., KPIs, ESG reporting standards, lifecycle assessment concepts) and organization-specific tailoring, making parts of the work codifiable but not fully routine. It requires substantial analytical judgment to select metrics, set baselines/counterfactuals, handle data quality gaps, and interpret results across operational, financial, and regulatory contexts. The work is largely digital with minimal physical requirements, but it often depends on stakeholder alignment and change-management communication to ensure the methodology is accepted and used. AI can automate literature/standards synthesis, metric selection suggestions, data pipeline setup, scenario modeling, and draft methodology documentation, while humans remain critical for governance choices, materiality judgments, trade-off decisions, and accountability for high-stakes reporting and strategic implications.",2026-02-24T06:12:18.583732
11-1011.03,Chief Sustainability Officers,15374,"Review sustainability program objectives, progress, or status to ensure compliance with policies, standards, regulations, or laws.","11-1011.03||15374||Review sustainability program objectives, progress, or status to ensure compliance with policies, standards, regulations, or laws.",4.2,4.0,1.1,3.2,2.4,4.6,Medium,3.6,"Reviewing sustainability objectives and progress for compliance is largely document- and data-driven, with many standardized frameworks (e.g., policies, regulations, reporting standards) that AI can map requirements against and flag gaps. Significant judgment is still needed to interpret ambiguous or evolving regulations, assess materiality, and weigh tradeoffs across business units and jurisdictions. The work is mostly digital with limited physical requirements, making it amenable to automation via analytics, controls testing, evidence collection, and automated reporting. Human input remains critical for stakeholder alignment, handling disputes with regulators/auditors, and making accountable decisions when noncompliance or reputational risk is identified. Overall, AI can strongly augment monitoring and evidence review, but final compliance determinations and escalation decisions typically require executive oversight.",2026-02-24T06:12:23.164696
11-1011.03,Chief Sustainability Officers,15373,Write and distribute financial or environmental impact reports.,11-1011.03||15373||Write and distribute financial or environmental impact reports.,4.2,3.4,1.1,2.6,2.7,4.3,High,4.0,"Drafting and distributing impact reports is largely standardized (templates, disclosure frameworks like GRI/SASB/TCFD/ISSB, recurring metrics), making it highly codifiable and well-suited to automation for data aggregation, narrative drafting, formatting, and distribution workflows. Moderate cognitive complexity remains in interpreting results, selecting material topics, reconciling conflicting data sources, and ensuring consistency with strategy and prior disclosures. The work is mostly digital with limited need for physical presence. Social/emotional demands are moderate because reports must be aligned with stakeholder expectations and internal politics, but much of the writing itself can be AI-assisted. Accountability is high due to regulatory, reputational, and potential legal exposure (e.g., greenwashing risk), so final judgments, sign-off, and sensitive claims validation remain human-critical.",2026-02-24T06:12:28.313187
11-1011.03,Chief Sustainability Officers,15371,"Write project proposals, grant applications, or other documents to pursue funding for environmental initiatives.","11-1011.03||15371||Write project proposals, grant applications, or other documents to pursue funding for environmental initiatives.",3.8,3.9,1.1,3.2,3.4,3.7,High,4.1,"Drafting proposals and grant applications is largely document-centric and follows common structures (needs statements, budgets, logic models, compliance sections), making substantial portions codifiable and automatable. AI can efficiently generate first drafts, tailor language to funder priorities, summarize evidence, and help with formatting, checklists, and versioning. Human expertise remains important for selecting the right funding strategy, ensuring factual accuracy, aligning with organizational priorities, and making credible commitments about outcomes, partnerships, and governance. Stakeholders often require trust-building and negotiation around roles, matching funds, and impact claims, which limits full automation. Final accountability for representations, compliance, and reputational risk typically stays with senior leadership.",2026-02-24T06:12:33.160056
11-1011.03,Chief Sustainability Officers,15367,"Identify educational, training, or other development opportunities for sustainability employees or volunteers.","11-1011.03||15367||Identify educational, training, or other development opportunities for sustainability employees or volunteers.",3.6,3.4,1.1,3.2,2.6,3.3,Medium,3.4,"Identifying development opportunities can be partially standardized (skills matrices, competency frameworks, role requirements, and course catalogs), making it moderately codifiable and well-suited to AI-assisted search, matching, and recommendation. The task still requires contextual judgment about organizational strategy, budget, timing, and which capabilities matter most, raising cognitive complexity beyond simple lookup. It is largely digital with minimal physical requirements. Social factors matter because buy-in, motivation, equity considerations, and tailoring to individual career paths often require human conversation and trust. AI can automate needs-assessment drafts, gap analyses, and curated learning pathways, while humans remain critical for prioritization, fairness, and accountability for workforce development decisions.",2026-02-24T06:12:37.544410
11-1011.03,Chief Sustainability Officers,15369,Conduct risk assessments related to sustainability and the environment.,11-1011.03||15369||Conduct risk assessments related to sustainability and the environment.,3.6,4.2,1.2,3.4,2.8,4.6,Medium,3.4,"Sustainability/environmental risk assessments follow recognizable frameworks (e.g., materiality, scenario analysis, compliance checklists), making data gathering, scoring, and reporting fairly codifiable and automatable. However, selecting assumptions, interpreting uncertain and incomplete data, and tailoring assessments to the organization’s strategy and operating context require substantial expert judgment. The work is largely digital with minimal physical embodiment, though it may incorporate site/audit inputs that still need human verification. Stakeholder alignment and communication (board, regulators, investors, communities) add a social component that AI can support but not fully replace. Because outputs can drive major capital allocation, compliance exposure, and reputational risk, accountability remains high and typically requires human sign-off even if AI automates large portions of analysis.",2026-02-24T06:12:42.647916
11-1021.00,General and Operations Managers,20699,"Review financial statements, sales or activity reports, or other performance data to measure productivity or goal achievement or to identify areas needing cost reduction or program improvement.","11-1021.00||20699||Review financial statements, sales or activity reports, or other performance data to measure productivity or goal achievement or to identify areas needing cost reduction or program improvement.",4.2,3.6,1.0,2.6,2.8,4.3,High,4.1,"Reviewing financial statements and performance reports is largely standardized, data-driven work with clear metrics (KPIs, variances, trends), making it highly amenable to analytics automation. AI can ingest multi-source data, generate dashboards, flag anomalies, benchmark performance, and propose likely cost-reduction or improvement opportunities. Human judgment remains important for interpreting results in business context (strategy, market conditions, operational constraints) and for selecting among tradeoffs that affect people and risk. The task is digital with minimal physical requirements, but it can involve some stakeholder communication to validate findings and drive action. Because recommendations can influence budgets, staffing, and compliance, accountability and error costs are high, favoring human oversight even when analysis is automated.",2026-02-24T06:12:46.745569
