column_name,primary_attribute,alternative_attributes,reason
Making Decisions and Solving Problems Importance_x,Cognitive Complexity,Decision Accountability,Multiple keyword matches
Making Decisions and Solving Problems Level_x,Cognitive Complexity,Decision Accountability,Multiple keyword matches
Thinking Creatively Importance_x,Cognitive Complexity,Creativity,Multiple keyword matches
Thinking Creatively Level_x,Cognitive Complexity,Creativity,Multiple keyword matches
Making Decisions and Solving Problems Importance_y,Cognitive Complexity,Decision Accountability,Multiple keyword matches
Making Decisions and Solving Problems Level_y,Cognitive Complexity,Decision Accountability,Multiple keyword matches
Thinking Creatively Importance_y,Cognitive Complexity,Creativity,Multiple keyword matches
Thinking Creatively Level_y,Cognitive Complexity,Creativity,Multiple keyword matches
Frequency of Decision Making,Routine,Decision Accountability,Multiple keyword matches
