O*NET-SOC Code,Title,Originality Combined,Technology Design Combined,Thinking Creatively Combined,Writing Combined
11-1011.00,Chief Executives,2.6696428571428568,1.0942857142857143,3.110571428571429,2.9522285714285714
11-1011.03,Chief Sustainability Officers,2.645714285714285,1.1408,3.3072142857142857,2.894285714285714
11-1021.00,General and Operations Managers,2.06,1.0442857142857145,2.523571428571429,2.3857142857142857
11-2011.00,Advertising and Promotions Managers,2.524285714285714,1.0803571428571428,3.060928571428572,2.524285714285714
11-2021.00,Marketing Managers,2.4971428571428573,1.0942857142857143,3.206971428571429,2.2471428571428573
11-2022.00,Sales Managers,2.524285714285714,1.0357142857142856,2.809971428571428,2.4971428571428573
11-2033.00,Fundraising Managers,2.3857142857142857,1.0942857142857143,2.600714285714286,2.645714285714285
11-3012.00,Administrative Services Managers,1.8914285714285717,1.0535714285714286,2.4935714285714283,2.4732142857142856
11-3013.00,Facilities Managers,1.75,1.077942857142857,3.1825571428571435,2.205357142857143
11-3013.01,Security Managers,2.2928571428571427,1.0664285714285715,2.9131428571428573,2.524285714285714
11-3021.00,Computer and Information Systems Managers,2.125,1.4285714285714286,2.9165714285714284,2.571428571428571
11-3031.00,Financial Managers,1.837942857142857,1.077942857142857,2.0320428571428573,2.422142857142857
11-3031.01,Treasurers and Controllers,2.125,1.0549142857142857,2.7142285714285714,2.542057142857143
11-3031.03,Investment Fund Managers,2.19,1.1734857142857142,2.8837,2.4522285714285714
11-3051.00,Industrial Production Managers,2.1750857142857143,1.0992,2.648471428571429,2.36
11-3051.01,Quality Control Systems Managers,1.8914285714285717,1.2592,2.611757142857143,2.645714285714285
11-3051.02,Geothermal Production Managers,1.8728571428571428,1.268571428571429,2.7485,2.4035714285714285
11-3051.03,Biofuels Production Managers,2.06,1.1885714285714286,2.7204,2.25
11-3051.04,Biomass Power Plant Managers,1.837942857142857,1.0664285714285715,2.677857142857143,2.1357142857142857
11-3051.06,Hydroelectric Production Managers,1.9842857142857144,1.1734857142857142,2.4805,2.3857142857142857
11-3061.00,Purchasing Managers,2.3392857142857144,1.1734857142857142,2.6521142857142856,2.645714285714285
11-3071.00,"Transportation, Storage, and Distribution Managers",2.044642857142857,1.12,2.701171428571429,2.354914285714286
11-3071.04,Supply Chain Managers,2.044642857142857,1.2208,2.914,2.645714285714285
11-3111.00,Compensation and Benefits Managers,1.9449142857142856,1.0442857142857145,2.5664285714285717,2.765714285714286
11-3121.00,Human Resources Managers,2.571428571428571,1.0357142857142856,2.8252,2.782857142857143
11-3131.00,Training and Development Managers,2.524285714285714,1.0803571428571428,3.3214,2.6950857142857143
11-9013.00,"Farmers, Ranchers, and Other Agricultural Managers",2.1635714285714283,1.1408,2.922285714285714,2.1635714285714283
11-9021.00,Construction Managers,1.9842857142857144,1.1071428571428572,2.369814285714286,2.524285714285714
11-9031.00,"Education and Childcare Administrators, Preschool and Daycare",2.125,1.0664285714285715,2.790057142857143,2.571428571428571
11-9032.00,"Education Administrators, Kindergarten through Secondary",2.645714285714285,1.1071428571428572,3.247342857142857,3.44
11-9033.00,"Education Administrators, Postsecondary",2.645714285714285,1.0664285714285715,3.0925857142857143,2.821428571428571
11-9041.00,Architectural and Engineering Managers,2.4971428571428573,1.22,3.3828,2.765714285714286
11-9041.01,Biofuels/Biodiesel Technology and Product Development Managers,2.4714285714285715,1.2592,3.4095,2.4522285714285714
11-9051.00,Food Service Managers,1.8057142857142856,1.0089285714285714,2.134,1.8914285714285717
11-9071.00,Gambling Managers,1.7200000000000002,1.0442857142857145,2.1253714285714285,2.4522285714285714
11-9072.00,"Entertainment and Recreation Managers, Except Gambling",2.086428571428572,1.0336571428571428,3.2577142857142856,2.4971428571428573
11-9081.00,Lodging Managers,2.2308,1.1257142857142857,2.7624571428571425,2.645714285714285
11-9111.00,Medical and Health Services Managers,2.1357142857142857,1.16,2.8983428571428576,2.7142857142857144
11-9121.00,Natural Sciences Managers,2.3192,1.6665142857142858,2.9352,3.057142857142857
11-9121.01,Clinical Research Coordinators,1.8057142857142856,1.0664285714285715,2.0771714285714284,2.7142857142857144
11-9121.02,Water Resource Specialists,2.125,1.2036571428571428,3.0397000000000003,2.7142857142857144
11-9131.00,Postmasters and Mail Superintendents,1.8571428571428568,1.1408,2.287414285714286,2.205357142857143
11-9141.00,"Property, Real Estate, and Community Association Managers",1.7200000000000002,1.0089285714285714,2.309285714285714,2.4971428571428573
11-9151.00,Social and Community Service Managers,2.4732142857142856,1.1408,2.6359000000000004,2.571428571428571
11-9161.00,Emergency Management Directors,2.6185714285714288,1.0357142857142856,2.8057857142857143,2.821428571428571
11-9171.00,Funeral Home Managers,1.7734857142857143,1.0664285714285715,3.350857142857143,2.096342857142857
11-9179.01,Fitness and Wellness Coordinators,2.1357142857142857,1.231428571428571,2.839428571428571,2.2928571428571427
11-9179.02,Spa Managers,2.023657142857143,1.1734857142857142,2.6900857142857144,2.096342857142857
11-9199.01,Regulatory Affairs Managers,1.8914285714285717,1.0664285714285715,2.6272,2.912857142857143
11-9199.02,Compliance Managers,1.8057142857142856,1.0803571428571428,2.625657142857143,2.6950857142857143
11-9199.08,Loss Prevention Managers,2.2308,1.12,2.505285714285714,2.524285714285714
11-9199.09,Wind Energy Operations Managers,1.8914285714285717,1.1785714285714286,3.107671428571429,2.571428571428571
11-9199.10,Wind Energy Development Managers,1.8728571428571428,1.1071428571428572,2.538457142857143,2.596342857142857
11-9199.11,Brownfield Redevelopment Specialists and Site Managers,2.096342857142857,1.1735714285714285,2.5860571428571437,2.6950857142857143
13-1011.00,"Agents and Business Managers of Artists, Performers, and Athletes",2.023657142857143,1.0206285714285714,3.2403,2.4522285714285714
13-1021.00,"Buyers and Purchasing Agents, Farm Products",1.8571428571428568,1.1071428571428572,2.6100000000000003,1.9449142857142856
13-1022.00,"Wholesale and Retail Buyers, Except Farm Products",1.8914285714285717,1.0549142857142857,2.130285714285714,1.9657142857142855
13-1023.00,"Purchasing Agents, Except Wholesale, Retail, and Farm Products",1.8571428571428568,1.0803571428571428,2.392,2.7142857142857144
13-1031.00,"Claims Adjusters, Examiners, and Investigators",1.6063428571428573,1.0803571428571428,1.8495714285714284,2.4522285714285714
13-1032.00,"Insurance Appraisers, Auto Damage",1.5165142857142857,1.0271428571428571,1.886757142857143,2.2767857142857144
13-1041.00,Compliance Officers,1.7036571428571428,1.0271428571428571,1.8412857142857144,2.422142857142857
13-1041.01,Environmental Compliance Inspectors,1.837942857142857,1.0942857142857143,1.8414285714285712,2.6950857142857143
13-1041.03,Equal Opportunity Representatives and Officers,1.94,1.0942857142857143,2.222857142857143,2.8020571428571426
13-1041.04,Government Property Inspectors and Investigators,1.8057142857142856,1.0664285714285715,2.0690857142857144,2.7142857142857144
13-1041.06,Coroners,1.9085714285714288,1.0442857142857145,2.4935714285714283,2.4971428571428573
13-1041.07,Regulatory Affairs Specialists,1.8728571428571428,1.1257142857142857,1.8414285714285712,2.765714285714286
13-1041.08,Customs Brokers,1.8057142857142856,1.0942857142857143,2.089257142857143,2.524285714285714
13-1051.00,Cost Estimators,1.8057142857142856,1.0535714285714286,2.6575,2.4285714285714284
13-1071.00,Human Resources Specialists,1.78,1.0803571428571428,2.1979,2.645714285714285
13-1074.00,Farm Labor Contractors,1.2857142857142856,1.0,1.182057142857143,1.6875
13-1075.00,Labor Relations Specialists,2.3392857142857144,1.0206285714285714,2.376428571428572,2.928571428571429
13-1081.00,Logisticians,2.3857142857142857,1.0803571428571428,2.4714285714285715,2.275
13-1081.01,Logistics Engineers,2.645714285714285,1.6063428571428573,2.9065000000000003,2.8363428571428573
13-1081.02,Logistics Analysts,2.1357142857142857,1.22,2.665,2.36
13-1111.00,Management Analysts,2.205357142857143,1.2208,3.4133142857142857,2.7142857142857144
13-1121.00,"Meeting, Convention, and Event Planners",2.354914285714286,1.0803571428571428,2.934957142857143,2.2928571428571427
13-1131.00,Fundraisers,2.205357142857143,1.0803571428571428,3.366,2.765714285714286
13-1141.00,"Compensation, Benefits, and Job Analysis Specialists",1.9285714285714288,1.0357142857142856,2.316857142857143,2.3192
13-1151.00,Training and Development Specialists,2.4522285714285714,1.157142857142857,2.841614285714286,2.6950857142857143
13-1161.00,Market Research Analysts and Marketing Specialists,2.1492,1.0664285714285715,3.283228571428571,2.765714285714286
13-1161.01,Search Marketing Strategists,2.2471428571428573,1.4435714285714285,3.256,2.3392857142857144
13-1199.04,Business Continuity Planners,2.3392857142857144,1.0664285714285715,2.5232,2.877142857142857
13-1199.05,Sustainability Specialists,2.2928571428571427,1.12,2.855371428571429,2.765714285714286
13-1199.06,Online Merchants,1.7200000000000002,1.12,2.3505142857142856,2.105
13-1199.07,Security Management Specialists,2.3857142857142857,1.3706285714285715,3.0439285714285718,2.4035714285714285
13-2011.00,Accountants and Auditors,1.75,1.0942857142857143,2.3347571428571428,2.2928571428571427
13-2022.00,Appraisers of Personal and Business Property,1.6364285714285711,1.0089285714285714,2.1784285714285714,2.25
13-2023.00,Appraisers and Assessors of Real Estate,1.4249999999999998,1.0271428571428571,1.8391857142857144,2.105
13-2031.00,Budget Analysts,1.8057142857142856,1.0942857142857143,2.192457142857143,2.1750857142857143
13-2041.00,Credit Analysts,1.6063428571428573,1.0,1.7542857142857144,2.1750857142857143
13-2052.00,Personal Financial Advisors,1.8571428571428568,1.0357142857142856,2.474971428571429,2.645714285714285
13-2053.00,Insurance Underwriters,1.7385714285714284,1.0549142857142857,1.9005714285714288,2.4732142857142856
13-2061.00,Financial Examiners,1.8914285714285717,1.0206285714285714,1.6394142857142855,2.7142857142857144
13-2071.00,Credit Counselors,1.837942857142857,1.1071428571428572,2.116342857142857,2.4732142857142856
13-2072.00,Loan Officers,1.4,1.1106285714285715,2.1429142857142853,2.3192
13-2081.00,"Tax Examiners and Collectors, and Revenue Agents",1.467857142857143,1.0357142857142856,1.8829,2.044642857142857
13-2082.00,Tax Preparers,1.6942857142857144,1.0271428571428571,1.8135714285714288,1.8571428571428568
13-2099.01,Financial Quantitative Analysts,2.096342857142857,1.1734857142857142,3.278571428571428,2.4285714285714284
13-2099.04,"Fraud Examiners, Investigators and Analysts",1.8571428571428568,1.0206285714285714,2.3289142857142853,2.8363428571428573
15-1211.00,Computer Systems Analysts,2.0342857142857143,1.837942857142857,2.765857142857143,2.36
15-1211.01,Health Informatics Specialists,2.645714285714285,1.7200000000000002,3.617900000000001,2.7142857142857144
15-1212.00,Information Security Analysts,1.9285714285714288,1.3392000000000002,2.718857142857143,2.3392857142857144
15-1221.00,Computer and Information Research Scientists,2.6393714285714287,2.2477714285714288,4.081185714285715,2.4008000000000003
15-1231.00,Computer Network Support Specialists,1.722057142857143,1.3008,2.4178,2.0
15-1232.00,Computer User Support Specialists,1.8057142857142856,1.231428571428571,2.6530142857142858,2.1142857142857143
15-1241.00,Computer Network Architects,2.0342857142857143,2.023657142857143,2.54,2.4035714285714285
15-1241.01,Telecommunications Engineering Specialists,1.9842857142857144,1.6364285714285711,2.6393714285714287,2.205357142857143
15-1242.00,Database Administrators,2.0,1.4691999999999998,2.9539,2.2471428571428573
15-1243.00,Database Architects,2.1085714285714285,1.8571428571428568,3.266142857142857,2.1750857142857143
15-1243.01,Data Warehousing Specialists,1.9285714285714288,1.6364285714285711,3.334171428571428,2.086428571428572
15-1244.00,Network and Computer Systems Administrators,2.096342857142857,1.75,2.6336571428571425,2.1357142857142857
15-1251.00,Computer Programmers,1.9285714285714288,1.595,3.7613571428571424,2.044642857142857
15-1252.00,Software Developers,2.023657142857143,2.2308,3.592642857142857,2.1635714285714283
15-1253.00,Software Quality Assurance Analysts and Testers,1.8571428571428568,1.6063428571428573,3.0112857142857146,2.524285714285714
15-1254.00,Web Developers,2.096342857142857,1.51,3.7764285714285712,2.06
15-1255.01,Video Game Designers,2.765714285714286,1.8571428571428568,4.565714285714286,2.2471428571428573
15-1299.01,Web Administrators,1.9285714285714288,1.4435714285714285,3.582857142857143,2.086428571428572
15-1299.02,Geographic Information Systems Technologists and Technicians,1.8057142857142856,1.1734857142857142,3.132428571428571,1.9842857142857144
15-1299.03,Document Management Specialists,1.8571428571428568,1.28,2.1622857142857144,2.524285714285714
15-1299.05,Information Security Engineers,1.9077714285714285,1.4435714285714285,2.5922285714285715,2.542057142857143
15-1299.08,Computer Systems Engineers/Architects,2.524285714285714,1.5892857142857142,2.435085714285714,2.645714285714285
15-1299.09,Information Technology Project Managers,2.044642857142857,1.3008,2.983928571428572,2.7142857142857144
15-2011.00,Actuaries,1.94,1.1257142857142857,2.6246285714285715,2.4285714285714284
15-2021.00,Mathematicians,2.866071428571429,1.0549142857142857,4.462142857142857,2.7292
15-2031.00,Operations Research Analysts,2.4971428571428573,1.12,3.5508571428571427,2.7142857142857144
15-2041.00,Statisticians,2.0342857142857143,1.0549142857142857,3.468571428571429,2.6696428571428568
15-2041.01,Biostatisticians,2.2471428571428573,1.0885714285714283,2.7733,3.0077714285714285
15-2051.01,Business Intelligence Analysts,1.9842857142857144,1.077942857142857,2.998357142857143,2.571428571428571
15-2051.02,Clinical Data Managers,1.9657142857142855,1.147857142857143,2.396428571428572,2.571428571428571
15-2099.01,Bioinformatics Technicians,1.9285714285714288,1.32,3.580014285714286,2.3392857142857144
17-1011.00,"Architects, Except Landscape and Naval",2.821428571428571,1.2857142857142856,3.7442285714285712,2.6950857142857143
17-1012.00,Landscape Architects,2.782857142857143,1.1071428571428572,3.7,2.4971428571428573
17-1021.00,Cartographers and Photogrammetrists,1.8571428571428568,1.0664285714285715,2.8426571428571425,2.2928571428571427
17-1022.00,Surveyors,1.8057142857142856,1.0549142857142857,2.6372714285714283,2.571428571428571
17-1022.01,Geodetic Surveyors,1.7734857142857143,1.147857142857143,2.607814285714286,2.542057142857143
17-2011.00,Aerospace Engineers,2.4008000000000003,2.205357142857143,3.908714285714286,2.8514285714285714
17-2021.00,Agricultural Engineers,2.2308,1.75,3.8285714285714287,2.7142857142857144
17-2031.00,Bioengineers and Biomedical Engineers,2.6393714285714287,2.275,3.896742857142857,2.821428571428571
17-2041.00,Chemical Engineers,2.4285714285714284,1.7734857142857143,2.6934857142857145,2.211428571428572
17-2051.00,Civil Engineers,2.2857142857142856,1.4464285714285716,2.7659571428571423,2.2471428571428573
17-2051.01,Transportation Engineers,2.205357142857143,1.6875,2.7764571428571427,2.765714285714286
17-2051.02,Water/Wastewater Engineers,2.4522285714285714,1.8728571428571428,2.8285,2.7142857142857144
17-2061.00,Computer Hardware Engineers,2.4285714285714284,1.6364285714285711,3.863342857142857,2.6950857142857143
17-2071.00,Electrical Engineers,2.125,1.3571428571428572,3.6276142857142855,2.894285714285714
17-2072.00,"Electronics Engineers, Except Computer",2.36,1.9285714285714288,3.166514285714286,2.4285714285714284
17-2072.01,Radio Frequency Identification Device Specialists,1.8914285714285717,1.6685714285714286,3.769828571428572,2.1635714285714283
17-2081.00,Environmental Engineers,2.4971428571428573,1.0664285714285715,2.9550714285714283,2.821428571428571
17-2111.00,"Health and Safety Engineers, Except Mining Safety Engineers and Inspectors",2.105,1.2514285714285711,2.582057142857143,2.524285714285714
17-2111.02,Fire-Prevention and Protection Engineers,2.205357142857143,1.8571428571428568,2.8915,2.645714285714285
17-2112.00,Industrial Engineers,2.125,1.3008,3.230485714285714,2.6185714285714288
17-2112.01,Human Factors Engineers and Ergonomists,2.4522285714285714,2.1750857142857143,3.0805,2.877142857142857
17-2112.02,Validation Engineers,1.8914285714285717,1.157142857142857,2.08,2.765714285714286
17-2112.03,Manufacturing Engineers,2.542057142857143,2.4971428571428573,2.986857142857143,2.7207142857142856
17-2121.00,Marine Engineers and Naval Architects,2.4522285714285714,1.5357142857142858,2.8427999999999995,2.571428571428571
17-2131.00,Materials Engineers,2.36,1.6665142857142858,3.643142857142857,2.7207142857142856
17-2141.00,Mechanical Engineers,2.36,2.06,3.5505142857142857,2.36
17-2141.01,Fuel Cell Engineers,2.4285714285714284,1.837942857142857,3.161342857142857,2.6185714285714288
17-2141.02,Automotive Engineers,2.9008000000000003,2.1750857142857143,3.0266285714285712,2.6950857142857143
17-2151.00,"Mining and Geological Engineers, Including Mining Safety Engineers",2.3857142857142857,1.6171428571428572,2.643742857142857,2.821428571428571
17-2161.00,Nuclear Engineers,2.3192,1.7734857142857143,3.063471428571429,3.0357142857142856
17-2171.00,Petroleum Engineers,2.3192,1.4017857142857142,3.3947000000000003,2.748571428571428
17-2199.03,"Energy Engineers, Except Wind and Solar",2.1635714285714283,1.3392000000000002,3.527242857142857,2.6950857142857143
17-2199.05,Mechatronics Engineers,2.4008000000000003,2.096342857142857,3.187428571428572,2.571428571428571
17-2199.06,Microsystems Engineers,2.4285714285714284,1.5165142857142857,3.25,2.571428571428571
17-2199.07,Photonics Engineers,2.8150000000000004,2.2471428571428573,3.481657142857143,2.954285714285714
17-2199.08,Robotics Engineers,2.9008000000000003,2.4008000000000003,3.924714285714286,2.524285714285714
17-2199.09,Nanosystems Engineers,2.7207142857142856,2.1750857142857143,3.7307,2.9008000000000003
17-2199.10,Wind Energy Engineers,2.096342857142857,1.5165142857142857,2.434085714285714,2.275
17-2199.11,Solar Energy Systems Engineers,2.3857142857142857,1.4464285714285716,2.0928571428571425,2.645714285714285
17-3011.00,Architectural and Civil Drafters,2.0608,1.3785714285714286,2.883971428571429,2.19
17-3012.00,Electrical and Electronics Drafters,1.8057142857142856,1.3125,2.201928571428572,2.25
17-3013.00,Mechanical Drafters,2.086428571428572,1.542142857142857,3.032028571428571,1.8914285714285717
17-3021.00,Aerospace Engineering and Operations Technologists and Technicians,1.8057142857142856,1.2208,2.3923,1.9449142857142856
17-3022.00,Civil Engineering Technologists and Technicians,1.822857142857143,1.0803571428571428,2.2948142857142857,2.125
17-3023.00,Electrical and Electronic Engineering Technologists and Technicians,1.9285714285714288,1.231428571428571,2.713857142857143,2.044642857142857
17-3024.00,Electro-Mechanical and Mechatronics Technologists and Technicians,1.8914285714285717,1.24,2.399142857142857,1.9449142857142856
17-3024.01,Robotics Technicians,1.9285714285714288,1.7200000000000002,2.765028571428571,2.0028571428571427
17-3025.00,Environmental Engineering Technologists and Technicians,1.8571428571428568,1.268571428571429,1.8019000000000005,2.1750857142857143
17-3026.00,Industrial Engineering Technologists and Technicians,2.1635714285714283,1.8914285714285717,3.2274,2.1357142857142857
17-3026.01,Nanotechnology Engineering Technologists and Technicians,2.023657142857143,1.3571428571428572,2.8034285714285714,2.6185714285714288
17-3027.00,Mechanical Engineering Technologists and Technicians,1.9842857142857144,1.4691999999999998,2.6347428571428573,2.2928571428571427
17-3027.01,Automotive Engineering Technicians,1.9285714285714288,1.25,2.4148000000000005,2.044642857142857
17-3029.01,Non-Destructive Testing Specialists,1.6171428571428572,1.0942857142857143,2.625,2.0028571428571427
17-3029.08,Photonics Technicians,1.6665142857142858,1.3571428571428572,2.273742857142857,1.9449142857142856
17-3031.00,Surveying and Mapping Technicians,1.625,1.1071428571428572,1.8757857142857144,2.125
19-1011.00,Animal Scientists,2.2471428571428573,1.1408,3.596628571428572,2.821428571428571
19-1012.00,Food Scientists and Technologists,2.4971428571428573,1.1408,3.148771428571429,2.6950857142857143
19-1013.00,Soil and Plant Scientists,2.645714285714285,1.1607142857142858,3.405142857142857,2.8020571428571426
19-1021.00,Biochemists and Biophysicists,2.8150000000000004,1.4608,4.4017857142857135,3.377142857142857
19-1022.00,Microbiologists,2.326514285714285,1.1734857142857142,2.8018857142857145,3.091428571428572
19-1023.00,Zoologists and Wildlife Biologists,2.0028571428571427,1.1785714285714286,2.9337142857142857,2.6950857142857143
19-1029.01,Bioinformatics Scientists,2.6696428571428568,1.3785714285714286,4.372285714285715,2.954285714285714
19-1029.02,Molecular and Cellular Biologists,2.7678571428571432,1.2857142857142856,3.625342857142857,3.321428571428572
19-1029.03,Geneticists,2.571428571428571,1.1408,3.4781714285714287,3.091428571428572
19-1029.04,Biologists,2.1750857142857143,1.0549142857142857,3.0498285714285718,3.2285714285714286
19-1031.00,Conservation Scientists,2.1635714285714283,1.1408,2.4490285714285718,2.3857142857142857
19-1031.02,Range Managers,2.1635714285714283,1.062857142857143,2.9694285714285718,2.2857142857142856
19-1031.03,Park Naturalists,1.9842857142857144,1.1339285714285714,3.402357142857143,2.571428571428571
19-1032.00,Foresters,2.1635714285714283,1.3008,2.254,2.6185714285714288
19-1041.00,Epidemiologists,2.6950857142857143,1.0206285714285714,3.4080285714285714,3.0592
19-1042.00,"Medical Scientists, Except Epidemiologists",2.2857142857142856,1.0803571428571428,4.030685714285714,3.265714285714286
19-2011.00,Astronomers,2.6185714285714288,1.2857142857142856,3.6763857142857135,3.2285714285714286
19-2012.00,Physicists,3.34,1.845,3.7811428571428567,3.142857142857143
19-2021.00,Atmospheric and Space Scientists,1.8914285714285717,1.147857142857143,3.109714285714286,2.645714285714285
19-2031.00,Chemists,1.9657142857142855,1.0885714285714283,2.477542857142857,2.8150000000000004
19-2032.00,Materials Scientists,2.3242857142857147,1.2036571428571428,3.3049285714285714,2.8020571428571426
19-2041.00,"Environmental Scientists and Specialists, Including Health",2.096342857142857,1.1885714285714286,2.1283142857142856,2.98
19-2041.01,Climate Change Policy Analysts,2.06,1.1408,2.760357142857143,2.6950857142857143
19-2041.02,Environmental Restoration Planners,2.1750857142857143,1.231428571428571,3.013428571428572,2.748571428571428
19-2041.03,Industrial Ecologists,2.36,1.2036571428571428,3.2099,2.98
19-2042.00,"Geoscientists, Except Hydrologists and Geographers",2.023657142857143,1.0664285714285715,3.525714285714286,2.9008000000000003
19-2043.00,Hydrologists,2.3242857142857147,1.0885714285714283,3.204071428571429,2.542057142857143
19-2099.01,Remote Sensing Scientists and Technologists,2.3192,1.4691999999999998,3.3355428571428574,2.9008000000000003
19-3011.00,Economists,2.06,1.0206285714285714,3.4870857142857146,2.877142857142857
19-3011.01,Environmental Economists,2.2857142857142856,1.147857142857143,3.1922714285714284,2.9522285714285714
19-3022.00,Survey Researchers,1.9842857142857144,1.1408,3.080457142857143,3.0892857142857144
19-3032.00,Industrial-Organizational Psychologists,2.645714285714285,1.1408,2.814057142857143,3.265714285714286
19-3033.00,Clinical and Counseling Psychologists,2.3192,1.0549142857142857,3.106514285714286,2.9732142857142856
19-3034.00,School Psychologists,2.0,1.0549142857142857,2.1334857142857144,2.765714285714286
19-3039.02,Neuropsychologists,2.096342857142857,1.0549142857142857,2.451257142857143,3.2935714285714286
19-3039.03,Clinical Neuropsychologists,2.096342857142857,1.0803571428571428,2.416528571428572,2.8020571428571426
19-3041.00,Sociologists,2.1750857142857143,1.0549142857142857,3.751785714285714,3.0357142857142856
19-3051.00,Urban and Regional Planners,2.2857142857142856,1.0992,3.267428571428572,2.6950857142857143
19-3091.00,Anthropologists and Archeologists,1.9842857142857144,1.0442857142857145,3.4975,3.321428571428572
19-3092.00,Geographers,2.023657142857143,1.0803571428571428,3.2285714285714286,3.1750857142857143
19-3093.00,Historians,1.8057142857142856,1.0357142857142856,1.9788142857142856,3.1750857142857143
19-3094.00,Political Scientists,2.06,1.0442857142857145,3.556314285714286,2.98
19-3099.01,Transportation Planners,2.4971428571428573,1.0885714285714283,3.1785714285714284,2.765714285714286
19-4012.00,Agricultural Technicians,1.8571428571428568,1.0357142857142856,1.6919,2.023657142857143
19-4012.01,Precision Agriculture Technicians,1.8571428571428568,1.0664285714285715,2.459542857142857,2.25
19-4013.00,Food Science Technicians,1.4249999999999998,1.0206285714285714,1.6630285714285715,2.2071428571428573
19-4021.00,Biological Technicians,1.837942857142857,1.1734857142857142,2.2639428571428573,2.275
19-4031.00,Chemical Technicians,1.8914285714285717,1.231428571428571,1.855,2.645714285714285
19-4042.00,"Environmental Science and Protection Technicians, Including Health",1.837942857142857,1.0442857142857145,1.8455285714285716,2.645714285714285
19-4043.00,"Geological Technicians, Except Hydrologic Technicians",1.6364285714285711,1.16,1.9517714285714285,2.125
19-4051.00,Nuclear Technicians,1.655,1.1408,1.7450714285714286,2.086428571428572
19-4051.02,Nuclear Monitoring Technicians,1.8571428571428568,1.0549142857142857,2.155885714285714,2.096342857142857
19-4061.00,Social Science Research Assistants,1.8571428571428568,1.1339285714285714,2.306628571428572,2.524285714285714
19-4071.00,Forest and Conservation Technicians,1.822857142857143,1.16,2.3102714285714283,1.8914285714285717
19-4092.00,Forensic Science Technicians,1.837942857142857,1.0206285714285714,1.460457142857143,2.765714285714286
19-4099.01,Quality Control Analysts,1.837942857142857,1.0992,1.6182,2.086428571428572
19-4099.03,Remote Sensing Technicians,2.086428571428572,1.2036571428571428,2.718228571428571,2.205357142857143
19-5011.00,Occupational Health and Safety Specialists,1.8571428571428568,1.1257142857142857,2.378914285714286,2.7142857142857144
19-5012.00,Occupational Health and Safety Technicians,1.8571428571428568,1.1257142857142857,2.5768,2.524285714285714
21-1011.00,Substance Abuse and Behavioral Disorder Counselors,1.9449142857142856,1.1071428571428572,2.9474714285714287,2.7142857142857144
21-1012.00,"Educational, Guidance, and Career Counselors and Advisors",2.06,1.0271428571428571,2.6554,2.645714285714285
21-1013.00,Marriage and Family Therapists,2.31,1.0357142857142856,2.539685714285714,2.821428571428571
21-1014.00,Mental Health Counselors,2.36,1.0357142857142856,3.4118714285714287,2.8363428571428573
21-1015.00,Rehabilitation Counselors,2.023657142857143,1.0442857142857145,2.6644142857142854,2.4971428571428573
21-1021.00,"Child, Family, and School Social Workers",2.023657142857143,1.0442857142857145,2.9456,2.6185714285714288
21-1022.00,Healthcare Social Workers,2.0342857142857143,1.0664285714285715,2.494,2.6950857142857143
21-1023.00,Mental Health and Substance Abuse Social Workers,2.524285714285714,1.1071428571428572,3.063142857142857,2.571428571428571
21-1091.00,Health Education Specialists,2.086428571428572,1.1071428571428572,3.1775857142857142,2.782857142857143
21-1092.00,Probation Officers and Correctional Treatment Specialists,1.78,1.0442857142857145,2.2021428571428574,2.524285714285714
21-1093.00,Social and Human Service Assistants,1.9285714285714288,1.0942857142857143,2.4641285714285712,2.4522285714285714
21-1094.00,Community Health Workers,1.8571428571428568,1.0714285714285714,2.9802571428571425,2.662857142857143
21-2011.00,Clergy,2.596342857142857,1.0442857142857145,2.7561857142857145,2.6950857142857143
21-2021.00,"Directors, Religious Activities and Education",2.105,1.1408,3.1828,2.2471428571428573
23-1011.00,Lawyers,2.571428571428571,1.0357142857142856,2.9762000000000004,3.265714285714286
23-1012.00,Judicial Law Clerks,1.7200000000000002,1.0664285714285715,2.146857142857143,2.9522285714285714
23-1021.00,"Administrative Law Judges, Adjudicators, and Hearing Officers",1.8057142857142856,1.0942857142857143,2.031085714285714,3.1750857142857143
23-1022.00,"Arbitrators, Mediators, and Conciliators",1.8914285714285717,1.0089285714285714,2.7395571428571426,3.0892857142857144
23-1023.00,"Judges, Magistrate Judges, and Magistrates",1.8914285714285717,1.0803571428571428,2.047657142857143,3.1750857142857143
23-2011.00,Paralegals and Legal Assistants,1.6665142857142858,1.0549142857142857,1.673257142857143,2.662857142857143
23-2093.00,"Title Examiners, Abstractors, and Searchers",1.3008,1.0,1.4269571428571428,2.2308
25-1011.00,"Business Teachers, Postsecondary",1.9657142857142855,1.0549142857142857,3.052357142857143,3.142857142857143
25-1021.00,"Computer Science Teachers, Postsecondary",2.096342857142857,1.268571428571429,3.852285714285714,3.091428571428572
25-1022.00,"Mathematical Science Teachers, Postsecondary",2.06,1.0549142857142857,2.7664,2.954285714285714
25-1031.00,"Architecture Teachers, Postsecondary",2.3242857142857147,1.0942857142857143,3.6839714285714287,3.142857142857143
25-1032.00,"Engineering Teachers, Postsecondary",2.2471428571428573,1.2363428571428572,4.334414285714286,2.954285714285714
25-1041.00,"Agricultural Sciences Teachers, Postsecondary",2.1357142857142857,1.0803571428571428,3.3417571428571438,3.142857142857143
25-1042.00,"Biological Science Teachers, Postsecondary",2.1357142857142857,1.0206285714285714,3.880285714285714,3.0357142857142856
25-1043.00,"Forestry and Conservation Science Teachers, Postsecondary",2.071428571428571,1.1257142857142857,3.9560571428571434,3.1750857142857143
25-1051.00,"Atmospheric, Earth, Marine, and Space Sciences Teachers, Postsecondary",2.1085714285714285,1.0803571428571428,3.2645285714285714,3.0357142857142856
25-1052.00,"Chemistry Teachers, Postsecondary",2.0,1.157142857142857,3.074414285714286,3.1750857142857143
25-1053.00,"Environmental Science Teachers, Postsecondary",2.06,1.0206285714285714,3.2002857142857137,3.0357142857142856
25-1054.00,"Physics Teachers, Postsecondary",2.0,1.0885714285714283,3.791285714285714,3.142857142857143
25-1061.00,"Anthropology and Archeology Teachers, Postsecondary",2.275,1.0549142857142857,3.5926428571428564,3.585714285714286
25-1062.00,"Area, Ethnic, and Cultural Studies Teachers, Postsecondary",2.1357142857142857,1.1257142857142857,3.569885714285714,3.091428571428572
25-1063.00,"Economics Teachers, Postsecondary",1.8571428571428568,1.0803571428571428,3.735357142857143,2.765714285714286
25-1064.00,"Geography Teachers, Postsecondary",2.0342857142857143,1.1408,3.614742857142857,3.1750857142857143
25-1065.00,"Political Science Teachers, Postsecondary",1.9285714285714288,1.0089285714285714,3.658042857142857,3.091428571428572
25-1066.00,"Psychology Teachers, Postsecondary",2.023657142857143,1.0664285714285715,3.418742857142857,3.142857142857143
25-1067.00,"Sociology Teachers, Postsecondary",1.8914285714285717,1.0206285714285714,3.894971428571429,3.0357142857142856
25-1071.00,"Health Specialties Teachers, Postsecondary",2.071428571428571,1.0271428571428571,3.3807142857142853,3.142857142857143
25-1072.00,"Nursing Instructors and Teachers, Postsecondary",2.0342857142857143,1.1408,3.1668857142857143,3.091428571428572
25-1081.00,"Education Teachers, Postsecondary",1.9842857142857144,1.0664285714285715,3.2081,3.091428571428572
25-1082.00,"Library Science Teachers, Postsecondary",1.8057142857142856,1.0803571428571428,3.8863428571428567,3.0357142857142856
25-1111.00,"Criminal Justice and Law Enforcement Teachers, Postsecondary",1.8571428571428568,1.0135714285714286,3.324957142857143,2.928571428571429
25-1112.00,"Law Teachers, Postsecondary",2.1357142857142857,1.0803571428571428,3.5691428571428574,3.142857142857143
25-1113.00,"Social Work Teachers, Postsecondary",2.096342857142857,1.0942857142857143,3.3708142857142858,3.0357142857142856
25-1121.00,"Art, Drama, and Music Teachers, Postsecondary",2.571428571428571,1.0549142857142857,4.427714285714286,2.6950857142857143
25-1122.00,"Communications Teachers, Postsecondary",1.8914285714285717,1.0664285714285715,3.495657142857143,2.98
25-1123.00,"English Language and Literature Teachers, Postsecondary",2.205357142857143,1.0357142857142856,3.838685714285715,3.265714285714286
25-1124.00,"Foreign Language and Literature Teachers, Postsecondary",1.8728571428571428,1.0942857142857143,3.4615428571428573,3.0357142857142856
25-1125.00,"History Teachers, Postsecondary",1.8914285714285717,1.0042857142857142,3.960771428571429,3.117142857142857
25-1126.00,"Philosophy and Religion Teachers, Postsecondary",1.8728571428571428,1.0549142857142857,3.416114285714286,3.142857142857143
25-1192.00,"Family and Consumer Sciences Teachers, Postsecondary",2.023657142857143,1.0803571428571428,2.4560000000000004,2.542057142857143
25-1193.00,"Recreation and Fitness Studies Teachers, Postsecondary",1.8914285714285717,1.1257142857142857,2.9310857142857145,2.765714285714286
25-1194.00,"Career/Technical Education Teachers, Postsecondary",1.8571428571428568,1.1408,2.2969,2.4971428571428573
25-2011.00,"Preschool Teachers, Except Special Education",2.422142857142857,1.0442857142857145,2.243457142857143,1.8571428571428568
25-2012.00,"Kindergarten Teachers, Except Special Education",2.1492,1.077942857142857,3.2332142857142854,2.044642857142857
25-2021.00,"Elementary School Teachers, Except Special Education",2.524285714285714,1.1257142857142857,2.8532,2.5428571428571427
25-2022.00,"Middle School Teachers, Except Special and Career/Technical Education",1.9842857142857144,1.0803571428571428,3.663571428571428,2.596342857142857
25-2023.00,"Career/Technical Education Teachers, Middle School",2.086428571428572,1.0942857142857143,3.137485714285714,2.354914285714286
25-2031.00,"Secondary School Teachers, Except Special and Career/Technical Education",2.3192,1.0549142857142857,2.9584,2.4035714285714285
25-2032.00,"Career/Technical Education Teachers, Secondary School",2.3192,1.1106285714285715,3.66,2.662857142857143
25-2051.00,"Special Education Teachers, Preschool",1.9722285714285717,1.0535714285714286,2.3014,2.571428571428571
25-2056.00,"Special Education Teachers, Elementary School",2.3392857142857144,1.1785714285714286,2.7394,2.524285714285714
25-2057.00,"Special Education Teachers, Middle School",2.3857142857142857,1.0549142857142857,1.9964,2.645714285714285
25-2058.00,"Special Education Teachers, Secondary School",2.071428571428571,1.0942857142857143,3.080628571428571,2.645714285714285
25-2059.01,Adapted Physical Education Specialists,2.125,1.1408,3.095785714285714,2.596342857142857
25-3011.00,"Adult Basic Education, Adult Secondary Education, and English as a Second Language Instructors",2.0028571428571427,1.1408,3.023542857142857,2.4522285714285714
25-3021.00,Self-Enrichment Teachers,1.9285714285714288,1.0803571428571428,2.983428571428572,1.8914285714285717
25-3031.00,"Substitute Teachers, Short-Term",1.6364285714285711,1.062857142857143,1.5868,2.023657142857143
25-3041.00,Tutors,1.8914285714285717,1.0271428571428571,2.681857142857143,2.4035714285714285
25-4011.00,Archivists,1.8057142857142856,1.077942857142857,2.755,2.6950857142857143
25-4012.00,Curators,2.4714285714285715,1.0942857142857143,3.5029285714285714,2.9008000000000003
25-4013.00,Museum Technicians and Conservators,2.0608,1.1734857142857142,2.529571428571429,2.205357142857143
25-4022.00,Librarians and Media Collections Specialists,1.8057142857142856,1.0992,2.669914285714285,2.4035714285714285
25-4031.00,Library Technicians,1.302857142857143,1.0271428571428571,1.882514285714286,1.8057142857142856
25-9021.00,Farm and Home Management Educators,2.571428571428571,1.1885714285714286,2.6701428571428574,2.748571428571428
25-9031.00,Instructional Coordinators,2.4732142857142856,1.0803571428571428,2.8729142857142858,3.005714285714286
25-9042.00,"Teaching Assistants, Preschool, Elementary, Middle, and Secondary School, Except Special Education",1.9257142857142855,1.0885714285714283,3.703742857142857,2.19
25-9043.00,"Teaching Assistants, Special Education",1.7857142857142856,1.062857142857143,1.989,1.9449142857142856
25-9044.00,"Teaching Assistants, Postsecondary",1.9842857142857144,1.1408,2.5361714285714285,2.086428571428572
27-1011.00,Art Directors,3.0335714285714284,1.0357142857142856,4.521142857142857,2.36
27-1012.00,Craft Artists,2.8363428571428573,1.0357142857142856,3.7332857142857145,1.6875
27-1013.00,"Fine Artists, Including Painters, Sculptors, and Illustrators",3.2308,1.1107142857142858,4.159428571428571,1.7385714285714284
27-1014.00,Special Effects Artists and Animators,2.4285714285714284,1.22,4.006885714285715,1.9085714285714288
27-1021.00,Commercial and Industrial Designers,2.8020571428571426,2.096342857142857,3.0662714285714285,2.1750857142857143
27-1022.00,Fashion Designers,3.0335714285714284,1.1071428571428572,4.430857142857144,2.19
27-1023.00,Floral Designers,2.1677714285714287,1.0357142857142856,2.7056000000000004,1.5892857142857142
27-1024.00,Graphic Designers,2.7142857142857144,1.335714285714286,4.259285714285714,1.9642857142857144
27-1025.00,Interior Designers,2.782857142857143,1.1257142857142857,4.1752,2.4522285714285714
27-1026.00,Merchandise Displayers and Window Trimmers,2.044642857142857,1.0803571428571428,2.846171428571429,1.7734857142857143
27-1027.00,Set and Exhibit Designers,2.596342857142857,1.2036571428571428,4.369128571428572,2.0028571428571427
27-2011.00,Actors,2.327857142857143,1.0135714285714286,3.260342857142857,1.9077714285714285
27-2012.00,Producers and Directors,2.6696428571428568,1.231428571428571,3.718142857142857,2.6696428571428568
27-2012.03,Media Programming Directors,2.524285714285714,1.1071428571428572,3.466571428571428,2.524285714285714
27-2012.04,Talent Directors,2.216428571428572,1.0357142857142856,3.044285714285714,2.044642857142857
27-2012.05,Media Technical Directors/Managers,2.275,1.2036571428571428,2.9474285714285715,2.19
27-2021.00,Athletes and Sports Competitors,1.8057142857142856,1.1106285714285715,2.464728571428572,1.7200000000000002
27-2022.00,Coaches and Scouts,2.596342857142857,1.1885714285714286,2.6744,2.4971428571428573
27-2023.00,"Umpires, Referees, and Other Sports Officials",1.22,1.0357142857142856,1.285,1.625
27-2031.00,Dancers,1.9077714285714285,1.0020571428571428,2.305928571428572,1.5357142857142858
27-2032.00,Choreographers,2.821428571428571,1.0664285714285715,4.468485714285714,1.8571428571428568
27-2041.00,Music Directors and Composers,2.6185714285714288,1.1107142857142858,3.7889714285714295,2.19
27-2042.00,Musicians and Singers,2.19,1.1071428571428572,2.577142857142857,1.6875
27-3011.00,Broadcast Announcers and Radio Disc Jockeys,2.524285714285714,1.0020571428571428,3.7158,2.211428571428572
27-3023.00,"News Analysts, Reporters, and Journalists",2.0028571428571427,1.1339285714285714,2.720085714285714,2.821428571428571
27-3031.00,Public Relations Specialists,2.524285714285714,1.147857142857143,3.5332857142857144,2.7142857142857144
27-3041.00,Editors,2.3857142857142857,1.0549142857142857,2.999885714285714,3.321428571428572
27-3042.00,Technical Writers,1.8057142857142856,1.0206285714285714,2.4428714285714284,3.7714285714285714
27-3043.00,Writers and Authors,2.596342857142857,1.12,2.823328571428571,3.742857142857143
27-3043.05,"Poets, Lyricists and Creative Writers",3.005714285714286,1.0549142857142857,4.499757142857143,4.080357142857142
27-3091.00,Interpreters and Translators,1.8571428571428568,1.1257142857142857,2.4078857142857144,2.571428571428571
27-3092.00,Court Reporters and Simultaneous Captioners,1.1408,1.0,1.0554285714285714,2.105
27-4011.00,Audio and Video Technicians,1.7734857142857143,1.25,3.2995000000000005,1.9449142857142856
27-4012.00,Broadcast Technicians,1.8571428571428568,1.4017857142857142,2.3930285714285717,2.0028571428571427
27-4014.00,Sound Engineering Technicians,2.1492,1.28,3.900571428571428,1.9085714285714288
27-4021.00,Photographers,2.596342857142857,1.2036571428571428,3.702757142857142,1.7734857142857143
27-4031.00,"Camera Operators, Television, Video, and Film",1.9449142857142856,1.2857142857142856,3.592,1.7734857142857143
27-4032.00,Film and Video Editors,2.2928571428571427,1.147857142857143,3.7388857142857135,1.9449142857142856
29-1011.00,Chiropractors,1.837942857142857,1.0803571428571428,2.3930285714285717,2.524285714285714
29-1021.00,"Dentists, General",2.1750857142857143,1.302857142857143,2.7009142857142856,2.2857142857142856
29-1022.00,Oral and Maxillofacial Surgeons,2.205357142857143,1.268571428571429,2.694471428571428,2.3857142857142857
29-1023.00,Orthodontists,1.9285714285714288,1.2857142857142856,2.677857142857143,2.36
29-1024.00,Prosthodontists,1.9449142857142856,1.268571428571429,3.5449,2.19
29-1031.00,Dietitians and Nutritionists,2.3857142857142857,1.1339285714285714,2.3647142857142853,2.748571428571428
29-1041.00,Optometrists,1.8057142857142856,1.1106285714285715,2.3085714285714287,2.7142857142857144
29-1051.00,Pharmacists,1.6942857142857144,1.0885714285714283,1.6387142857142858,2.645714285714285
29-1071.00,Physician Assistants,1.8057142857142856,1.1408,2.2042,2.7142857142857144
29-1071.01,Anesthesiologist Assistants,1.6063428571428573,1.147857142857143,2.403,2.06
29-1081.00,Podiatrists,1.9657142857142855,1.4249999999999998,2.6107428571428573,2.748571428571428
29-1122.00,Occupational Therapists,2.524285714285714,1.1734857142857142,3.2395714285714283,2.7142857142857144
29-1122.01,"Low Vision Therapists, Orientation and Mobility Specialists, and Vision Rehabilitation Therapists",2.086428571428572,1.231428571428571,2.588571428571428,2.571428571428571
29-1123.00,Physical Therapists,1.8914285714285717,1.2036571428571428,2.791728571428571,2.645714285714285
29-1124.00,Radiation Therapists,1.467857142857143,1.1257142857142857,2.0721142857142856,1.9842857142857144
29-1125.00,Recreational Therapists,2.205357142857143,1.1408,3.4467142857142856,2.645714285714285
29-1126.00,Respiratory Therapists,1.8057142857142856,1.2208,1.8668714285714287,2.06
29-1127.00,Speech-Language Pathologists,2.2471428571428573,1.2363428571428572,2.600942857142857,2.877142857142857
29-1128.00,Exercise Physiologists,2.1357142857142857,1.25,2.2878857142857143,2.645714285714285
29-1129.01,Art Therapists,2.2471428571428573,1.1257142857142857,4.258514285714286,2.4971428571428573
29-1129.02,Music Therapists,2.4522285714285714,1.157142857142857,4.122742857142857,2.205357142857143
29-1131.00,Veterinarians,1.9657142857142855,1.1257142857142857,1.787057142857143,2.4714285714285715
29-1141.00,Registered Nurses,1.8914285714285717,1.1408,2.6373571428571427,2.524285714285714
29-1141.01,Acute Care Nurses,1.8571428571428568,1.1734857142857142,2.503542857142857,2.7142857142857144
29-1141.02,Advanced Practice Psychiatric Nurses,2.105,1.0664285714285715,3.0692142857142857,2.7142857142857144
29-1141.03,Critical Care Nurses,1.9842857142857144,1.1257142857142857,2.341814285714286,2.36
29-1141.04,Clinical Nurse Specialists,1.9657142857142855,1.0357142857142856,2.8018857142857145,2.645714285714285
29-1151.00,Nurse Anesthetists,1.9842857142857144,1.1257142857142857,2.5006,2.19
29-1161.00,Nurse Midwives,1.8571428571428568,1.0942857142857143,2.470285714285714,2.645714285714285
29-1171.00,Nurse Practitioners,1.8914285714285717,1.1071428571428572,2.5694857142857144,2.7142857142857144
29-1181.00,Audiologists,1.9085714285714288,1.1885714285714286,2.2517428571428573,2.821428571428571
29-1211.00,Anesthesiologists,1.8057142857142856,1.0885714285714283,2.4632,2.7142857142857144
29-1213.00,Dermatologists,2.0,1.1257142857142857,1.6446,2.4285714285714284
29-1214.00,Emergency Medicine Physicians,2.4522285714285714,1.0442857142857145,2.3940571428571427,2.8363428571428573
29-1215.00,Family Medicine Physicians,1.8914285714285717,1.0135714285714286,1.441,2.8363428571428573
29-1216.00,General Internal Medicine Physicians,2.0342857142857143,1.0942857142857143,2.2122,2.765714285714286
29-1217.00,Neurologists,2.3192,1.1257142857142857,3.052914285714285,2.877142857142857
29-1218.00,Obstetricians and Gynecologists,1.9449142857142856,1.0271428571428571,2.4025,2.7142857142857144
29-1221.00,"Pediatricians, General",1.9285714285714288,1.0206285714285714,1.4641,2.7142857142857144
29-1222.00,"Physicians, Pathologists",2.0,1.1885714285714286,2.4041571428571427,3.2285714285714286
29-1223.00,Psychiatrists,2.1635714285714283,1.0442857142857145,2.7178571428571425,2.9522285714285714
29-1224.00,Radiologists,1.8914285714285717,1.0535714285714286,2.2939,2.9522285714285714
29-1229.01,Allergists and Immunologists,2.275,1.1408,2.2672,2.894285714285714
29-1229.02,Hospitalists,2.071428571428571,1.0664285714285715,2.3028571428571425,2.8020571428571426
29-1229.03,Urologists,1.9842857142857144,1.0271428571428571,3.1366428571428573,2.8363428571428573
29-1229.04,Physical Medicine and Rehabilitation Physicians,2.3192,1.2142857142857144,2.678857142857143,2.571428571428571
29-1229.05,Preventive Medicine Physicians,2.4971428571428573,1.0549142857142857,2.7812714285714284,3.1750857142857143
29-1229.06,Sports Medicine Physicians,2.25,1.2036571428571428,2.814057142857143,2.524285714285714
29-1241.00,"Ophthalmologists, Except Pediatric",2.1750857142857143,1.1785714285714286,2.498828571428571,2.7142857142857144
29-1291.00,Acupuncturists,1.8057142857142856,1.0206285714285714,2.6019428571428573,2.06
29-1292.00,Dental Hygienists,1.4906285714285716,1.1106285714285715,2.4234285714285715,1.9449142857142856
29-1299.01,Naturopathic Physicians,2.2471428571428573,1.0942857142857143,2.8029714285714284,2.7142857142857144
29-1299.02,Orthoptists,1.8914285714285717,1.157142857142857,1.8767714285714288,2.4285714285714284
29-2011.00,Medical and Clinical Laboratory Technologists,1.5892857142857142,1.0357142857142856,1.9312857142857145,2.096342857142857
29-2011.01,Cytogenetic Technologists,1.8057142857142856,1.0535714285714286,1.7542857142857144,2.571428571428571
29-2011.02,Cytotechnologists,1.4017857142857142,1.0271428571428571,1.3257142857142856,1.9657142857142855
29-2011.04,Histotechnologists,1.7200000000000002,1.0885714285714283,1.5325714285714285,1.9842857142857144
29-2012.00,Medical and Clinical Laboratory Technicians,1.7734857142857143,1.197142857142857,2.0123,1.9085714285714288
29-2012.01,Histology Technicians,1.302857142857143,1.077942857142857,1.6528,1.8571428571428568
29-2031.00,Cardiovascular Technologists and Technicians,1.5614285714285714,1.0942857142857143,1.838514285714285,2.06
29-2032.00,Diagnostic Medical Sonographers,1.822857142857143,1.1785714285714286,1.9320857142857144,2.086428571428572
29-2033.00,Nuclear Medicine Technologists,1.6875,1.0803571428571428,1.8093285714285716,2.2071428571428573
29-2034.00,Radiologic Technologists and Technicians,1.3785714285714286,1.077942857142857,1.7714285714285714,1.8571428571428568
29-2035.00,Magnetic Resonance Imaging Technologists,1.6364285714285711,1.0442857142857145,2.3788,1.9449142857142856
29-2036.00,Medical Dosimetrists,1.9657142857142855,1.157142857142857,3.084928571428572,2.7207142857142856
29-2051.00,Dietetic Technicians,1.8914285714285717,1.1071428571428572,2.158428571428572,1.9449142857142856
29-2052.00,Pharmacy Technicians,1.32,1.0803571428571428,1.627,1.8571428571428568
29-2053.00,Psychiatric Technicians,1.6942857142857144,1.0942857142857143,1.6833999999999998,2.0028571428571427
29-2055.00,Surgical Technologists,1.5357142857142858,1.1408,2.007428571428571,1.8057142857142856
29-2056.00,Veterinary Technologists and Technicians,1.8057142857142856,1.1257142857142857,1.764342857142857,1.9642857142857144
29-2057.00,Ophthalmic Medical Technicians,1.268571428571429,1.0,1.404585714285714,1.9085714285714288
29-2061.00,Licensed Practical and Licensed Vocational Nurses,1.6665142857142858,1.1071428571428572,1.9126142857142856,2.0028571428571427
29-2081.00,"Opticians, Dispensing",1.8057142857142856,1.157142857142857,2.590557142857143,2.044642857142857
29-2091.00,Orthotists and Prosthetists,2.096342857142857,1.837942857142857,3.1785714285714284,2.821428571428571
29-2092.00,Hearing Aid Specialists,1.5614285714285714,1.147857142857143,2.0690857142857144,1.9085714285714288
29-2099.01,Neurodiagnostic Technologists,1.4928571428571429,1.0357142857142856,2.000842857142857,2.1492
29-2099.05,Ophthalmic Medical Technologists,1.4910714285714284,1.0206285714285714,1.3928571428571428,2.06
29-2099.08,Patient Representatives,1.8057142857142856,1.0803571428571428,1.7431428571428569,2.205357142857143
29-9091.00,Athletic Trainers,1.9449142857142856,1.22,2.979571428571429,2.3857142857142857
29-9092.00,Genetic Counselors,1.9449142857142856,1.0442857142857145,1.8620285714285716,2.748571428571428
29-9093.00,Surgical Assistants,1.7734857142857143,1.0992,2.295857142857143,2.023657142857143
29-9099.01,Midwives,1.8057142857142856,1.0664285714285715,2.4025,2.096342857142857
31-1121.00,Home Health Aides,1.7200000000000002,1.0089285714285714,2.175657142857143,1.872228571428572
31-1122.00,Personal Care Aides,1.394285714285714,1.0135714285714286,2.620285714285714,1.7734857142857143
31-1131.00,Nursing Assistants,1.302857142857143,1.0442857142857145,2.211785714285714,1.6875
31-1132.00,Orderlies,1.2857142857142856,1.0042857142857142,1.323314285714286,1.5207142857142857
31-1133.00,Psychiatric Aides,1.6875,1.0664285714285715,2.684571428571429,1.9085714285714288
31-2011.00,Occupational Therapy Assistants,1.837942857142857,1.0942857142857143,3.2631428571428573,2.086428571428572
31-2012.00,Occupational Therapy Aides,1.6063428571428573,1.0442857142857145,2.4508,1.9085714285714288
31-2021.00,Physical Therapist Assistants,1.7200000000000002,1.157142857142857,2.6236,2.0028571428571427
31-2022.00,Physical Therapist Aides,1.3785714285714286,1.1408,2.4952428571428573,1.8571428571428568
31-9011.00,Massage Therapists,1.7200000000000002,1.12,2.2138857142857145,1.822857142857143
31-9091.00,Dental Assistants,1.5785714285714287,1.1071428571428572,2.1253,1.8571428571428568
31-9092.00,Medical Assistants,1.6875,1.0442857142857145,2.218642857142857,2.105
31-9093.00,Medical Equipment Preparers,1.2857142857142856,1.0357142857142856,2.4261142857142857,1.7385714285714284
31-9094.00,Medical Transcriptionists,1.1885714285714286,1.0020571428571428,1.0765,2.4893714285714283
31-9095.00,Pharmacy Aides,1.1885714285714286,1.0549142857142857,2.124557142857143,1.625
31-9096.00,Veterinary Assistants and Laboratory Animal Caretakers,1.3571428571428572,1.0942857142857143,1.8961,1.9842857142857144
31-9097.00,Phlebotomists,1.4179428571428572,1.0549142857142857,1.9415714285714287,1.9085714285714288
31-9099.01,Speech-Language Pathology Assistants,1.8914285714285717,1.1071428571428572,2.9338,1.9842857142857144
31-9099.02,Endoscopy Technicians,1.2857142857142856,1.0549142857142857,2.035557142857143,1.9085714285714288
33-1011.00,First-Line Supervisors of Correctional Officers,1.6875,1.0549142857142857,2.1517857142857144,2.2928571428571427
33-1012.00,First-Line Supervisors of Police and Detectives,1.8914285714285717,1.0442857142857145,2.500857142857143,2.571428571428571
33-1021.00,First-Line Supervisors of Firefighting and Prevention Workers,2.044642857142857,1.12,2.758857142857143,2.086428571428572
33-1091.00,First-Line Supervisors of Security Workers,1.6364285714285711,1.0357142857142856,2.174442857142857,2.4035714285714285
33-2011.00,Firefighters,1.6364285714285711,1.1339285714285714,2.2366,1.8728571428571428
33-2021.00,Fire Inspectors and Investigators,1.8571428571428568,1.1408,2.0182857142857142,2.2928571428571427
33-2022.00,Forest Fire Inspectors and Prevention Specialists,1.8571428571428568,1.0942857142857143,2.2214,1.9085714285714288
33-3011.00,Bailiffs,1.197142857142857,1.0135714285714286,1.9730285714285716,1.4017857142857142
33-3012.00,Correctional Officers and Jailers,1.4017857142857142,1.0664285714285715,2.4765571428571427,1.8571428571428568
33-3021.00,Detectives and Criminal Investigators,1.9449142857142856,1.077942857142857,2.6309714285714287,2.2308
33-3021.02,Police Identification and Records Officers,1.7734857142857143,1.0549142857142857,2.330171428571429,2.044642857142857
33-3021.06,Intelligence Analysts,2.06,1.0664285714285715,3.145342857142857,2.7142857142857144
33-3031.00,Fish and Game Wardens,1.8057142857142856,1.0803571428571428,3.014428571428572,2.023657142857143
33-3041.00,Parking Enforcement Workers,1.3214285714285714,1.0206285714285714,2.341414285714286,1.6391999999999998
33-3051.00,Police and Sheriff's Patrol Officers,1.7857142857142856,1.0664285714285715,2.2793142857142854,2.125
33-3051.04,Customs and Border Protection Officers,1.5508,1.0357142857142856,2.1227285714285715,2.4035714285714285
33-3052.00,Transit and Railroad Police,1.8571428571428568,1.0442857142857145,1.9571428571428573,1.9642857142857144
33-9011.00,Animal Control Workers,1.6364285714285711,1.0020571428571428,2.6497,1.8571428571428568
33-9021.00,Private Detectives and Investigators,1.8914285714285717,1.0549142857142857,2.325028571428572,2.354914285714286
33-9031.00,Gambling Surveillance Officers and Gambling Investigators,1.3392000000000002,1.0549142857142857,2.2321428571428568,1.9449142857142856
33-9032.00,Security Guards,1.3785714285714286,1.0042857142857142,2.574942857142857,1.6875
33-9091.00,Crossing Guards and Flaggers,1.1106285714285715,1.0,1.3591,1.25
33-9092.00,"Lifeguards, Ski Patrol, and Other Recreational Protective Service Workers",1.2857142857142856,1.0,1.6869285714285716,1.5614285714285714
33-9093.00,Transportation Security Screeners,1.51,1.0,1.414,1.7036571428571428
33-9099.02,Retail Loss Prevention Specialists,1.5892857142857142,1.077942857142857,2.188,1.9842857142857144
35-1011.00,Chefs and Head Cooks,2.3192,1.0664285714285715,2.5021142857142857,1.9449142857142856
35-1012.00,First-Line Supervisors of Food Preparation and Serving Workers,1.7200000000000002,1.0357142857142856,2.015257142857143,1.8914285714285717
35-2011.00,"Cooks, Fast Food",1.2857142857142856,1.0089285714285714,1.5523428571428572,1.2857142857142856
35-2012.00,"Cooks, Institution and Cafeteria",1.5785714285714287,1.0664285714285715,1.5239428571428573,1.655
35-2013.00,"Cooks, Private Household",1.8914285714285717,1.0664285714285715,2.4118,1.7385714285714284
35-2014.00,"Cooks, Restaurant",1.467857142857143,1.0,1.3489428571428572,1.3785714285714286
35-2015.00,"Cooks, Short Order",1.231428571428571,1.0020571428571428,1.350942857142857,1.3785714285714286
35-2021.00,Food Preparation Workers,1.22,1.0,1.2051999999999998,1.22
35-3011.00,Bartenders,1.7385714285714284,1.0357142857142856,1.9985714285714289,1.75
35-3023.00,Fast Food and Counter Workers,1.25,1.0089285714285714,1.2569285714285714,1.25
35-3023.01,Baristas,1.4542857142857144,1.0271428571428571,1.6024,1.5508
35-3031.00,Waiters and Waitresses,1.268571428571429,1.0,1.58,1.32
35-3041.00,"Food Servers, Nonrestaurant",1.268571428571429,1.0803571428571428,1.6156428571428572,1.302857142857143
35-9011.00,Dining Room and Cafeteria Attendants and Bartender Helpers,1.25,1.0020571428571428,1.8585428571428573,1.1785714285714286
35-9021.00,Dishwashers,1.22,1.0,1.2754,1.1607142857142858
35-9031.00,"Hosts and Hostesses, Restaurant, Lounge, and Coffee Shop",1.22,1.0,1.3088571428571427,1.32
37-1011.00,First-Line Supervisors of Housekeeping and Janitorial Workers,1.5207142857142857,1.0206285714285714,2.218171428571429,1.8057142857142856
37-1012.00,"First-Line Supervisors of Landscaping, Lawn Service, and Groundskeeping Workers",1.8057142857142856,1.1257142857142857,2.537,1.8571428571428568
37-2011.00,"Janitors and Cleaners, Except Maids and Housekeeping Cleaners",1.3008,1.0089285714285714,2.151685714285714,1.4435714285714285
37-2012.00,Maids and Housekeeping Cleaners,1.268571428571429,1.0,1.2975,1.32
37-2021.00,Pest Control Workers,1.6875,1.0549142857142857,2.024914285714286,2.1228571428571428
37-3011.00,Landscaping and Groundskeeping Workers,1.268571428571429,1.0549142857142857,2.1526,1.1339285714285714
37-3012.00,"Pesticide Handlers, Sprayers, and Applicators, Vegetation",1.4179428571428572,1.0206285714285714,2.0121571428571428,1.4821428571428572
37-3013.00,Tree Trimmers and Pruners,1.4017857142857142,1.0549142857142857,1.9758571428571428,1.5357142857142858
39-1013.00,First-Line Supervisors of Gambling Services Workers,1.5614285714285714,1.0535714285714286,1.3925285714285711,2.105
39-1022.00,First-Line Supervisors of Personal Service Workers,1.8571428571428568,1.0549142857142857,2.046828571428571,2.0028571428571427
39-2011.00,Animal Trainers,1.9842857142857144,1.0803571428571428,2.9912714285714284,1.7385714285714284
39-2021.00,Animal Caretakers,1.268571428571429,1.0549142857142857,2.1361714285714286,1.625
39-3011.00,Gambling Dealers,1.28,1.0020571428571428,1.1242857142857143,1.4017857142857142
39-3012.00,Gambling and Sports Book Writers and Runners,1.25,1.0,1.435857142857143,1.7385714285714284
39-3021.00,Motion Picture Projectionists,1.2857142857142856,1.0042857142857142,1.19,1.44
39-3031.00,"Ushers, Lobby Attendants, and Ticket Takers",1.3571428571428572,1.0,1.3465285714285715,1.3785714285714286
39-3091.00,Amusement and Recreation Attendants,1.2857142857142856,1.0336571428571428,2.0163571428571427,1.4285714285714286
39-3092.00,Costume Attendants,1.8914285714285717,1.0549142857142857,3.078228571428572,1.51
39-3093.00,"Locker Room, Coatroom, and Dressing Room Attendants",1.0942857142857143,1.0,1.3375428571428571,1.3785714285714286
39-4011.00,Embalmers,1.542142857142857,1.1257142857142857,2.319842857142857,1.9085714285714288
39-4021.00,Funeral Attendants,1.2036571428571428,1.0089285714285714,1.4702142857142857,1.3785714285714286
39-4031.00,"Morticians, Undertakers, and Funeral Arrangers",1.8571428571428568,1.0664285714285715,2.645442857142857,2.2471428571428573
39-5011.00,Barbers,1.5614285714285714,1.0357142857142856,2.830857142857143,1.2857142857142856
39-5012.00,"Hairdressers, Hairstylists, and Cosmetologists",2.225714285714286,1.1071428571428572,2.7950285714285714,1.7734857142857143
39-5091.00,"Makeup Artists, Theatrical and Performance",2.2928571428571427,1.1071428571428572,3.6571,1.7734857142857143
39-5092.00,Manicurists and Pedicurists,1.4906285714285716,1.0942857142857143,1.5725714285714285,1.3008
39-5093.00,Shampooers,1.231428571428571,1.0206285714285714,1.737428571428571,1.394285714285714
39-5094.00,Skincare Specialists,1.7385714285714284,1.0271428571428571,2.261628571428571,1.7036571428571428
39-6011.00,Baggage Porters and Bellhops,1.394285714285714,1.0089285714285714,1.7911,1.5300000000000002
39-6012.00,Concierges,1.8571428571428568,1.0942857142857143,2.843571428571429,1.75
39-7011.00,Tour Guides and Escorts,1.467857142857143,1.0549142857142857,1.839742857142857,1.4017857142857142
39-7012.00,Travel Guides,1.9285714285714288,1.1071428571428572,2.967428571428572,1.9842857142857144
39-9011.00,Childcare Workers,1.7734857142857143,1.0942857142857143,2.393714285714286,1.822857142857143
39-9011.01,Nannies,1.9085714285714288,1.1257142857142857,2.563428571428571,1.822857142857143
39-9031.00,Exercise Trainers and Group Fitness Instructors,1.8571428571428568,1.1071428571428572,3.023857142857143,1.6942857142857144
39-9032.00,Recreation Workers,2.06,1.1257142857142857,3.2779428571428566,1.9449142857142856
39-9041.00,Residential Advisors,1.8057142857142856,1.1106285714285715,2.1286,1.8571428571428568
41-1011.00,First-Line Supervisors of Retail Sales Workers,1.8914285714285717,1.1106285714285715,1.6894714285714283,2.0342857142857143
41-1012.00,First-Line Supervisors of Non-Retail Sales Workers,1.9077714285714285,1.0357142857142856,2.252714285714286,2.4971428571428573
41-2011.00,Cashiers,1.2857142857142856,1.0,1.2811428571428571,1.3392000000000002
41-2012.00,Gambling Change Persons and Booth Cashiers,1.302857142857143,1.0,1.3760285714285714,1.655
41-2021.00,Counter and Rental Clerks,1.3785714285714286,1.0664285714285715,1.8429571428571427,1.8571428571428568
41-2022.00,Parts Salespersons,1.625,1.0357142857142856,2.4459714285714287,1.7857142857142856
41-2031.00,Retail Salespersons,1.7036571428571428,1.1257142857142857,1.9122285714285716,1.8571428571428568
41-3011.00,Advertising Sales Agents,2.086428571428572,1.1408,3.2507999999999995,2.023657142857143
41-3021.00,Insurance Sales Agents,1.75,1.0803571428571428,2.2445285714285714,2.354914285714286
41-3031.00,"Securities, Commodities, and Financial Services Sales Agents",1.8571428571428568,1.077942857142857,2.0974,2.19
41-3041.00,Travel Agents,1.8571428571428568,1.0942857142857143,1.8642,1.9085714285714288
41-4011.00,"Sales Representatives, Wholesale and Manufacturing, Technical and Scientific Products",2.0342857142857143,1.231428571428571,1.6355,2.2308
41-4011.07,Solar Sales Representatives and Assessors,1.8571428571428568,1.1734857142857142,2.232028571428572,1.9085714285714288
41-4012.00,"Sales Representatives, Wholesale and Manufacturing, Except Technical and Scientific Products",1.8571428571428568,1.0664285714285715,2.657542857142857,2.044642857142857
41-9011.00,Demonstrators and Product Promoters,1.8057142857142856,1.1106285714285715,1.9933,1.8571428571428568
41-9012.00,Models,1.4542857142857144,1.0357142857142856,2.3788,1.2857142857142856
41-9021.00,Real Estate Brokers,1.5614285714285714,1.0206285714285714,2.4976000000000003,2.19
41-9022.00,Real Estate Sales Agents,1.7385714285714284,1.0549142857142857,2.746642857142857,2.19
41-9031.00,Sales Engineers,2.275,1.7200000000000002,2.812142857142857,2.571428571428571
41-9041.00,Telemarketers,1.3785714285714286,1.0089285714285714,2.480457142857143,1.5357142857142858
41-9091.00,"Door-to-Door Sales Workers, News and Street Vendors, and Related Workers",1.8057142857142856,1.0803571428571428,1.6821714285714284,1.7385714285714284
43-1011.00,First-Line Supervisors of Office and Administrative Support Workers,2.1492,1.0442857142857145,2.387928571428571,2.4732142857142856
43-2011.00,"Switchboard Operators, Including Answering Service",1.25,1.0,1.1354714285714285,1.595
43-2021.00,Telephone Operators,1.22,1.0089285714285714,1.4618857142857145,1.4017857142857142
43-3011.00,Bill and Account Collectors,1.5614285714285714,1.0,1.4270285714285715,2.0028571428571427
43-3021.00,Billing and Posting Clerks,1.25,1.0135714285714286,1.4778285714285713,1.822857142857143
43-3031.00,"Bookkeeping, Accounting, and Auditing Clerks",1.22,1.0020571428571428,1.5638285714285716,1.9449142857142856
43-3041.00,Gambling Cage Workers,1.3008,1.0,1.2964,1.8571428571428568
43-3051.00,Payroll and Timekeeping Clerks,1.3392000000000002,1.0206285714285714,1.7933285714285714,1.9449142857142856
43-3061.00,Procurement Clerks,1.4435714285714285,1.0357142857142856,1.6278142857142857,2.216428571428572
43-3071.00,Tellers,1.4017857142857142,1.0271428571428571,1.725142857142857,1.8571428571428568
43-4011.00,Brokerage Clerks,1.5508,1.0,1.3011285714285714,2.06
43-4021.00,Correspondence Clerks,1.7385714285714284,1.0089285714285714,1.498342857142857,2.765714285714286
43-4031.00,"Court, Municipal, and License Clerks",1.3571428571428572,1.0535714285714286,1.5333142857142856,2.19
43-4041.00,"Credit Authorizers, Checkers, and Clerks",1.3392000000000002,1.0,1.4178571428571427,1.9449142857142856
43-4051.00,Customer Service Representatives,1.655,1.1106285714285715,1.6790000000000005,1.8571428571428568
43-4061.00,"Eligibility Interviewers, Government Programs",1.5614285714285714,1.0089285714285714,1.8112,2.524285714285714
43-4071.00,File Clerks,1.6714285714285717,1.0206285714285714,2.055871428571429,1.9085714285714288
43-4081.00,"Hotel, Motel, and Resort Desk Clerks",1.6391999999999998,1.1106285714285715,1.7693714285714286,1.7734857142857143
43-4111.00,"Interviewers, Except Eligibility and Loan",1.4821428571428572,1.0135714285714286,2.0197142857142856,2.086428571428572
43-4121.00,"Library Assistants, Clerical",1.32,1.0206285714285714,2.0241,1.8571428571428568
43-4131.00,Loan Interviewers and Clerks,1.6364285714285711,1.0803571428571428,2.180771428571429,2.4522285714285714
43-4141.00,New Accounts Clerks,1.28,1.0089285714285714,1.3003857142857145,1.8571428571428568
43-4151.00,Order Clerks,1.3571428571428572,1.0089285714285714,1.9971285714285711,1.9085714285714288
43-4161.00,"Human Resources Assistants, Except Payroll and Timekeeping",1.4821428571428572,1.0664285714285715,1.830514285714286,2.2928571428571427
43-4171.00,Receptionists and Information Clerks,1.394285714285714,1.0,1.3489142857142855,1.8571428571428568
43-4181.00,Reservation and Transportation Ticket Agents and Travel Clerks,1.6875,1.0357142857142856,1.5716571428571429,1.9085714285714288
43-5011.00,Cargo and Freight Agents,1.4017857142857142,1.0206285714285714,1.9614,1.8571428571428568
43-5011.01,Freight Forwarders,1.6875,1.0803571428571428,3.2422,2.0028571428571427
43-5021.00,Couriers and Messengers,1.335714285714286,1.0206285714285714,1.3503571428571428,1.7857142857142856
43-5031.00,Public Safety Telecommunicators,1.7200000000000002,1.0803571428571428,2.1811,1.8571428571428568
43-5032.00,"Dispatchers, Except Police, Fire, and Ambulance",1.6875,1.0664285714285715,1.822857142857143,1.872228571428572
43-5041.00,"Meter Readers, Utilities",1.3571428571428572,1.0442857142857145,1.5861142857142858,1.6364285714285711
43-5051.00,Postal Service Clerks,1.268571428571429,1.0357142857142856,1.4849285714285714,1.8057142857142856
43-5052.00,Postal Service Mail Carriers,1.197142857142857,1.0,1.1326857142857143,1.3392000000000002
43-5053.00,"Postal Service Mail Sorters, Processors, and Processing Machine Operators",1.2036571428571428,1.0,1.297414285714286,1.335714285714286
43-5061.00,"Production, Planning, and Expediting Clerks",1.5614285714285714,1.1257142857142857,2.0782857142857143,1.9085714285714288
43-5071.00,"Shipping, Receiving, and Inventory Clerks",1.3392000000000002,1.1106285714285715,1.7228571428571426,1.6364285714285711
43-5111.00,"Weighers, Measurers, Checkers, and Samplers, Recordkeeping",1.3785714285714286,1.0271428571428571,1.8289714285714287,1.8057142857142856
43-6011.00,Executive Secretaries and Executive Administrative Assistants,1.8571428571428568,1.0803571428571428,2.5015,2.4732142857142856
43-6012.00,Legal Secretaries and Administrative Assistants,1.5207142857142857,1.0271428571428571,1.9297714285714287,2.596342857142857
43-6013.00,Medical Secretaries and Administrative Assistants,1.2857142857142856,1.0089285714285714,1.7722,1.9085714285714288
43-6014.00,"Secretaries and Administrative Assistants, Except Legal, Medical, and Executive",1.2857142857142856,1.0357142857142856,1.8742857142857143,2.375
43-9021.00,Data Entry Keyers,1.2857142857142856,1.0206285714285714,1.8685714285714288,1.8571428571428568
43-9022.00,Word Processors and Typists,1.22,1.0942857142857143,1.731542857142857,2.044642857142857
43-9031.00,Desktop Publishers,2.596342857142857,1.22,3.124,2.096342857142857
43-9041.00,Insurance Claims and Policy Processing Clerks,1.3785714285714286,1.0020571428571428,1.3666857142857145,1.9449142857142856
43-9051.00,"Mail Clerks and Mail Machine Operators, Except Postal Service",1.2857142857142856,1.0089285714285714,1.5518,1.7385714285714284
43-9061.00,"Office Clerks, General",1.32,1.0206285714285714,1.6026,1.9449142857142856
43-9071.00,"Office Machine Operators, Except Computer",1.3392000000000002,1.0803571428571428,2.097714285714286,1.7385714285714284
43-9081.00,Proofreaders and Copy Markers,1.2036571428571428,1.0,1.3799,2.4971428571428573
43-9111.00,Statistical Assistants,1.8914285714285717,1.1257142857142857,1.8688,2.3392857142857144
45-1011.00,"First-Line Supervisors of Farming, Fishing, and Forestry Workers",1.6942857142857144,1.1734857142857142,1.9466714285714288,2.06
45-2011.00,Agricultural Inspectors,1.5785714285714287,1.0803571428571428,1.672,2.096342857142857
45-2021.00,Animal Breeders,1.2363428571428572,1.0089285714285714,1.388842857142857,1.6875
45-2041.00,"Graders and Sorters, Agricultural Products",1.0336571428571428,1.0,1.4747428571428571,1.2464285714285714
45-2091.00,Agricultural Equipment Operators,1.2208,1.0357142857142856,1.984114285714286,1.28
45-2092.00,"Farmworkers and Laborers, Crop, Nursery, and Greenhouse",1.4628571428571429,1.0535714285714286,2.0459428571428573,1.625
45-2093.00,"Farmworkers, Farm, Ranch, and Aquacultural Animals",1.5207142857142857,1.0206285714285714,1.6986571428571429,1.6364285714285711
45-3031.00,Fishing and Hunting Workers,1.595,1.0535714285714286,2.6730857142857145,1.3785714285714286
45-4011.00,Forest and Conservation Workers,1.4906285714285716,1.0206285714285714,2.1121,1.5508
45-4021.00,Fallers,1.2825,1.0,1.0661142857142858,1.157142857142857
45-4022.00,Logging Equipment Operators,1.3392000000000002,1.0089285714285714,2.194171428571429,1.595
45-4023.00,Log Graders and Scalers,1.4542857142857144,1.0206285714285714,1.8492,1.8571428571428568
47-1011.00,First-Line Supervisors of Construction Trades and Extraction Workers,1.837942857142857,1.0535714285714286,2.491342857142857,1.8914285714285717
47-1011.03,Solar Energy Installation Managers,1.837942857142857,1.2036571428571428,2.0771714285714284,1.9285714285714288
47-2011.00,Boilermakers,1.32,1.0549142857142857,1.6953714285714288,1.6665142857142858
47-2021.00,Brickmasons and Blockmasons,1.4906285714285716,1.0664285714285715,2.2006,1.3785714285714286
47-2022.00,Stonemasons,1.655,1.1408,2.617257142857143,1.5508
47-2031.00,Carpenters,1.8057142857142856,1.0942857142857143,2.498828571428571,1.7036571428571428
47-2041.00,Carpet Installers,1.3785714285714286,1.0885714285714283,1.8859142857142857,1.25
47-2042.00,"Floor Layers, Except Carpet, Wood, and Hard Tiles",1.4959857142857145,1.0135714285714286,2.242,1.4435714285714285
47-2043.00,Floor Sanders and Finishers,1.2857142857142856,1.0206285714285714,2.498,1.3008
47-2044.00,Tile and Stone Setters,1.7200000000000002,1.0664285714285715,2.5947,1.2857142857142856
47-2051.00,Cement Masons and Concrete Finishers,1.32,1.0803571428571428,2.0865,1.268571428571429
47-2053.00,Terrazzo Workers and Finishers,1.2857142857142856,1.0206285714285714,2.044,1.2036571428571428
47-2061.00,Construction Laborers,1.2857142857142856,1.0442857142857145,2.3171714285714287,1.3571428571428572
47-2071.00,"Paving, Surfacing, and Tamping Equipment Operators",1.2036571428571428,1.0664285714285715,1.9104142857142856,1.2036571428571428
47-2072.00,Pile Driver Operators,1.2363428571428572,1.0357142857142856,2.3885714285714283,1.335714285714286
47-2073.00,Operating Engineers and Other Construction Equipment Operators,1.3392000000000002,1.1071428571428572,2.089785714285714,1.268571428571429
47-2081.00,Drywall and Ceiling Tile Installers,1.3785714285714286,1.0803571428571428,1.6035857142857144,1.3008
47-2082.00,Tapers,1.2142857142857144,1.0020571428571428,1.4038285714285714,1.2857142857142856
47-2111.00,Electricians,1.8057142857142856,1.32,2.4365428571428573,1.8914285714285717
47-2121.00,Glaziers,1.3571428571428572,1.0803571428571428,2.3796714285714287,1.3785714285714286
47-2131.00,"Insulation Workers, Floor, Ceiling, and Wall",1.4179428571428572,1.1071428571428572,1.8667,1.3392000000000002
47-2132.00,"Insulation Workers, Mechanical",1.3571428571428572,1.0357142857142856,2.1732571428571426,1.2857142857142856
47-2141.00,"Painters, Construction and Maintenance",1.2857142857142856,1.0206285714285714,2.411514285714285,1.2857142857142856
47-2142.00,Paperhangers,1.25,1.0089285714285714,1.5680714285714286,1.2857142857142856
47-2151.00,Pipelayers,1.2857142857142856,1.0549142857142857,1.6942428571428572,1.2857142857142856
47-2152.00,"Plumbers, Pipefitters, and Steamfitters",1.5614285714285714,1.1106285714285715,2.103142857142857,1.625
47-2152.04,Solar Thermal Installers and Technicians,1.8057142857142856,1.335714285714286,2.7607857142857144,1.837942857142857
47-2161.00,Plasterers and Stucco Masons,1.5300000000000002,1.0942857142857143,2.2177,1.36
47-2171.00,Reinforcing Iron and Rebar Workers,1.32,1.0942857142857143,1.6826285714285716,1.2036571428571428
47-2181.00,Roofers,1.4017857142857142,1.0803571428571428,2.2837,1.2857142857142856
47-2211.00,Sheet Metal Workers,1.4821428571428572,1.12,1.9528571428571428,1.3571428571428572
47-2221.00,Structural Iron and Steel Workers,1.625,1.1785714285714286,1.8848000000000005,1.4249999999999998
47-2231.00,Solar Photovoltaic Installers,1.4691999999999998,1.1734857142857142,2.055357142857143,1.5142857142857142
47-3011.00,"Helpers--Brickmasons, Blockmasons, Stonemasons, and Tile and Marble Setters",1.25,1.1106285714285715,2.2096,1.25
47-3012.00,Helpers--Carpenters,1.51,1.1257142857142857,2.1438571428571427,1.4249999999999998
47-3013.00,Helpers--Electricians,1.3785714285714286,1.0135714285714286,2.7381857142857142,1.4179428571428572
47-3014.00,"Helpers--Painters, Paperhangers, Plasterers, and Stucco Masons",1.3034857142857144,1.0,1.3839285714285714,1.25
47-3015.00,"Helpers--Pipelayers, Plumbers, Pipefitters, and Steamfitters",1.32,1.0549142857142857,3.0332,1.2142857142857144
47-3016.00,Helpers--Roofers,1.3125,1.077942857142857,2.7576285714285715,1.3785714285714286
47-4011.00,Construction and Building Inspectors,1.75,1.0803571428571428,1.9270857142857143,1.9449142857142856
47-4011.01,Energy Auditors,1.8571428571428568,1.25,2.0610285714285714,2.4522285714285714
47-4021.00,Elevator and Escalator Installers and Repairers,1.6875,1.157142857142857,1.4637857142857142,1.6875
47-4031.00,Fence Erectors,1.22,1.0442857142857145,1.5306857142857142,1.2857142857142856
47-4041.00,Hazardous Materials Removal Workers,1.6875,1.0357142857142856,1.8787,1.822857142857143
47-4051.00,Highway Maintenance Workers,1.32,1.0549142857142857,2.112042857142857,1.3008
47-4061.00,Rail-Track Laying and Maintenance Equipment Operators,1.3785714285714286,1.0803571428571428,2.2420857142857145,1.3785714285714286
47-4071.00,Septic Tank Servicers and Sewer Pipe Cleaners,1.3571428571428572,1.1257142857142857,1.8365714285714283,1.5614285714285714
47-4091.00,Segmental Pavers,1.6364285714285711,1.0714285714285714,2.1253714285714285,1.6063428571428573
47-4099.03,Weatherization Installers and Technicians,1.5165142857142857,1.2208,2.118785714285714,1.8057142857142856
47-5011.00,"Derrick Operators, Oil and Gas",1.3571428571428572,1.0020571428571428,1.5636571428571429,1.655
47-5012.00,"Rotary Drill Operators, Oil and Gas",1.5635714285714286,1.0271428571428571,2.3794142857142857,1.8571428571428568
47-5013.00,"Service Unit Operators, Oil and Gas",1.5508,1.0271428571428571,2.395428571428572,1.8571428571428568
47-5022.00,"Excavating and Loading Machine and Dragline Operators, Surface Mining",1.302857142857143,1.1408,2.2393857142857145,1.51
47-5023.00,"Earth Drillers, Except Oil and Gas",1.4179428571428572,1.1408,2.226285714285714,1.4691999999999998
47-5032.00,"Explosives Workers, Ordnance Handling Experts, and Blasters",1.8057142857142856,1.12,2.475,1.7734857142857143
47-5041.00,Continuous Mining Machine Operators,1.36,1.0664285714285715,1.8722285714285716,1.32
47-5043.00,"Roof Bolters, Mining",1.3392000000000002,1.0020571428571428,1.4286142857142856,1.36
47-5044.00,"Loading and Moving Machine Operators, Underground Mining",1.197142857142857,1.0,1.5370285714285714,1.2857142857142856
47-5051.00,"Rock Splitters, Quarry",1.268571428571429,1.0,1.5807142857142855,1.3392000000000002
47-5071.00,"Roustabouts, Oil and Gas",1.302857142857143,1.0357142857142856,2.277342857142857,1.3008
47-5081.00,Helpers--Extraction Workers,1.4435714285714285,1.1071428571428572,2.2566571428571427,1.4435714285714285
49-1011.00,"First-Line Supervisors of Mechanics, Installers, and Repairers",1.845,1.157142857142857,2.722785714285714,2.0
49-2011.00,"Computer, Automated Teller, and Office Machine Repairers",1.7200000000000002,1.268571428571429,2.113771428571429,1.8571428571428568
49-2021.00,"Radio, Cellular, and Tower Equipment Installers and Repairers",1.5677714285714286,1.1408,2.9228428571428573,1.8571428571428568
49-2022.00,"Telecommunications Equipment Installers and Repairers, Except Line Installers",1.7200000000000002,1.1734857142857142,2.294014285714286,1.8914285714285717
49-2091.00,Avionics Technicians,1.7385714285714284,1.1408,2.2155,2.0028571428571427
49-2092.00,"Electric Motor, Power Tool, and Related Repairers",1.7200000000000002,1.1339285714285714,2.351,1.7385714285714284
49-2093.00,"Electrical and Electronics Installers and Repairers, Transportation Equipment",1.4435714285714285,1.197142857142857,2.4522142857142857,1.8571428571428568
49-2094.00,"Electrical and Electronics Repairers, Commercial and Industrial Equipment",1.8571428571428568,1.3808,2.3761428571428573,1.8571428571428568
49-2095.00,"Electrical and Electronics Repairers, Powerhouse, Substation, and Relay",1.75,1.1257142857142857,2.1397285714285714,1.8057142857142856
49-2096.00,"Electronic Equipment Installers and Repairers, Motor Vehicles",1.7734857142857143,1.2208,2.9091571428571426,1.7734857142857143
49-2097.00,Audiovisual Equipment Installers and Repairers,1.7200000000000002,1.1071428571428572,2.5238,1.6875
49-2098.00,Security and Fire Alarm Systems Installers,1.6364285714285711,1.1106285714285715,1.9395142857142853,1.7734857142857143
49-3011.00,Aircraft Mechanics and Service Technicians,1.7734857142857143,1.1734857142857142,2.386,1.8571428571428568
49-3021.00,Automotive Body and Related Repairers,1.6391999999999998,1.1257142857142857,2.6475428571428576,1.4179428571428572
49-3022.00,Automotive Glass Installers and Repairers,1.2857142857142856,1.0549142857142857,2.0962,1.4691999999999998
49-3023.00,Automotive Service Technicians and Mechanics,1.6364285714285711,1.1071428571428572,2.0143,1.595
49-3031.00,Bus and Truck Mechanics and Diesel Engine Specialists,1.6364285714285711,1.1106285714285715,1.9767142857142856,1.6364285714285711
49-3041.00,Farm Equipment Mechanics and Service Technicians,1.3392000000000002,1.1408,2.257257142857142,1.7036571428571428
49-3042.00,"Mobile Heavy Equipment Mechanics, Except Engines",1.7200000000000002,1.2036571428571428,2.5309714285714286,1.822857142857143
49-3043.00,Rail Car Repairers,1.5300000000000002,1.1257142857142857,1.971142857142857,1.7385714285714284
49-3051.00,Motorboat Mechanics and Service Technicians,1.394285714285714,1.1106285714285715,1.8216,1.5357142857142858
49-3052.00,Motorcycle Mechanics,1.8571428571428568,1.1257142857142857,2.6769142857142856,1.7200000000000002
49-3053.00,Outdoor Power Equipment and Other Small Engine Mechanics,1.4906285714285716,1.0803571428571428,1.7885428571428572,1.5785714285714287
49-3091.00,Bicycle Repairers,1.625,1.1885714285714286,1.7450714285714286,1.6714285714285717
49-3092.00,Recreational Vehicle Service Technicians,1.6063428571428573,1.0664285714285715,1.9534857142857145,1.6364285714285711
49-3093.00,Tire Repairers and Changers,1.32,1.0271428571428571,1.8161714285714283,1.3785714285714286
49-9011.00,Mechanical Door Repairers,1.4906285714285716,1.2142857142857144,1.957,1.7200000000000002
49-9012.00,"Control and Valve Installers and Repairers, Except Mechanical Door",1.7385714285714284,1.1106285714285715,2.189757142857143,1.822857142857143
49-9021.00,"Heating, Air Conditioning, and Refrigeration Mechanics and Installers",1.655,1.1339285714285714,2.1386285714285718,1.7036571428571428
49-9031.00,Home Appliance Repairers,1.5693714285714286,1.1257142857142857,1.6726,1.6875
49-9041.00,Industrial Machinery Mechanics,1.6665142857142858,1.268571428571429,2.5167571428571427,1.6875
49-9043.00,"Maintenance Workers, Machinery",1.3571428571428572,1.1106285714285715,2.3662,1.4179428571428572
49-9044.00,Millwrights,1.5785714285714287,1.1734857142857142,2.394357142857143,1.655
49-9045.00,"Refractory Materials Repairers, Except Brickmasons",1.335714285714286,1.0664285714285715,1.6775,1.4821428571428572
49-9051.00,Electrical Power-Line Installers and Repairers,1.5892857142857142,1.1408,1.7774,1.5892857142857142
49-9052.00,Telecommunications Line Installers and Repairers,1.51,1.1106285714285715,2.246314285714286,1.6665142857142858
49-9061.00,Camera and Photographic Equipment Repairers,1.655,1.36,2.4406428571428576,1.6942857142857144
49-9062.00,Medical Equipment Repairers,1.6171428571428572,1.32,1.7196285714285715,1.75
49-9063.00,Musical Instrument Repairers and Tuners,1.6364285714285711,1.1408,2.755,1.7200000000000002
49-9064.00,Watch and Clock Repairers,1.6063428571428573,1.1408,2.149171428571429,1.4017857142857142
49-9071.00,"Maintenance and Repair Workers, General",1.4691999999999998,1.3008,2.9631000000000003,1.7734857142857143
49-9081.00,Wind Turbine Service Technicians,1.7200000000000002,1.1607142857142858,2.1385,1.7385714285714284
49-9091.00,"Coin, Vending, and Amusement Machine Servicers and Repairers",1.2857142857142856,1.0,1.3639428571428571,1.5785714285714287
49-9092.00,Commercial Divers,1.8571428571428568,1.0942857142857143,2.216,1.8571428571428568
49-9094.00,Locksmiths and Safe Repairers,1.3785714285714286,1.0942857142857143,2.8437714285714284,1.625
49-9095.00,Manufactured Building and Mobile Home Installers,1.876342857142857,1.2142857142857144,2.982571428571428,1.6665142857142858
49-9096.00,Riggers,1.4435714285714285,1.0442857142857145,1.988342857142857,1.4691999999999998
49-9097.00,Signal and Track Switch Repairers,1.2857142857142856,1.0442857142857145,1.4552571428571428,1.8057142857142856
49-9098.00,"Helpers--Installation, Maintenance, and Repair Workers",1.2857142857142856,1.0549142857142857,1.914642857142857,1.32
49-9099.01,Geothermal Technicians,1.7200000000000002,1.1885714285714286,2.1627857142857145,1.8571428571428568
51-1011.00,First-Line Supervisors of Production and Operating Workers,2.096342857142857,1.1785714285714286,2.4314714285714283,2.096342857142857
51-2011.00,"Aircraft Structure, Surfaces, Rigging, and Systems Assemblers",1.4928571428571429,1.268571428571429,2.670857142857143,1.75
51-2021.00,"Coil Winders, Tapers, and Finishers",1.0942857142857143,1.0803571428571428,1.5539857142857143,1.32
51-2022.00,Electrical and Electronic Equipment Assemblers,1.3392000000000002,1.0803571428571428,1.583257142857143,1.7036571428571428
51-2023.00,Electromechanical Equipment Assemblers,1.2857142857142856,1.1257142857142857,1.6002999999999998,1.4542857142857144
51-2031.00,Engine and Other Machine Assemblers,1.3571428571428572,1.1257142857142857,1.9418285714285712,1.4017857142857142
51-2041.00,Structural Metal Fabricators and Fitters,1.16,1.0549142857142857,2.0208000000000004,1.3785714285714286
51-2051.00,Fiberglass Laminators and Fabricators,1.4628571428571429,1.1106285714285715,1.9984857142857144,1.6714285714285717
51-2061.00,Timing Device Assemblers and Adjusters,1.4017857142857142,1.077942857142857,2.081,1.51
51-2092.00,Team Assemblers,1.3785714285714286,1.0357142857142856,1.4994,1.7200000000000002
51-3011.00,Bakers,1.655,1.0942857142857143,1.6308571428571428,1.3785714285714286
51-3021.00,Butchers and Meat Cutters,1.32,1.0271428571428571,1.7668,1.4910714285714284
51-3022.00,"Meat, Poultry, and Fish Cutters and Trimmers",1.302857142857143,1.0089285714285714,1.6901714285714289,1.3392000000000002
51-3023.00,Slaughterers and Meat Packers,1.1106285714285715,1.0,1.3089285714285714,1.1071428571428572
51-3091.00,"Food and Tobacco Roasting, Baking, and Drying Machine Operators and Tenders",1.3392000000000002,1.0357142857142856,1.7484571428571427,1.7734857142857143
51-3092.00,Food Batchmakers,1.2857142857142856,1.0357142857142856,1.7891714285714286,1.7734857142857143
51-3093.00,Food Cooking Machine Operators and Tenders,1.2142857142857144,1.0206285714285714,1.4575142857142858,1.655
51-4021.00,"Extruding and Drawing Machine Setters, Operators, and Tenders, Metal and Plastic",1.3571428571428572,1.1106285714285715,1.9364285714285716,1.4628571428571429
51-4022.00,"Forging Machine Setters, Operators, and Tenders, Metal and Plastic",1.3785714285714286,1.1106285714285715,2.098271428571429,1.6875
51-4023.00,"Rolling Machine Setters, Operators, and Tenders, Metal and Plastic",1.3785714285714286,1.0942857142857143,1.96,1.6063428571428573
51-4031.00,"Cutting, Punching, and Press Machine Setters, Operators, and Tenders, Metal and Plastic",1.2857142857142856,1.0803571428571428,1.7334285714285715,1.4542857142857144
51-4032.00,"Drilling and Boring Machine Tool Setters, Operators, and Tenders, Metal and Plastic",1.32,1.1257142857142857,2.419,1.4910714285714284
51-4033.00,"Grinding, Lapping, Polishing, and Buffing Machine Tool Setters, Operators, and Tenders, Metal and Plastic",1.25,1.0664285714285715,1.421142857142857,1.394285714285714
51-4034.00,"Lathe and Turning Machine Tool Setters, Operators, and Tenders, Metal and Plastic",1.2857142857142856,1.0803571428571428,2.5074571428571426,1.3571428571428572
51-4035.00,"Milling and Planing Machine Setters, Operators, and Tenders, Metal and Plastic",1.3571428571428572,1.0664285714285715,2.059428571428572,1.5207142857142857
51-4041.00,Machinists,1.6665142857142858,1.2363428571428572,2.099614285714286,1.5614285714285714
51-4051.00,Metal-Refining Furnace Operators and Tenders,1.32,1.0089285714285714,1.952,1.6875
51-4052.00,"Pourers and Casters, Metal",1.268571428571429,1.0206285714285714,1.430857142857143,1.302857142857143
51-4061.00,"Model Makers, Metal and Plastic",1.6665142857142858,1.268571428571429,2.716,1.4928571428571429
51-4062.00,"Patternmakers, Metal and Plastic",1.5785714285714287,1.25,2.4203428571428574,1.3785714285714286
51-4071.00,Foundry Mold and Coremakers,1.197142857142857,1.0206285714285714,1.460714285714286,1.25
51-4072.00,"Molding, Coremaking, and Casting Machine Setters, Operators, and Tenders, Metal and Plastic",1.36,1.0271428571428571,1.4908857142857144,1.5785714285714287
51-4081.00,"Multiple Machine Tool Setters, Operators, and Tenders, Metal and Plastic",1.4906285714285716,1.157142857142857,2.8174,1.6875
51-4111.00,Tool and Die Makers,1.655,1.7200000000000002,2.891514285714286,1.4464285714285716
51-4121.00,"Welders, Cutters, Solderers, and Brazers",1.3392000000000002,1.0535714285714286,1.5704285714285713,1.1607142857142858
51-4122.00,"Welding, Soldering, and Brazing Machine Setters, Operators, and Tenders",1.3008,1.0549142857142857,2.5503,1.4017857142857142
51-4191.00,"Heat Treating Equipment Setters, Operators, and Tenders, Metal and Plastic",1.268571428571429,1.0,1.4690285714285714,1.7036571428571428
51-4192.00,"Layout Workers, Metal and Plastic",1.4821428571428572,1.0549142857142857,2.486542857142857,1.6171428571428572
51-4193.00,"Plating Machine Setters, Operators, and Tenders, Metal and Plastic",1.4017857142857142,1.0271428571428571,2.153928571428571,1.655
51-4194.00,"Tool Grinders, Filers, and Sharpeners",1.4179428571428572,1.1408,1.7718142857142856,1.4821428571428572
51-5111.00,Prepress Technicians and Workers,1.6942857142857144,1.1071428571428572,2.8731428571428577,1.7734857142857143
51-5112.00,Printing Press Operators,1.4691999999999998,1.0535714285714286,2.5686,1.5165142857142857
51-5113.00,Print Binding and Finishing Workers,1.4691999999999998,1.0885714285714283,2.0015714285714283,1.655
51-6011.00,Laundry and Dry-Cleaning Workers,1.2857142857142856,1.0,1.2185857142857142,1.3392000000000002
51-6021.00,"Pressers, Textile, Garment, and Related Materials",1.157142857142857,1.0357142857142856,1.6189428571428572,1.1607142857142858
51-6031.00,Sewing Machine Operators,1.1339285714285714,1.0,1.4209714285714288,1.2857142857142856
51-6041.00,Shoe and Leather Workers and Repairers,1.2678571428571428,1.0206285714285714,1.897,1.3392000000000002
51-6042.00,Shoe Machine Operators and Tenders,1.3008,1.0206285714285714,1.6757142857142855,1.32
51-6051.00,"Sewers, Hand",1.4435714285714285,1.0206285714285714,1.957642857142857,1.22
51-6052.00,"Tailors, Dressmakers, and Custom Sewers",1.8571428571428568,1.1257142857142857,2.431642857142857,1.4821428571428572
51-6061.00,Textile Bleaching and Dyeing Machine Operators and Tenders,1.394285714285714,1.0549142857142857,1.6494428571428572,1.5357142857142858
51-6062.00,"Textile Cutting Machine Setters, Operators, and Tenders",1.2857142857142856,1.0803571428571428,1.5610142857142857,1.5207142857142857
51-6063.00,"Textile Knitting and Weaving Machine Setters, Operators, and Tenders",1.24,1.0089285714285714,1.779,1.394285714285714
51-6064.00,"Textile Winding, Twisting, and Drawing Out Machine Setters, Operators, and Tenders",1.2857142857142856,1.0271428571428571,1.3854285714285712,1.394285714285714
51-6091.00,"Extruding and Forming Machine Setters, Operators, and Tenders, Synthetic and Glass Fibers",1.3785714285714286,1.0442857142857145,1.8695,1.6063428571428573
51-6092.00,Fabric and Apparel Patternmakers,2.524285714285714,1.24,2.8437714285714284,1.822857142857143
51-6093.00,Upholsterers,1.8571428571428568,1.1734857142857142,2.5964285714285715,1.5508
51-7011.00,Cabinetmakers and Bench Carpenters,1.7385714285714284,1.1885714285714286,2.2474285714285718,1.4691999999999998
51-7021.00,Furniture Finishers,1.7734857142857143,1.0535714285714286,2.278514285714286,1.4435714285714285
51-7031.00,"Model Makers, Wood",1.9085714285714288,1.0942857142857143,2.6837142857142857,1.6063428571428573
51-7032.00,"Patternmakers, Wood",1.6714285714285717,1.1885714285714286,3.447742857142857,1.4906285714285716
51-7041.00,"Sawing Machine Setters, Operators, and Tenders, Wood",1.22,1.0206285714285714,1.4872,1.147857142857143
51-7042.00,"Woodworking Machine Setters, Operators, and Tenders, Except Sawing",1.2857142857142856,1.1734857142857142,1.5821142857142856,1.22
51-8011.00,Nuclear Power Reactor Operators,1.8571428571428568,1.0271428571428571,1.6410285714285715,2.071428571428572
51-8012.00,Power Distributors and Dispatchers,1.6364285714285711,1.0549142857142857,2.0667142857142857,1.9085714285714288
51-8013.00,Power Plant Operators,1.5892857142857142,1.0803571428571428,2.4457142857142857,1.8571428571428568
51-8013.03,Biomass Plant Technicians,1.5300000000000002,1.1106285714285715,1.826842857142857,1.8571428571428568
51-8013.04,Hydroelectric Plant Technicians,1.6171428571428572,1.1734857142857142,2.6190857142857142,1.8571428571428568
51-8021.00,Stationary Engineers and Boiler Operators,1.4435714285714285,1.0357142857142856,2.600542857142857,1.8057142857142856
51-8031.00,Water and Wastewater Treatment Plant and System Operators,1.34,1.0357142857142856,1.9380571428571427,1.7200000000000002
51-8091.00,Chemical Plant and System Operators,1.3392000000000002,1.0,1.1220142857142856,1.8571428571428568
51-8092.00,Gas Plant Operators,1.4910714285714284,1.1106285714285715,2.0828571428571427,1.8571428571428568
51-8093.00,"Petroleum Pump System Operators, Refinery Operators, and Gaugers",1.4691999999999998,1.0357142857142856,1.3796285714285714,1.8571428571428568
51-8099.01,Biofuels Processing Technicians,1.5892857142857142,1.0535714285714286,1.6953142857142858,1.9085714285714288
51-9011.00,Chemical Equipment Operators and Tenders,1.4017857142857142,1.0803571428571428,1.645085714285714,1.8571428571428568
51-9012.00,"Separating, Filtering, Clarifying, Precipitating, and Still Machine Setters, Operators, and Tenders",1.3392000000000002,1.1106285714285715,1.7524428571428572,1.7734857142857143
51-9021.00,"Crushing, Grinding, and Polishing Machine Setters, Operators, and Tenders",1.22,1.0089285714285714,1.3286,1.7734857142857143
51-9022.00,"Grinding and Polishing Workers, Hand",1.5,1.1257142857142857,4.588285714285714,1.4435714285714285
51-9023.00,"Mixing and Blending Machine Setters, Operators, and Tenders",1.2857142857142856,1.0206285714285714,1.6616285714285717,1.655
51-9031.00,"Cutters and Trimmers, Hand",1.25,1.0,1.4411285714285715,1.3392000000000002
51-9032.00,"Cutting and Slicing Machine Setters, Operators, and Tenders",1.2857142857142856,1.0803571428571428,1.5667428571428572,1.394285714285714
51-9041.00,"Extruding, Forming, Pressing, and Compacting Machine Setters, Operators, and Tenders",1.32,1.0942857142857143,1.7891714285714286,1.595
51-9051.00,"Furnace, Kiln, Oven, Drier, and Kettle Operators and Tenders",1.16,1.0206285714285714,1.676885714285714,1.6063428571428573
51-9061.00,"Inspectors, Testers, Sorters, Samplers, and Weighers",1.3571428571428572,1.0664285714285715,1.886914285714285,2.0028571428571427
51-9071.00,Jewelers and Precious Stone and Metal Workers,1.9842857142857144,1.1339285714285714,3.4432571428571426,1.5892857142857142
51-9071.06,Gem and Diamond Workers,1.5892857142857142,1.197142857142857,2.4745714285714286,1.6665142857142858
51-9081.00,Dental Laboratory Technicians,1.6364285714285711,1.22,3.376171428571429,1.7734857142857143
51-9082.00,Medical Appliance Technicians,1.8571428571428568,1.4691999999999998,2.533257142857143,1.8571428571428568
51-9083.00,Ophthalmic Laboratory Technicians,1.3008,1.1071428571428572,1.431542857142857,1.655
51-9111.00,Packaging and Filling Machine Operators and Tenders,1.36,1.0206285714285714,2.1797714285714287,1.5207142857142857
51-9123.00,"Painting, Coating, and Decorating Workers",1.3571428571428572,1.0357142857142856,1.5746,1.335714285714286
51-9124.00,"Coating, Painting, and Spraying Machine Setters, Operators, and Tenders",1.2857142857142856,1.0271428571428571,1.569957142857143,1.3571428571428572
51-9141.00,Semiconductor Processing Technicians,1.4199142857142857,1.1071428571428572,1.873,1.655
51-9151.00,Photographic Process Workers and Processing Machine Operators,1.6875,1.2142857142857144,2.2839,1.7200000000000002
51-9161.00,Computer Numerically Controlled Tool Operators,1.7200000000000002,1.147857142857143,1.8606,1.6665142857142858
51-9162.00,Computer Numerically Controlled Tool Programmers,1.75,1.3392000000000002,2.538742857142857,1.8057142857142856
51-9191.00,Adhesive Bonding Machine Operators and Tenders,1.25,1.0089285714285714,1.3771428571428572,1.5625
51-9192.00,"Cleaning, Washing, and Metal Pickling Equipment Operators and Tenders",1.1885714285714286,1.0,1.3997714285714289,1.4249999999999998
51-9193.00,Cooling and Freezing Equipment Operators and Tenders,1.4691999999999998,1.0549142857142857,1.5655857142857144,1.7734857142857143
51-9194.00,Etchers and Engravers,1.5785714285714287,1.24,2.368,1.4017857142857142
51-9195.00,"Molders, Shapers, and Casters, Except Metal and Plastic",1.394285714285714,1.077942857142857,1.6185142857142858,1.5785714285714287
51-9195.03,"Stone Cutters and Carvers, Manufacturing",1.6875,1.0803571428571428,2.586,1.4017857142857142
51-9195.04,"Glass Blowers, Molders, Benders, and Finishers",1.6875,1.0942857142857143,1.6852142857142858,1.6063428571428573
51-9195.05,"Potters, Manufacturing",2.06,1.0664285714285715,3.0502857142857143,1.5165142857142857
51-9196.00,"Paper Goods Machine Setters, Operators, and Tenders",1.3785714285714286,1.1106285714285715,1.8824285714285716,1.3785714285714286
51-9197.00,Tire Builders,1.2857142857142856,1.0549142857142857,1.7839428571428573,1.25
51-9198.00,Helpers--Production Workers,1.2036571428571428,1.0089285714285714,1.4199000000000002,1.2036571428571428
53-1041.00,Aircraft Cargo Handling Supervisors,1.8057142857142856,1.0803571428571428,2.0535,1.9842857142857144
53-1042.00,"First-Line Supervisors of Helpers, Laborers, and Material Movers, Hand",1.6942857142857144,1.0442857142857145,2.140857142857143,1.9449142857142856
53-1042.01,Recycling Coordinators,1.5785714285714287,1.0942857142857143,2.508457142857143,1.9449142857142856
53-1043.00,First-Line Supervisors of Material-Moving Machine and Vehicle Operators,1.8914285714285717,1.0206285714285714,2.316,2.2308
53-2011.00,"Airline Pilots, Copilots, and Flight Engineers",1.8057142857142856,1.0549142857142857,1.6981714285714289,1.9842857142857144
53-2012.00,Commercial Pilots,1.8571428571428568,1.0357142857142856,3.275714285714286,1.8571428571428568
53-2021.00,Air Traffic Controllers,2.19,1.0803571428571428,3.1065714285714283,1.9449142857142856
53-2022.00,Airfield Operations Specialists,1.8057142857142856,1.0942857142857143,1.9787857142857144,2.105
53-2031.00,Flight Attendants,1.5693714285714286,1.0803571428571428,1.757285714285714,1.822857142857143
53-3011.00,"Ambulance Drivers and Attendants, Except Emergency Medical Technicians",1.3808,1.0271428571428571,2.1568,1.7734857142857143
53-3031.00,Driver/Sales Workers,1.394285714285714,1.0206285714285714,1.609085714285714,1.75
53-3032.00,Heavy and Tractor-Trailer Truck Drivers,1.22,1.0206285714285714,1.5576857142857143,1.655
53-3033.00,Light Truck Drivers,1.3008,1.0089285714285714,1.5086285714285714,1.625
53-3051.00,"Bus Drivers, School",1.4017857142857142,1.0089285714285714,1.6726,1.6364285714285711
53-3052.00,"Bus Drivers, Transit and Intercity",1.25,1.0803571428571428,1.5639142857142856,1.4542857142857144
53-3053.00,Shuttle Drivers and Chauffeurs,1.5357142857142858,1.0442857142857145,1.6535714285714287,1.5892857142857142
53-4011.00,Locomotive Engineers,1.2857142857142856,1.0089285714285714,1.7435999999999998,1.822857142857143
53-4013.00,"Rail Yard Engineers, Dinkey Operators, and Hostlers",1.2857142857142856,1.0089285714285714,2.131342857142857,1.6714285714285717
53-4022.00,"Railroad Brake, Signal, and Switch Operators and Locomotive Firers",1.5357142857142858,1.0020571428571428,1.5691000000000002,1.6063428571428573
53-4031.00,Railroad Conductors and Yardmasters,1.6364285714285711,1.0206285714285714,1.3231428571428572,1.822857142857143
53-4041.00,Subway and Streetcar Operators,1.268571428571429,1.0,1.2873714285714286,1.625
53-5011.00,Sailors and Marine Oilers,1.4435714285714285,1.1734857142857142,2.326714285714286,1.7200000000000002
53-5021.00,"Captains, Mates, and Pilots of Water Vessels",1.655,1.2592,2.2246428571428574,1.9449142857142856
53-5022.00,Motorboat Operators,1.5785714285714287,1.1257142857142857,1.5232,1.5892857142857142
53-5031.00,Ship Engineers,1.8571428571428568,1.0442857142857145,2.1385428571428573,1.8571428571428568
53-6011.00,Bridge and Lock Tenders,1.3785714285714286,1.0020571428571428,1.18,1.7734857142857143
53-6021.00,Parking Attendants,1.25,1.0,1.266657142857143,1.5
53-6031.00,Automotive and Watercraft Service Attendants,1.3008,1.0549142857142857,1.9106,1.5508
53-6041.00,Traffic Technicians,1.8571428571428568,1.2208,1.9946857142857144,1.9842857142857144
53-6051.00,Transportation Inspectors,1.6364285714285711,1.0803571428571428,1.9304285714285716,2.31
53-6051.01,Aviation Inspectors,1.7734857142857143,1.0664285714285715,3.0178857142857143,2.216428571428572
53-6051.07,"Transportation Vehicle, Equipment and Systems Inspectors, Except Aviation",1.2857142857142856,1.077942857142857,1.3332285714285712,1.6364285714285711
53-6061.00,Passenger Attendants,1.3785714285714286,1.0206285714285714,1.2907857142857142,1.51
53-7011.00,Conveyor Operators and Tenders,1.3392000000000002,1.1257142857142857,1.9193,1.6875
53-7021.00,Crane and Tower Operators,1.4179428571428572,1.0206285714285714,1.9733714285714283,1.5508
53-7031.00,Dredge Operators,1.25,1.0942857142857143,1.4395714285714285,1.32
53-7041.00,Hoist and Winch Operators,1.4564285714285714,1.0,1.5874857142857142,1.4017857142857142
53-7051.00,Industrial Truck and Tractor Operators,1.2036571428571428,1.0549142857142857,1.7972285714285716,1.4542857142857144
53-7061.00,Cleaners of Vehicles and Equipment,1.0664285714285715,1.0089285714285714,1.8262,1.1408
53-7062.00,"Laborers and Freight, Stock, and Material Movers, Hand",1.2857142857142856,1.0089285714285714,1.4284571428571429,1.3785714285714286
53-7062.04,Recycling and Reclamation Workers,1.268571428571429,1.0535714285714286,1.529828571428571,1.4928571428571429
53-7063.00,Machine Feeders and Offbearers,1.25,1.0,1.239842857142857,1.394285714285714
53-7064.00,"Packers and Packagers, Hand",1.0549142857142857,1.0020571428571428,1.6574,1.268571428571429
53-7065.00,Stockers and Order Fillers,1.3785714285714286,1.077942857142857,1.5645714285714285,1.5614285714285714
53-7071.00,Gas Compressor and Gas Pumping Station Operators,1.4542857142857144,1.1408,2.066057142857143,1.822857142857143
53-7072.00,"Pump Operators, Except Wellhead Pumpers",1.32,1.1106285714285715,2.3737000000000004,1.7385714285714284
53-7073.00,Wellhead Pumpers,1.28,1.0357142857142856,2.176685714285714,1.4906285714285716
53-7081.00,Refuse and Recyclable Material Collectors,1.0714285714285714,1.0,1.0798,1.4285714285714286
53-7121.00,"Tank Car, Truck, and Ship Loaders",1.4179428571428572,1.0803571428571428,2.3036571428571437,1.7857142857142856
