fullName,country,politicalGroup,id,nationalPoliticalGroup
Mika AALTOLA,Finland,Group of the European People's Party (Christian Democrats),256810,Kansallinen Kokoomus
Maravillas ABADÍA JOVER,Spain,Group of the European People's Party (Christian Democrats),257043,Partido Popular
Magdalena ADAMOWICZ,Poland,Group of the European People's Party (Christian Democrats),197490,Independent
Georgios AFTIAS,Greece,Group of the European People's Party (Christian Democrats),256820,Nea Demokratia
Oihane AGIRREGOITIA MARTÍNEZ,Spain,Renew Europe Group,256987,Partido Nacionalista Vasco
Peter AGIUS,Malta,Group of the European People's Party (Christian Democrats),113523,Partit Nazzjonalista
Alex AGIUS SALIBA,Malta,Group of the Progressive Alliance of Socialists and Democrats in the European Parliament,197403,Partit Laburista
Galato ALEXANDRAKI,Greece,European Conservatives and Reformists Group,256956,Elliniki Lusi-Greek Solution
Grégory ALLIONE,France,Renew Europe Group,256869,Renaissance
Abir AL-SAHLANI,Sweden,Renew Europe Group,197400,Centerpartiet
Nikolaos ANADIOTIS,Greece,Non-attached Members,256858,Dimokratikó Patriotikó Kínima «NIKI»
Christine ANDERSON,Germany,Europe of Sovereign Nations Group,197475,Alternative für Deutschland
Li ANDERSSON,Finland,The Left group in the European Parliament - GUE/NGL,256805,Vasemmistoliitto
Rasmus ANDRESEN,Germany,Group of the Greens/European Free Alliance,197448,Bündnis 90/Die Grünen
Barry ANDREWS,Ireland,Renew Europe Group,204332,Fianna Fáil Party
Mieke ANDRIESE,Netherlands,Patriots for Europe Group,130881,Partij voor de Vrijheid
Vytenis Povilas ANDRIUKAITIS,Lithuania,Group of the Progressive Alliance of Socialists and Democrats in the European Parliament,119652,Lietuvos socialdemokratų partija
Mathilde ANDROUËT,France,Patriots for Europe Group,197691,Rassemblement national
Marc ANGEL,Luxembourg,Group of the Progressive Alliance of Socialists and Democrats in the European Parliament,202073,Parti ouvrier socialiste luxembourgeois
Gerolf ANNEMANS,Belgium,Patriots for Europe Group,124973,Vlaams Belang
Lucia ANNUNZIATA,Italy,Group of the Progressive Alliance of Socialists and Democrats in the European Parliament,257123,Partito Democratico
Giuseppe ANTOCI,Italy,The Left group in the European Parliament - GUE/NGL,257138,Movimento 5 Stelle
Pablo ARIAS ECHEVERRÍA,Spain,Group of the European People's Party (Christian Democrats),96808,Partido Popular
Pascal ARIMONT,Belgium,Group of the European People's Party (Christian Democrats),24922,Christlich Soziale Partei
Bartosz ARŁUKOWICZ,Poland,Group of the European People's Party (Christian Democrats),197492,Platforma Obywatelska
Sakis ARNAOUTOGLOU,Greece,Group of the Progressive Alliance of Socialists and Democrats in the European Parliament,256829,PASOK-KINAL
Anja ARNDT,Germany,Europe of Sovereign Nations Group,256951,Alternative für Deutschland
Konstantinos ARVANITIS,Greece,The Left group in the European Parliament - GUE/NGL,197701,Coalition of the Radical Left
Jaume ASENS LLODRÀ,Spain,Group of the Greens/European Free Alliance,257015,Comuns
Francisco ASSIS,Portugal,Group of the Progressive Alliance of Socialists and Democrats in the European Parliament,28307,Partido Socialista
Daniel ATTARD,Malta,Group of the Progressive Alliance of Socialists and Democrats in the European Parliament,256934,Partit Laburista
Manon AUBRY,France,The Left group in the European Parliament - GUE/NGL,197533,La France Insoumise
René AUST,Germany,Europe of Sovereign Nations Group,256929,Alternative für Deutschland
Petras AUŠTREVIČIUS,Lithuania,Renew Europe Group,124766,Liberalų sąjūdis
Adrian-George AXINIA,Romania,European Conservatives and Reformists Group,257117,Alianța pentru Unirea Românilor
Malik AZMANI,Netherlands,Renew Europe Group,197781,Volkspartij voor Vrijheid en Democratie
Thomas BAJADA,Malta,Group of the Progressive Alliance of Socialists and Democrats in the European Parliament,256936,Partit Laburista
Jeannette BALJEU,Netherlands,Renew Europe Group,257003,Volkspartij voor Vrijheid en Democratie
Laura BALLARÍN CEREZA,Spain,Group of the Progressive Alliance of Socialists and Democrats in the European Parliament,247735,Partido Socialista Obrero Español
Jordan BARDELLA,France,Patriots for Europe Group,131580,Rassemblement national
Katarina BARLEY,Germany,Group of the Progressive Alliance of Socialists and Democrats in the European Parliament,197433,Sozialdemokratische Partei Deutschlands
Dan BARNA,Romania,Renew Europe Group,257110,Uniunea Salvați România
Pernando BARRENA ARZA,Spain,The Left group in the European Parliament - GUE/NGL,197684,EH BILDU
Stephen Nikola BARTULICA,Croatia,European Conservatives and Reformists Group,257000,Dom i nacionalno okupljanje
Nikola BARTŮŠEK,Czechia,Non-attached Members,256852,Přísaha
Arno BAUSEMER,Germany,Europe of Sovereign Nations Group,256948,Alternative für Deutschland
Nicolas BAY,France,European Conservatives and Reformists Group,124760,Identité Libertés
Christophe BAY,France,Patriots for Europe Group,261797,Rassemblement national
Wouter BEKE,Belgium,Group of the European People's Party (Christian Democrats),256887,Christen-Democratisch & Vlaams
Fredis BELERIS,Greece,Group of the European People's Party (Christian Democrats),256947,Nea Demokratia
François-Xavier BELLAMY,France,Group of the European People's Party (Christian Democrats),197534,Les Républicains
Dragoş BENEA,Romania,Group of the Progressive Alliance of Socialists and Democrats in the European Parliament,197658,Partidul Social Democrat
Brando BENIFEI,Italy,Group of the Progressive Alliance of Socialists and Democrats in the European Parliament,124867,Partito Democratico
Isabel BENJUMEA BENJUMEA,Spain,Group of the European People's Party (Christian Democrats),197679,Partido Popular
Monika BEŇOVÁ,Slovakia,Non-attached Members,23868,SMER-Sociálna demokracia
Hildegard BENTELE,Germany,Group of the European People's Party (Christian Democrats),197408,Christlich Demokratische Union Deutschlands
Tom BERENDSEN,Netherlands,Group of the European People's Party (Christian Democrats),197778,Christen Democratisch Appèl
Stefan BERGER,Germany,Group of the European People's Party (Christian Democrats),197410,Christlich Demokratische Union Deutschlands
Sibylle BERG,Germany,Non-attached Members,256960,Die PARTEI
Sergio BERLATO,Italy,European Conservatives and Reformists Group,4746,FRATELLI D' ITALIA
Alexander BERNHUBER,Austria,Group of the European People's Party (Christian Democrats),197648,Österreichische Volkspartei
Robert BIEDROŃ,Poland,Group of the Progressive Alliance of Socialists and Democrats in the European Parliament,197498,Nowa Lewica
Adam BIELAN,Poland,European Conservatives and Reformists Group,23788,Prawo i Sprawiedliwość
Gabriele BISCHOFF,Germany,Group of the Progressive Alliance of Socialists and Democrats in the European Parliament,197435,Sozialdemokratische Partei Deutschlands
Ľuboš BLAHA,Slovakia,Non-attached Members,257005,SMER-Sociálna demokracia
Vilija BLINKEVIČIŪTĖ,Lithuania,Group of the Progressive Alliance of Socialists and Democrats in the European Parliament,96681,Lietuvos socialdemokratų partija
Rachel BLOM,Netherlands,Patriots for Europe Group,256998,Partij voor de Vrijheid
Michael BLOSS,Germany,Group of the Greens/European Free Alliance,197449,Bündnis 90/Die Grünen
Tobiasz BOCHEŃSKI,Poland,European Conservatives and Reformists Group,257073,Prawo i Sprawiedliwość
Damian BOESELAGER,Germany,Group of the Greens/European Free Alliance,197439,Volt
Ioan-Rareş BOGDAN,Romania,Group of the European People's Party (Christian Democrats),197636,Partidul Naţional Liberal
Stefano BONACCINI,Italy,Group of the Progressive Alliance of Socialists and Democrats in the European Parliament,257108,Partito Democratico
Barbara BONTE,Belgium,Patriots for Europe Group,256881,Vlaams Belang
Paolo BORCHIA,Italy,Patriots for Europe Group,101039,Lega
Mireia BORRÁS PABÓN,Spain,Patriots for Europe Group,257024,VOX
Zsuzsanna BORVENDÉG,Hungary,Europe of Sovereign Nations Group,257457,Mi Hazánk Mozgalom
Biljana BORZAN,Croatia,Group of the Progressive Alliance of Socialists and Democrats in the European Parliament,112748,Socijaldemokratska partija Hrvatske
Gordan BOSANAC,Croatia,Group of the Greens/European Free Alliance,256995,Možemo!
Irmhild BOẞDORF,Germany,Europe of Sovereign Nations Group,256945,Alternative für Deutschland
Stine BOSSE,Denmark,Renew Europe Group,257020,Moderaterne
Marc BOTENGA,Belgium,The Left group in the European Parliament - GUE/NGL,187917,PVDA-PTB
Gilles BOYER,France,Renew Europe Group,197577,Horizons
Lynn BOYLAN,Ireland,The Left group in the European Parliament - GUE/NGL,124984,Sinn Féin
Helmut BRANDSTÄTTER,Austria,Renew Europe Group,256841,NEOS – Das Neue Österreich
Marie-Luce BRASIER-CLAIN,France,Patriots for Europe Group,256878,Rassemblement national
Grzegorz BRAUN,Poland,Non-attached Members,257067,Konfederacja Korony Polskiej
Krzysztof BREJZA,Poland,Group of the European People's Party (Christian Democrats),251324,Platforma Obywatelska
Saskia BRICMONT,Belgium,Group of the Greens/European Free Alliance,197470,Ecologistes Confédérés pour l'Organisation de Luttes Originales
Nikolina BRNJAC,Croatia,Group of the European People's Party (Christian Democrats),204129,Hrvatska demokratska zajednica
Joachim Stanisław BRUDZIŃSKI,Poland,European Conservatives and Reformists Group,197501,Prawo i Sprawiedliwość
Anna BRYŁKA,Poland,Patriots for Europe Group,257064,Konfederacja Wolność i Niepodległość
Markus BUCHHEIT,Germany,Europe of Sovereign Nations Group,128483,Alternative für Deutschland
Tomasz BUCZEK,Poland,Patriots for Europe Group,257072,Konfederacja Wolność i Niepodległość
Daniel BUDA,Romania,Group of the European People's Party (Christian Democrats),125012,Partidul Naţional Liberal
Waldemar BUDA,Poland,European Conservatives and Reformists Group,99878,Prawo i Sprawiedliwość
Borys BUDKA,Poland,Group of the European People's Party (Christian Democrats),257047,Platforma Obywatelska
Sebastião BUGALHO,Portugal,Group of the European People's Party (Christian Democrats),257081,Partido Social Democrata
Andrzej BUŁA,Poland,Group of the European People's Party (Christian Democrats),257051,Platforma Obywatelska
Udo BULLMANN,Germany,Group of the Progressive Alliance of Socialists and Democrats in the European Parliament,4267,Sozialdemokratische Partei Deutschlands
Delara BURKHARDT,Germany,Group of the Progressive Alliance of Socialists and Democrats in the European Parliament,197440,Sozialdemokratische Partei Deutschlands
Jorge BUXADÉ VILLALBA,Spain,Patriots for Europe Group,197829,VOX
Petr BYSTRON,Germany,Europe of Sovereign Nations Group,256928,Alternative für Deutschland
Jaroslav BŽOCH,Czechia,Patriots for Europe Group,220840,ANO 2011
Mélissa CAMARA,France,Group of the Greens/European Free Alliance,256915,Les Écologistes
Pascal CANFIN,France,Renew Europe Group,96711,Renaissance
Nina CARBERRY,Ireland,Group of the European People's Party (Christian Democrats),257296,Fine Gael Party
Gheorghe CÂRCIU,Romania,Group of the Progressive Alliance of Socialists and Democrats in the European Parliament,257100,Partidul Social Democrat
Damien CARÊME,France,The Left group in the European Parliament - GUE/NGL,197574,La France Insoumise
David CASA,Malta,Group of the European People's Party (Christian Democrats),28122,Partit Nazzjonalista
Daniel CASPARY,Germany,Group of the European People's Party (Christian Democrats),28219,Christlich Demokratische Union Deutschlands
Benoit CASSART,Belgium,Renew Europe Group,256891,Mouvement Réformateur
Laurent CASTILLO,France,Patriots for Europe Group,256921,Union des droites pour la République
Pilar DEL CASTILLO VERA,Spain,Group of the European People's Party (Christian Democrats),28390,Partido Popular
Anna CAVAZZINI,Germany,Group of the Greens/European Free Alliance,86793,Bündnis 90/Die Grünen
Stefano CAVEDAGNA,Italy,European Conservatives and Reformists Group,257096,FRATELLI D' ITALIA
Susanna CECCARDI,Italy,Patriots for Europe Group,197786,Lega
José CEPEDA,Spain,Group of the Progressive Alliance of Socialists and Democrats in the European Parliament,257002,Partido Socialista Obrero Español
Estelle CEULEMANS,Belgium,Group of the Progressive Alliance of Socialists and Democrats in the European Parliament,256880,Parti Socialiste
Mohammed CHAHIM,Netherlands,Group of the Progressive Alliance of Socialists and Democrats in the European Parliament,197782,GroenLinks-PvdA
Leila CHAIBI,France,The Left group in the European Parliament - GUE/NGL,197529,La France Insoumise
Olivier CHASTEL,Belgium,Renew Europe Group,197463,Mouvement Réformateur
Caterina CHINNICI,Italy,Group of the European People's Party (Christian Democrats),124861,Forza Italia
Asger CHRISTENSEN,Denmark,Renew Europe Group,197558,"Venstre, Danmarks Liberale Parti"
Carlo CICCIOLI,Italy,European Conservatives and Reformists Group,257093,FRATELLI D' ITALIA
Veronika CIFROVÁ OSTRIHOŇOVÁ,Slovakia,Renew Europe Group,257014,Progresívne Slovensko
Alessandro CIRIANI,Italy,European Conservatives and Reformists Group,257147,FRATELLI D' ITALIA
Anna Maria CISINT,Italy,Patriots for Europe Group,257131,Lega
Per CLAUSEN,Denmark,The Left group in the European Parliament - GUE/NGL,257023,Enhedslisten
Christophe CLERGEAU,France,Group of the Progressive Alliance of Socialists and Democrats in the European Parliament,245018,Parti socialiste
David CORMAND,France,Group of the Greens/European Free Alliance,197503,Les Écologistes
Annalisa CORRADO,Italy,Group of the Progressive Alliance of Socialists and Democrats in the European Parliament,257169,Partito Democratico
Vivien COSTANZO,Germany,Group of the Progressive Alliance of Socialists and Democrats in the European Parliament,256937,Sozialdemokratische Partei Deutschlands
João COTRIM DE FIGUEIREDO,Portugal,Renew Europe Group,257057,Iniciativa Liberal
Barry COWEN,Ireland,Renew Europe Group,257297,Fianna Fáil Party
Tobias CREMER,Germany,Group of the Progressive Alliance of Socialists and Democrats in the European Parliament,256938,Sozialdemokratische Partei Deutschlands
Carmen CRESPO DÍAZ,Spain,Group of the European People's Party (Christian Democrats),257034,Partido Popular
Andi CRISTEA,Romania,Group of the Progressive Alliance of Socialists and Democrats in the European Parliament,40224,Partidul Social Democrat
Giovanni CROSETTO,Italy,European Conservatives and Reformists Group,257094,FRATELLI D' ITALIA
Paulo CUNHA,Portugal,Group of the European People's Party (Christian Democrats),257078,Partido Social Democrata
Henrik DAHL,Denmark,Group of the European People's Party (Christian Democrats),257028,Liberal Alliance
Johan DANIELSSON,Sweden,Group of the Progressive Alliance of Socialists and Democrats in the European Parliament,38542,Arbetarepartiet- Socialdemokraterna
Marie DAUCHY,France,Patriots for Europe Group,236050,Rassemblement national
Dóra DÁVID,Hungary,Group of the European People's Party (Christian Democrats),256862,Tisztelet és Szabadság Párt
Ivan DAVID,Czechia,Europe of Sovereign Nations Group,197556,Svoboda a přímá demokracie
Antonio DECARO,Italy,Group of the Progressive Alliance of Socialists and Democrats in the European Parliament,257122,Partito Democratico
Jérémy DECERLE,France,Renew Europe Group,197504,Renaissance
Raúl DE LA HOZ QUINTANO,Spain,Group of the European People's Party (Christian Democrats),257030,Partido Popular
Danilo DELLA VALLE,Italy,The Left group in the European Parliament - GUE/NGL,257155,Movimento 5 Stelle
Valérie DELOGE,France,Patriots for Europe Group,256886,Rassemblement national
Fabio DE MASI,Germany,Non-attached Members,124858,Bündnis Sahra Wagenknecht – Vernunft und Gerechtigkeit
Salvatore DE MEO,Italy,Group of the European People's Party (Christian Democrats),204333,Forza Italia
Özlem DEMIREL,Germany,The Left group in the European Parliament - GUE/NGL,197468,DIE LINKE.
Tamás DEUTSCH,Hungary,Patriots for Europe Group,96826,Fidesz-Magyar Polgári Szövetség-Kereszténydemokrata Néppárt
Valérie DEVAUX,France,Renew Europe Group,256870,Union des démocrates et indépendants
Adnan DIBRANI,Sweden,Group of the Progressive Alliance of Socialists and Democrats in the European Parliament,257087,Arbetarepartiet- Socialdemokraterna
Ton DIEPEVEEN,Netherlands,Patriots for Europe Group,256981,Partij voor de Vrijheid
Elisabeth DIERINGER,Austria,Patriots for Europe Group,256834,Freiheitliche Partei Österreichs
Vasile DÎNCU,Romania,Group of the Progressive Alliance of Socialists and Democrats in the European Parliament,33998,Partidul Social Democrat
Elio DI RUPO,Belgium,Group of the Progressive Alliance of Socialists and Democrats in the European Parliament,1294,Parti Socialiste
Mélanie DISDIER,France,Patriots for Europe Group,256874,Rassemblement national
Klára DOBREV,Hungary,Group of the Progressive Alliance of Socialists and Democrats in the European Parliament,197579,Demokratikus Koalíció
Regina DOHERTY,Ireland,Group of the European People's Party (Christian Democrats),257237,Fine Gael Party
Christian DOLESCHAL,Germany,Group of the European People's Party (Christian Democrats),197473,Christlich-Soziale Union in Bayern e.V.
Csaba DÖMÖTÖR,Hungary,Patriots for Europe Group,260724,Fidesz-Magyar Polgári Szövetség-Kereszténydemokrata Néppárt
Paulo DO NASCIMENTO CABRAL,Portugal,Group of the European People's Party (Christian Democrats),257048,Aliança Democrática
Elena DONAZZAN,Italy,European Conservatives and Reformists Group,257095,FRATELLI D' ITALIA
Herbert DORFMANN,Italy,Group of the European People's Party (Christian Democrats),96787,Südtiroler Volkspartei
Klara DOSTALOVA,Czechia,Patriots for Europe Group,256853,ANO 2011
Ondřej DOSTÁL,Czechia,Non-attached Members,256851,Independent
Siegbert Frank DROESE,Germany,Europe of Sovereign Nations Group,256949,Alternative für Deutschland
Lena DÜPONT,Germany,Group of the European People's Party (Christian Democrats),99945,Christlich Demokratische Union Deutschlands
Michał DWORCZYK,Poland,European Conservatives and Reformists Group,257076,Prawo i Sprawiedliwość
Matthias ECKE,Germany,Group of the Progressive Alliance of Socialists and Democrats in the European Parliament,237465,Sozialdemokratische Partei Deutschlands
Christian EHLER,Germany,Group of the European People's Party (Christian Democrats),28226,Christlich Demokratische Union Deutschlands
Marieke EHLERS,Netherlands,Patriots for Europe Group,192254,Partij voor de Vrijheid
Bas EICKHOUT,Netherlands,Group of the Greens/European Free Alliance,96725,GroenLinks-PvdA
Sofie ERIKSSON,Sweden,Group of the Progressive Alliance of Socialists and Democrats in the European Parliament,257088,Arbetarepartiet- Socialdemokraterna
Dick ERIXON,Sweden,European Conservatives and Reformists Group,257091,Sverigedemokraterna
Engin EROGLU,Germany,Renew Europe Group,197430,Freie Wähler
Rosa ESTARÀS FERRAGUT,Spain,Group of the European People's Party (Christian Democrats),96811,Partido Popular
Sebastian EVERDING,Germany,The Left group in the European Parliament - GUE/NGL,256961,Partei Mensch Umwelt Tierschutz
Alma EZCURRA ALMANSA,Spain,Group of the European People's Party (Christian Democrats),257035,Partido Popular
Gheorghe FALCĂ,Romania,Group of the European People's Party (Christian Democrats),197649,Partidul Naţional Liberal
Marco FALCONE,Italy,Group of the European People's Party (Christian Democrats),257137,Forza Italia
Nikolas FARANTOURIS,Greece,The Left group in the European Parliament - GUE/NGL,256823,Coalition of the Radical Left
Laurence FARRENG,France,Renew Europe Group,197589,Mouvement Démocrate
Jan FARSKÝ,Czechia,Group of the European People's Party (Christian Democrats),256840,Starostové a nezávisli
Markus FERBER,Germany,Group of the European People's Party (Christian Democrats),1917,Christlich-Soziale Union in Bayern e.V.
Viktória FERENC,Hungary,Patriots for Europe Group,256857,Fidesz-Magyar Polgári Szövetség-Kereszténydemokrata Néppárt
Jonás FERNÁNDEZ,Spain,Group of the Progressive Alliance of Socialists and Democrats in the European Parliament,125046,Partido Socialista Obrero Español
Carlo FIDANZA,Italy,European Conservatives and Reformists Group,96810,FRATELLI D' ITALIA
Pietro FIOCCHI,Italy,European Conservatives and Reformists Group,197607,FRATELLI D' ITALIA
Gabriela FIREA,Romania,Group of the Progressive Alliance of Socialists and Democrats in the European Parliament,257098,Partidul Social Democrat
Ruth FIRMENICH,Germany,Non-attached Members,25758,Bündnis Sahra Wagenknecht – Vernunft und Gerechtigkeit
Claire FITA,France,Group of the Progressive Alliance of Socialists and Democrats in the European Parliament,256906,Parti socialiste
Luke Ming FLANAGAN,Ireland,The Left group in the European Parliament - GUE/NGL,124985,Independent
Loucas FOURLAS,Cyprus,Group of the European People's Party (Christian Democrats),197414,Democratic Rally
Emma FOURREAU,France,The Left group in the European Parliament - GUE/NGL,256913,La France Insoumise
Emmanouil FRAGKOS,Greece,European Conservatives and Reformists Group,198490,Elliniki Lusi-Greek Solution
André FRANQUEIRA RODRIGUES,Portugal,Group of the Progressive Alliance of Socialists and Democrats in the European Parliament,257066,Partido Socialista
Daniel FREUND,Germany,Group of the Greens/European Free Alliance,106936,Bündnis 90/Die Grünen
Anne-Sophie FRIGOUT,France,Patriots for Europe Group,256876,Rassemblement national
Sigrid FRIIS,Denmark,Renew Europe Group,257038,Det Radikale Venstre
Heléne FRITZON,Sweden,Group of the Progressive Alliance of Socialists and Democrats in the European Parliament,197391,Arbetarepartiet- Socialdemokraterna
Tomasz FROELICH,Germany,Europe of Sovereign Nations Group,190574,Alternative für Deutschland
Niels FUGLSANG,Denmark,Group of the Progressive Alliance of Socialists and Democrats in the European Parliament,101585,Socialdemokratiet
Kathleen FUNCHION,Ireland,The Left group in the European Parliament - GUE/NGL,257299,Sinn Féin
Angéline FURET,France,Patriots for Europe Group,256896,Rassemblement national
Mario FURORE,Italy,The Left group in the European Parliament - GUE/NGL,197795,Movimento 5 Stelle
Michael GAHLER,Germany,Group of the European People's Party (Christian Democrats),2341,Christlich Demokratische Union Deutschlands
Kinga GÁL,Hungary,Patriots for Europe Group,28150,Fidesz-Magyar Polgári Szövetség-Kereszténydemokrata Néppárt
Estrella GALÁN,Spain,The Left group in the European Parliament - GUE/NGL,257012,Movimiento Sumar
Lina GÁLVEZ,Spain,Group of the Progressive Alliance of Socialists and Democrats in the European Parliament,197702,Partido Socialista Obrero Español
Alberico GAMBINO,Italy,European Conservatives and Reformists Group,257097,FRATELLI D' ITALIA
Iratxe GARCÍA PÉREZ,Spain,Group of the Progressive Alliance of Socialists and Democrats in the European Parliament,28298,Partido Socialista Obrero Español
Raquel GARCÍA HERMIDA-VAN DER WALLE,Netherlands,Renew Europe Group,256970,Democraten 66
Jean-Paul GARRAUD,France,Patriots for Europe Group,197628,Rassemblement national
Kamila GASIUK-PIHOWICZ,Poland,Group of the European People's Party (Christian Democrats),257032,Platforma Obywatelska
Geadis GEADI,Cyprus,European Conservatives and Reformists Group,256986,Εθνικό Λαϊκό Μέτωπο
Hanna GEDIN,Sweden,The Left group in the European Parliament - GUE/NGL,257092,Vänsterpartiet
Alexandra GEESE,Germany,Group of the Greens/European Free Alliance,183916,Bündnis 90/Die Grünen
Jens GEIER,Germany,Group of the Progressive Alliance of Socialists and Democrats in the European Parliament,96833,Sozialdemokratische Partei Deutschlands
Thomas GEISEL,Germany,Non-attached Members,256939,Bündnis Sahra Wagenknecht – Vernunft und Gerechtigkeit
Chiara GEMMA,Italy,European Conservatives and Reformists Group,197794,FRATELLI D' ITALIA
Giorgos GEORGIOU,Cyprus,The Left group in the European Parliament - GUE/NGL,197416,Progressive Party of Working People - Left - New Forces
Gerben-Jan GERBRANDY,Netherlands,Renew Europe Group,96940,Democraten 66
Jean-Marc GERMAIN,France,Group of the Progressive Alliance of Socialists and Democrats in the European Parliament,256901,Parti socialiste
Gabriella GERZSENYI,Hungary,Group of the European People's Party (Christian Democrats),256866,Tisztelet és Szabadság Párt
Niels GEUKING,Germany,Group of the European People's Party (Christian Democrats),251874,Familien-Partei Deutschlands
Jens GIESEKE,Germany,Group of the European People's Party (Christian Democrats),124807,Christlich Demokratische Union Deutschlands
Borja GIMÉNEZ LARRAZ,Spain,Group of the European People's Party (Christian Democrats),125204,Partido Popular
Juan Carlos GIRAUTA VIDAL,Spain,Patriots for Europe Group,125052,VOX
Sunčana GLAVAK,Croatia,Group of the European People's Party (Christian Democrats),202036,Hrvatska demokratska zajednica
Andreas GLÜCK,Germany,Renew Europe Group,197443,Freie Demokratische Partei
Raphaël GLUCKSMANN,France,Group of the Progressive Alliance of Socialists and Democrats in the European Parliament,197694,Place publique
Charles GOERENS,Luxembourg,Renew Europe Group,840,Parti démocratique
Christophe GOMART,France,Group of the European People's Party (Christian Democrats),256919,Les Républicains
Isilda GOMES,Portugal,Group of the Progressive Alliance of Socialists and Democrats in the European Parliament,257075,Partido Socialista
Sandra GÓMEZ LÓPEZ,Spain,Group of the Progressive Alliance of Socialists and Democrats in the European Parliament,256997,Partido Socialista Obrero Español
Bruno GONÇALVES,Portugal,Group of the Progressive Alliance of Socialists and Democrats in the European Parliament,257059,Partido Socialista
Sérgio GONÇALVES,Portugal,Group of the Progressive Alliance of Socialists and Democrats in the European Parliament,257079,Partido Socialista
Nicolás GONZÁLEZ CASARES,Spain,Group of the Progressive Alliance of Socialists and Democrats in the European Parliament,197718,Partido Socialista Obrero Español
Esteban GONZÁLEZ PONS,Spain,Group of the European People's Party (Christian Democrats),125027,Partido Popular
Giorgio GORI,Italy,Group of the Progressive Alliance of Socialists and Democrats in the European Parliament,257102,Partito Democratico
Małgorzata GOSIEWSKA,Poland,European Conservatives and Reformists Group,257055,Prawo i Sprawiedliwość
Dirk GOTINK,Netherlands,Group of the European People's Party (Christian Democrats),97399,Nieuw Sociaal Contract
Sandro GOZI,France,Renew Europe Group,204419,Mouvement Démocrate
Maria GRAPINI,Romania,Group of the Progressive Alliance of Socialists and Democrats in the European Parliament,124785,Partidul Umanist Social Liberal
Petras GRAŽULIS,Lithuania,Europe of Sovereign Nations Group,256808,Tautos ir teisingumo sąjunga
Markéta GREGOROVÁ,Czechia,Group of the Greens/European Free Alliance,197549,PIRÁTI
Branko GRIMS,Slovenia,Group of the European People's Party (Christian Democrats),220908,Slovenska demokratska stranka
Catherine GRISET,France,Patriots for Europe Group,94649,Rassemblement national
Hanna GRONKIEWICZ-WALTZ,Poland,Group of the European People's Party (Christian Democrats),262021,Platforma Obywatelska
Bart GROOTHUIS,Netherlands,Renew Europe Group,197780,Volkspartij voor Vrijheid en Democratie
Elisabeth GROSSMANN,Austria,Group of the Progressive Alliance of Socialists and Democrats in the European Parliament,256830,Sozialdemokratische Partei Österreichs
Christophe GRUDLER,France,Renew Europe Group,197557,Mouvement Démocrate
Elisabetta GUALMINI,Italy,Group of the Progressive Alliance of Socialists and Democrats in the European Parliament,197618,Partito Democratico
Cristina GUARDA,Italy,Group of the Greens/European Free Alliance,257130,Europa Verde - Verdi
Bernard GUETTA,France,Renew Europe Group,197543,Sans parti
Martin GÜNTHER,Germany,The Left group in the European Parliament - GUE/NGL,270719,DIE LINKE.
Maria GUZENINA,Finland,Group of the Progressive Alliance of Socialists and Democrats in the European Parliament,256803,Suomen Sosialidemokraattinen Puolue/Finlands Socialdemokratiska Parti
Enikő GYŐRI,Hungary,Patriots for Europe Group,96830,Fidesz-Magyar Polgári Szövetség-Kereszténydemokrata Néppárt
András GYÜRK,Hungary,Patriots for Europe Group,23816,Fidesz-Magyar Polgári Szövetség-Kereszténydemokrata Néppárt
Michalis HADJIPANTELA,Cyprus,Group of the European People's Party (Christian Democrats),256985,Democratic Rally
Svenja HAHN,Germany,Renew Europe Group,197444,Freie Demokratische Partei
Roman HAIDER,Austria,Patriots for Europe Group,198176,Freiheitliche Partei Österreichs
Andrzej HALICKI,Poland,Group of the European People's Party (Christian Democrats),197514,Platforma Obywatelska
Niels Flemming HANSEN,Denmark,Group of the European People's Party (Christian Democrats),257033,Det Konservative Folkeparti
Rima HASSAN,France,The Left group in the European Parliament - GUE/NGL,256912,La France Insoumise
Gerald HAUSER,Austria,Patriots for Europe Group,256842,Freiheitliche Partei Österreichs
Martin HÄUSLING,Germany,Group of the Greens/European Free Alliance,96752,Bündnis 90/Die Grünen
Mircea-Gheorghe HAVA,Romania,Group of the European People's Party (Christian Democrats),197646,Partidul Naţional Liberal
Valérie HAYER,France,Renew Europe Group,135511,Renaissance
Anja HAZEKAMP,Netherlands,The Left group in the European Parliament - GUE/NGL,125023,Partij voor de Dieren
Hannes HEIDE,Austria,Group of the Progressive Alliance of Socialists and Democrats in the European Parliament,197682,Sozialdemokratische Partei Österreichs
Eero HEINÄLUOMA,Finland,Group of the Progressive Alliance of Socialists and Democrats in the European Parliament,197800,Suomen Sosialidemokraattinen Puolue/Finlands Socialdemokratiska Parti
Anna-Maja HENRIKSSON,Finland,Renew Europe Group,198073,Svenska folkpartiet
Niclas HERBST,Germany,Group of the European People's Party (Christian Democrats),197412,Christlich Demokratische Union Deutschlands
Esther HERRANZ GARCÍA,Spain,Group of the European People's Party (Christian Democrats),22418,Partido Popular
Krzysztof HETMAN,Poland,Group of the European People's Party (Christian Democrats),124895,Polskie Stronnictwo Ludowe
Monika HOHLMEIER,Germany,Group of the European People's Party (Christian Democrats),96780,Christlich-Soziale Union in Bayern e.V.
Martin HOJSÍK,Slovakia,Renew Europe Group,197770,Progresívne Slovensko
Pär HOLMGREN,Sweden,Group of the Greens/European Free Alliance,197398,Miljöpartiet de gröna
György HÖLVÉNYI,Hungary,Patriots for Europe Group,124715,Kereszténydemokrata Néppárt
Alicia HOMS GINEL,Spain,Group of the Progressive Alliance of Socialists and Democrats in the European Parliament,122978,Partido Socialista Obrero Español
Sérgio HUMBERTO,Portugal,Group of the European People's Party (Christian Democrats),257065,Aliança Democrática
Ivars IJABS,Latvia,Renew Europe Group,197624,Latvijas attīstībai
Céline IMART,France,Group of the European People's Party (Christian Democrats),256918,Les Républicains
Evin INCIR,Sweden,Group of the Progressive Alliance of Socialists and Democrats in the European Parliament,197392,Arbetarepartiet- Socialdemokraterna
Paolo INSELVINI,Italy,European Conservatives and Reformists Group,257144,FRATELLI D' ITALIA
Diana IOVANOVICI ŞOŞOACĂ,Romania,Non-attached Members,257120,S.O.S. România
Patryk JAKI,Poland,European Conservatives and Reformists Group,197516,Solidarna Polska Zbigniewa Ziobro
Hana JALLOUL MURO,Spain,Group of the Progressive Alliance of Socialists and Democrats in the European Parliament,256992,Partido Socialista Obrero Español
France JAMET,France,Patriots for Europe Group,189065,Rassemblement national
Adam JARUBAS,Poland,Group of the European People's Party (Christian Democrats),197517,Polskie Stronnictwo Ludowe
Romana JERKOVIĆ,Croatia,Group of the Progressive Alliance of Socialists and Democrats in the European Parliament,112747,Socijaldemokratska partija Hrvatske
Marc JONGEN,Germany,Europe of Sovereign Nations Group,256942,Alternative für Deutschland
Dariusz JOŃSKI,Poland,Group of the European People's Party (Christian Democrats),257031,Koalicja Obywatelska
Virginie JORON,France,Patriots for Europe Group,197627,Rassemblement national
Pierre JOUVET,France,Group of the Progressive Alliance of Socialists and Democrats in the European Parliament,256898,Parti socialiste
Irena JOVEVA,Slovenia,Renew Europe Group,197447,Gibanje Svoboda
Rasa JUKNEVIČIENĖ,Lithuania,Group of the European People's Party (Christian Democrats),197840,Tėvynės sąjunga-Lietuvos krikščionys demokratai
Nora JUNCO GARCÍA,Spain,European Conservatives and Reformists Group,257022,Independiente
Alexander JUNGBLUTH,Germany,Europe of Sovereign Nations Group,256941,Alternative für Deutschland
Taner KABILOV,Bulgaria,Non-attached Members,257256,Movement for Rights and Freedoms
François KALFON,France,Group of the Progressive Alliance of Socialists and Democrats in the European Parliament,256908,Parti socialiste
Erik KALIŇÁK,Slovakia,Non-attached Members,257007,SMER-Sociálna demokracia
Marina KALJURAND,Estonia,Group of the Progressive Alliance of Socialists and Democrats in the European Parliament,197491,Sotsiaaldemokraatlik Erakond
Sandra KALNIETE,Latvia,Group of the European People's Party (Christian Democrats),96934,Jaunā Vienotība
Mariusz KAMIŃSKI,Poland,European Conservatives and Reformists Group,257056,Prawo i Sprawiedliwość
Radan KANEV,Bulgaria,Group of the European People's Party (Christian Democrats),197839,Democrats for Strong Bulgaria
Assita KANKO,Belgium,European Conservatives and Reformists Group,197469,Nieuw-Vlaamse Alliantie
Karin KARLSBRO,Sweden,Renew Europe Group,197401,Liberalerna
Fernand KARTHEISER,Luxembourg,Non-attached Members,256900,Alternativ Demokratesch Reformpartei
Ľubica KARVAŠOVÁ,Slovakia,Renew Europe Group,257013,Progresívne Slovensko
Elsi KATAINEN,Finland,Renew Europe Group,191693,Suomen Keskusta
Emmanouil KEFALOGIANNIS,Greece,Group of the European People's Party (Christian Democrats),125068,Nea Demokratia
Billy KELLEHER,Ireland,Renew Europe Group,197818,Fianna Fáil Party
Fabienne KELLER,France,Renew Europe Group,22858,Renaissance
Seán KELLY,Ireland,Group of the European People's Party (Christian Democrats),96668,Fine Gael Party
Martine KEMP,Luxembourg,Group of the European People's Party (Christian Democrats),249603,Parti chrétien social luxembourgeois
Rudi KENNES,Belgium,The Left group in the European Parliament - GUE/NGL,256890,Independent
Mary KHAN,Germany,Europe of Sovereign Nations Group,256957,Alternative für Deutschland
Sophia KIRCHER,Austria,Group of the European People's Party (Christian Democrats),256831,Österreichische Volkspartei
Sarah KNAFO,France,Europe of Sovereign Nations Group,256924,Reconquête!
Ondřej KNOTEK,Czechia,Patriots for Europe Group,197528,ANO 2011
Jaroslav KNOT,Czechia,Patriots for Europe Group,270261,ANO 2011
Michał KOBOSKO,Poland,Renew Europe Group,257037,Polska 2050
Stefan KÖHLER,Germany,Group of the European People's Party (Christian Democrats),256973,Christlich-Soziale Union in Bayern e.V.
Łukasz KOHUT,Poland,Group of the European People's Party (Christian Democrats),197523,Independent
Arba KOKALARI,Sweden,Group of the European People's Party (Christian Democrats),197406,Moderaterna
Ondřej KOLÁŘ,Czechia,Group of the European People's Party (Christian Democrats),256846,TOP 09 a Starostové
Kinga KOLLÁR,Hungary,Group of the European People's Party (Christian Democrats),256861,Tisztelet és Szabadság Párt
Rihards KOLS,Latvia,European Conservatives and Reformists Group,220871,"Nacionālā apvienība ""Visu Latvijai!"" - ""Tēvzemei un Brīvībai/LNNK"""
Kateřina KONEČNÁ,Czechia,Non-attached Members,23699,Komunistická strana Čech a Moravy
Ewa KOPACZ,Poland,Group of the European People's Party (Christian Democrats),197525,Platforma Obywatelska
Moritz KÖRNER,Germany,Renew Europe Group,197445,Freie Demokratische Partei
Elena KOUNTOURA,Greece,The Left group in the European Parliament - GUE/NGL,197699,Coalition of the Radical Left
Andrey KOVATCHEV,Bulgaria,Group of the European People's Party (Christian Democrats),97968,Citizens for European Development of Bulgaria
Vilis KRIŠTOPANS,Latvia,Patriots for Europe Group,256909,Latvija pirmajā vietā
Sebastian KRUIS,Netherlands,Patriots for Europe Group,256996,Partij voor de Vrijheid
Ondřej KRUTÍLEK,Czechia,European Conservatives and Reformists Group,256845,Občanská demokratická strana
Tomáš KUBÍN,Czechia,Patriots for Europe Group,261038,ANO 2011
Alice KUHNKE,Sweden,Group of the Greens/European Free Alliance,197395,Miljöpartiet de gröna
András Tivadar KULJA,Hungary,Group of the European People's Party (Christian Democrats),256864,Tisztelet és Szabadság Párt
Katri KULMUNI,Finland,Renew Europe Group,198084,Suomen Keskusta
Merja KYLLÖNEN,Finland,The Left group in the European Parliament - GUE/NGL,124736,Vasemmistoliitto
Ilhan KYUCHYUK,Bulgaria,Renew Europe Group,124866,Movement for Rights and Freedoms
Sergey LAGODINSKY,Germany,Group of the Greens/European Free Alliance,197460,Bündnis 90/Die Grünen
Eszter LAKOS,Hungary,Group of the European People's Party (Christian Democrats),256865,Tisztelet és Szabadság Párt
Aurore LALUCQ,France,Group of the Progressive Alliance of Socialists and Democrats in the European Parliament,197697,Place publique
Bernd LANGE,Germany,Group of the Progressive Alliance of Socialists and Democrats in the European Parliament,1909,Sozialdemokratische Partei Deutschlands
Katrin LANGENSIEPEN,Germany,Group of the Greens/European Free Alliance,197461,Bündnis 90/Die Grünen
Judita LAŠŠÁKOVÁ,Slovakia,Non-attached Members,198373,SMER-Sociálna demokracia
András LÁSZLÓ,Hungary,Patriots for Europe Group,256860,Fidesz-Magyar Polgári Szövetség-Kereszténydemokrata Néppárt
Afroditi LATINOPOULOU,Greece,Patriots for Europe Group,256954,Foní Loyikís
Murielle LAURENT,France,Group of the Progressive Alliance of Socialists and Democrats in the European Parliament,256899,Parti socialiste
Camilla LAURETI,Italy,Group of the Progressive Alliance of Socialists and Democrats in the European Parliament,230085,Partito Democratico
Rada LAYKOVA,Bulgaria,Europe of Sovereign Nations Group,257262,Revival
Ilia LAZAROV,Bulgaria,Group of the European People's Party (Christian Democrats),257261,Union of Democratic Forces
Luis-Vicențiu LAZARUS,Romania,Non-attached Members,257118,Dreptate și Frăție
Isabelle LE CALLENNEC,France,Group of the European People's Party (Christian Democrats),256920,Les Républicains
Fabrice LEGGERI,France,Patriots for Europe Group,256872,Rassemblement national
Jeroen LENAERS,Netherlands,Group of the European People's Party (Christian Democrats),95074,Christen Democratisch Appèl
Julien LEONARDELLI,France,Patriots for Europe Group,256895,Rassemblement national
Janusz LEWANDOWSKI,Poland,Group of the European People's Party (Christian Democrats),23781,Platforma Obywatelska
Miriam LEXMANN,Slovakia,Group of the European People's Party (Christian Democrats),204336,Kresťanskodemokratické hnutie
Peter LIESE,Germany,Group of the European People's Party (Christian Democrats),1927,Christlich Demokratische Union Deutschlands
Norbert LINS,Germany,Group of the European People's Party (Christian Democrats),124808,Christlich Demokratische Union Deutschlands
Nathalie LOISEAU,France,Renew Europe Group,197494,Horizons
Morten LØKKEGAARD,Denmark,Renew Europe Group,96709,"Venstre, Danmarks Liberale Parti"
Reinhold LOPATKA,Austria,Group of the European People's Party (Christian Democrats),220896,Österreichische Volkspartei
Javi LÓPEZ,Spain,Group of the Progressive Alliance of Socialists and Democrats in the European Parliament,125042,Partit dels Socialistes de Catalunya (PSC-PSOE)
Juan Fernando LÓPEZ AGUILAR,Spain,Group of the Progressive Alliance of Socialists and Democrats in the European Parliament,96812,Partido Socialista Obrero Español
Antonio LÓPEZ-ISTÚRIZ WHITE,Spain,Group of the European People's Party (Christian Democrats),28399,Partido Popular
Isabella LÖVIN,Sweden,Group of the Greens/European Free Alliance,96675,Miljöpartiet de gröna
Mimmo LUCANO,Italy,The Left group in the European Parliament - GUE/NGL,257129,Alleanza Verdi e Sinistra
César LUENA,Spain,Group of the Progressive Alliance of Socialists and Democrats in the European Parliament,197721,Partido Socialista Obrero Español
Elżbieta Katarzyna ŁUKACIJEWSKA,Poland,Group of the European People's Party (Christian Democrats),96791,Platforma Obywatelska
Giuseppe LUPO,Italy,Group of the Progressive Alliance of Socialists and Democrats in the European Parliament,257124,Partito Democratico
David MCALLISTER,Germany,Group of the European People's Party (Christian Democrats),124806,Christlich Demokratische Union Deutschlands
Jaak MADISON,Estonia,European Conservatives and Reformists Group,197493,Eesti Keskerakond
Cristina MAESTRE,Spain,Group of the Progressive Alliance of Socialists and Democrats in the European Parliament,197719,Partido Socialista Obrero Español
Lara MAGONI,Italy,European Conservatives and Reformists Group,257149,FRATELLI D' ITALIA
Péter MAGYAR,Hungary,Group of the European People's Party (Christian Democrats),256868,Tisztelet és Szabadság Párt
Marit MAIJ,Netherlands,Group of the Progressive Alliance of Socialists and Democrats in the European Parliament,91636,GroenLinks-PvdA
Marlena MALĄG,Poland,European Conservatives and Reformists Group,257077,Prawo i Sprawiedliwość
Claudiu MANDA,Romania,Group of the Progressive Alliance of Socialists and Democrats in the European Parliament,197653,Partidul Social Democrat
Lukas MANDL,Austria,Group of the European People's Party (Christian Democrats),190713,Österreichische Volkspartei
Yannis MANIATIS,Greece,Group of the Progressive Alliance of Socialists and Democrats in the European Parliament,256824,PASOK-KINAL
Mario MANTOVANI,Italy,European Conservatives and Reformists Group,4395,FRATELLI D' ITALIA
Pierfrancesco MARAN,Italy,Group of the Progressive Alliance of Socialists and Democrats in the European Parliament,257727,Partito Democratico
Jagna MARCZUŁAJTIS-WALCZAK,Poland,Group of the European People's Party (Christian Democrats),257082,Platforma Obywatelska
Marion MARÉCHAL,France,European Conservatives and Reformists Group,256922,Identité Libertés
Thierry MARIANI,France,Patriots for Europe Group,197623,Rassemblement national
Ignazio Roberto MARINO,Italy,Group of the Greens/European Free Alliance,257132,Independent
Erik MARQUARDT,Germany,Group of the Greens/European Free Alliance,197462,Bündnis 90/Die Grünen
Jorge MARTÍN FRÍAS,Spain,Patriots for Europe Group,257029,VOX
Catarina MARTINS,Portugal,The Left group in the European Parliament - GUE/NGL,257063,Bloco de Esquerda
Fulvio MARTUSCIELLO,Italy,Group of the European People's Party (Christian Democrats),124828,Forza Italia
Vicent MARZÀ IBÁÑEZ,Spain,Group of the Greens/European Free Alliance,257016,Compromís
Gabriel MATO,Spain,Group of the European People's Party (Christian Democrats),96936,Partido Popular
Sara MATTHIEU,Belgium,Group of the Greens/European Free Alliance,208722,Groen
Costas MAVRIDES,Cyprus,Group of the Progressive Alliance of Socialists and Democrats in the European Parliament,124691,Democratic Party
Eva MAYDELL,Bulgaria,Group of the European People's Party (Christian Democrats),98341,Citizens for European Development of Bulgaria
Georg MAYER,Austria,Patriots for Europe Group,38511,Freiheitliche Partei Österreichs
Milan MAZUREK,Slovakia,Europe of Sovereign Nations Group,249982,Hnutie Republika
Liudas MAŽYLIS,Lithuania,Group of the European People's Party (Christian Democrats),197841,Tėvynės sąjunga-Lietuvos krikščionys demokratai
Michael MCNAMARA,Ireland,Renew Europe Group,257300,Independent
Nora MEBAREK,France,Group of the Progressive Alliance of Socialists and Democrats in the European Parliament,204418,Parti socialiste
Alexandra MEHNERT,Germany,Group of the European People's Party (Christian Democrats),256980,Christlich Demokratische Union Deutschlands
Vangelis MEIMARAKIS,Greece,Group of the European People's Party (Christian Democrats),197662,Nea Demokratia
Eleonora MELETI,Greece,Group of the European People's Party (Christian Democrats),256943,Nea Demokratia
Ana Catarina MENDES,Portugal,Group of the Progressive Alliance of Socialists and Democrats in the European Parliament,257053,Partido Socialista
Idoia MENDIA,Spain,Group of the Progressive Alliance of Socialists and Democrats in the European Parliament,256994,Partido Socialista Obrero Español
Verena MERTENS,Germany,Group of the European People's Party (Christian Democrats),256974,Christlich Demokratische Union Deutschlands
Marina MESURE,France,The Left group in the European Parliament - GUE/NGL,236053,La France Insoumise
Roberta METSOLA,Malta,Group of the European People's Party (Christian Democrats),118859,Partit Nazzjonalista
Tilly METZ,Luxembourg,Group of the Greens/European Free Alliance,193292,Déi Gréng - Les Verts
Sven MIKSER,Estonia,Group of the Progressive Alliance of Socialists and Democrats in the European Parliament,197497,Sotsiaaldemokraatlik Erakond
Giuseppe MILAZZO,Italy,European Conservatives and Reformists Group,197824,FRATELLI D' ITALIA
Francisco José MILLÁN MON,Spain,Group of the European People's Party (Christian Democrats),28400,Partido Popular
Nikola MINCHEV,Bulgaria,Renew Europe Group,257259,We continue the change – Democratic Bulgaria
Ana MIRANDA PAZ,Spain,Group of the Greens/European Free Alliance,24942,Bloque Nacionalista Galego
Csaba MOLNÁR,Hungary,Group of the Progressive Alliance of Socialists and Democrats in the European Parliament,124722,Demokratikus Koalíció
Irene MONTERO,Spain,The Left group in the European Parliament - GUE/NGL,245770,PODEMOS
Dolors MONTSERRAT,Spain,Group of the European People's Party (Christian Democrats),197711,Partido Popular
Carolina MORACE,Italy,The Left group in the European Parliament - GUE/NGL,257140,Movimento 5 Stelle
Nadine MORANO,France,Group of the European People's Party (Christian Democrats),72779,Les Républicains
Letizia MORATTI,Italy,Group of the European People's Party (Christian Democrats),257151,Forza Italia
Tiago MOREIRA DE SÁ,Portugal,Patriots for Europe Group,257054,Chega
Javier MORENO SÁNCHEZ,Spain,Group of the Progressive Alliance of Socialists and Democrats in the European Parliament,28347,Partido Socialista Obrero Español
Alessandra MORETTI,Italy,Group of the Progressive Alliance of Socialists and Democrats in the European Parliament,124799,Partito Democratico
Dan-Ştefan MOTREANU,Romania,Group of the European People's Party (Christian Democrats),197647,Partidul Naţional Liberal
Arkadiusz MULARCZYK,Poland,European Conservatives and Reformists Group,257060,Prawo i Sprawiedliwość
Piotr MÜLLER,Poland,European Conservatives and Reformists Group,257080,Prawo i Sprawiedliwość
Ciaran MULLOOLY,Ireland,Renew Europe Group,257298,Independent
Siegfried MUREŞAN,Romania,Group of the European People's Party (Christian Democrats),124802,Partidul Naţional Liberal
Ştefan MUŞOIU,Romania,Group of the Progressive Alliance of Socialists and Democrats in the European Parliament,257103,Partidul Social Democrat
Jana NAGYOVÁ,Czechia,Patriots for Europe Group,256843,ANO 2011
Dario NARDELLA,Italy,Group of the Progressive Alliance of Socialists and Democrats in the European Parliament,257111,Partito Democratico
Fernando NAVARRETE ROJAS,Spain,Group of the European People's Party (Christian Democrats),257027,Partido Popular
Victor NEGRESCU,Romania,Group of the Progressive Alliance of Socialists and Democrats in the European Parliament,88882,Partidul Social Democrat
Matjaž NEMEC,Slovenia,Group of the Progressive Alliance of Socialists and Democrats in the European Parliament,233862,Socialni demokrati
Danuše NERUDOVÁ,Czechia,Group of the European People's Party (Christian Democrats),256847,Starostové a nezávisli
Denis NESCI,Italy,European Conservatives and Reformists Group,239260,FRATELLI D' ITALIA
Hans NEUHOFF,Germany,Europe of Sovereign Nations Group,256944,Alternative für Deutschland
Hannah NEUMANN,Germany,Group of the Greens/European Free Alliance,197464,Bündnis 90/Die Grünen
Elena NEVADO DEL CAMPO,Spain,Group of the European People's Party (Christian Democrats),257039,Partido Popular
Dan NICA,Romania,Group of the Progressive Alliance of Socialists and Democrats in the European Parliament,124784,Partidul Social Democrat
Angelika NIEBLER,Germany,Group of the European People's Party (Christian Democrats),4289,Christlich-Soziale Union in Bayern e.V.
Luděk NIEDERMAYER,Czechia,Group of the European People's Party (Christian Democrats),124701,TOP 09 a Starostové
Ville NIINISTÖ,Finland,Group of the Greens/European Free Alliance,197802,Vihreä liitto
Lefteris NIKOLAOU-ALAVANOS,Greece,Non-attached Members,197734,Communist Party of Greece
Aleksandar NIKOLIC,France,Patriots for Europe Group,256883,Rassemblement national
Cynthia NÍ MHURCHÚ,Ireland,Renew Europe Group,257301,Fianna Fáil Party
Maria NOICHL,Germany,Group of the Progressive Alliance of Socialists and Democrats in the European Parliament,124836,Sozialdemokratische Partei Deutschlands
Rasmus NORDQVIST,Denmark,Group of the Greens/European Free Alliance,257044,Socialistisk Folkeparti
Andrey NOVAKOV,Bulgaria,Group of the European People's Party (Christian Democrats),107212,Citizens for European Development of Bulgaria
Mirosława NYKIEL,Poland,Group of the European People's Party (Christian Democrats),257049,Platforma Obywatelska
Daniel OBAJTEK,Poland,European Conservatives and Reformists Group,257058,Prawo i Sprawiedliwość
Ľudovít ÓDOR,Slovakia,Renew Europe Group,257010,Progresívne Slovensko
Jan-Christoph OETJEN,Germany,Renew Europe Group,197432,Freie Demokratische Partei
Maria OHISALO,Finland,Group of the Greens/European Free Alliance,198076,Vihreä liitto
João OLIVEIRA,Portugal,The Left group in the European Parliament - GUE/NGL,257083,Partido Comunista Português
Philippe OLIVIER,France,Patriots for Europe Group,197687,Rassemblement national
Younous OMARJEE,France,The Left group in the European Parliament - GUE/NGL,30482,La France Insoumise
Branislav ONDRUŠ,Slovakia,Non-attached Members,257018,Hlas – sociálna demokracia
Aodhán Ó RÍORDÁIN,Ireland,Group of the Progressive Alliance of Socialists and Democrats in the European Parliament,257238,Labour Party
Leoluca ORLANDO,Italy,Group of the Greens/European Free Alliance,2152,Independent
Jacek OZDOBA,Poland,European Conservatives and Reformists Group,257086,Prawo i Sprawiedliwość
Urmas PAET,Estonia,Renew Europe Group,129073,Eesti Reformierakond
Leire PAJÍN,Spain,Group of the Progressive Alliance of Socialists and Democrats in the European Parliament,256993,Partido Socialista Obrero Español
Valentina PALMISANO,Italy,The Left group in the European Parliament - GUE/NGL,257135,Movimento 5 Stelle
Fidias PANAYIOTOU,Cyprus,Non-attached Members,256989,Independent
Kostas PAPADAKIS,Greece,Non-attached Members,125093,Communist Party of Greece
Nikos PAPANDREOU,Greece,Group of the Progressive Alliance of Socialists and Democrats in the European Parliament,244571,PASOK-KINAL
Nikos PAPPAS,Greece,The Left group in the European Parliament - GUE/NGL,256952,Coalition of the Radical Left
Nicolás PASCUAL DE LA PARTE,Spain,Group of the European People's Party (Christian Democrats),257040,Partido Popular
Aldo PATRICIELLO,Italy,Patriots for Europe Group,36392,Lega
Jutta PAULUS,Germany,Group of the Greens/European Free Alliance,197466,Bündnis 90/Die Grünen
Ana Miguel PEDRO,Portugal,Group of the European People's Party (Christian Democrats),110673,Partido do Centro Democrático Social-Partido Popular
Gaetano PEDULLA',Italy,The Left group in the European Parliament - GUE/NGL,257126,Movimento 5 Stelle
Thomas PELLERIN-CARLIN,France,Group of the Progressive Alliance of Socialists and Democrats in the European Parliament,256903,Place publique
Guillaume PELTIER,France,European Conservatives and Reformists Group,30123,Identité Libertés
Tsvetelina PENKOVA,Bulgaria,Group of the Progressive Alliance of Socialists and Democrats in the European Parliament,197845,Bulgarian Socialist Party
Gilles PENNELLE,France,Patriots for Europe Group,126699,Rassemblement national
Lídia PEREIRA,Portugal,Group of the European People's Party (Christian Democrats),197738,Partido Social Democrata
Alvise PÉREZ,Spain,Non-attached Members,257019,Se Acabó la Fiesta
Kira Marie PETER-HANSEN,Denmark,Group of the Greens/European Free Alliance,197573,Socialistisk Folkeparti
Hristo PETROV,Bulgaria,Renew Europe Group,257257,We continue the change – Democratic Bulgaria
Michele PICARO,Italy,European Conservatives and Reformists Group,257150,FRATELLI D' ITALIA
Pina PICIERNO,Italy,Group of the Progressive Alliance of Socialists and Democrats in the European Parliament,124846,Partito Democratico
Tonino PICULA,Croatia,Group of the Progressive Alliance of Socialists and Democrats in the European Parliament,112744,Socijaldemokratska partija Hrvatske
Pascale PIERA,France,Patriots for Europe Group,256877,Rassemblement national
Sirpa PIETIKÄINEN,Finland,Group of the European People's Party (Christian Democrats),40599,Kansallinen Kokoomus
Pierre PIMPIE,France,Patriots for Europe Group,256893,Rassemblement national
Gheorghe PIPEREA,Romania,European Conservatives and Reformists Group,257115,Alianța pentru Unirea Românilor
Margarita DE LA PISA CARRIÓN,Spain,Patriots for Europe Group,204414,VOX
Jaroslava POKORNÁ JERMANOVÁ,Czechia,Patriots for Europe Group,256844,ANO 2011
Daniele POLATO,Italy,European Conservatives and Reformists Group,257145,FRATELLI D' ITALIA
Jessica POLFJÄRD,Sweden,Group of the European People's Party (Christian Democrats),197404,Moderaterna
Virgil-Daniel POPESCU,Romania,Group of the European People's Party (Christian Democrats),257107,Partidul Naţional Liberal
Reinis POZŅAKS,Latvia,European Conservatives and Reformists Group,256907,"Apvienotais saraksts — Latvijas Zaļā partija, Latvijas Reģionu Apvienība, Liepājas partija"
Vladimir PREBILIČ,Slovenia,Group of the Greens/European Free Alliance,256813,Prerod – Stranka Vladimirja Prebiliča
Giusi PRINCI,Italy,Group of the European People's Party (Christian Democrats),257128,Forza Italia
Nicola PROCACCINI,Italy,European Conservatives and Reformists Group,197820,FRATELLI D' ITALIA
Jacek PROTAS,Poland,Group of the European People's Party (Christian Democrats),257041,Platforma Obywatelska
Friedrich PÜRNER,Germany,Non-attached Members,256969,Independent
Emil RADEV,Bulgaria,Group of the European People's Party (Christian Democrats),124850,Citizens for European Development of Bulgaria
Dennis RADTKE,Germany,Group of the European People's Party (Christian Democrats),188945,Christlich Demokratische Union Deutschlands
Emma RAFOWICZ,France,Group of the Progressive Alliance of Socialists and Democrats in the European Parliament,256902,Parti socialiste
Jüri RATAS,Estonia,Group of the European People's Party (Christian Democrats),188096,Isamaa
Ruggero RAZZA,Italy,European Conservatives and Reformists Group,257104,FRATELLI D' ITALIA
Julie RECHAGNEUX,France,Patriots for Europe Group,256882,Rassemblement national
Evelyn REGNER,Austria,Group of the Progressive Alliance of Socialists and Democrats in the European Parliament,96998,Sozialdemokratische Partei Österreichs
Terry REINTKE,Germany,Group of the Greens/European Free Alliance,103381,Bündnis 90/Die Grünen
René REPASI,Germany,Group of the Progressive Alliance of Socialists and Democrats in the European Parliament,229839,Sozialdemokratische Partei Deutschlands
Sabrina REPP,Germany,Group of the Progressive Alliance of Socialists and Democrats in the European Parliament,256935,Sozialdemokratische Partei Deutschlands
Karlo RESSLER,Croatia,Group of the European People's Party (Christian Democrats),197413,Hrvatska demokratska zajednica
Thijs REUTEN,Netherlands,Group of the Progressive Alliance of Socialists and Democrats in the European Parliament,218347,GroenLinks-PvdA
Diana RIBA I GINER,Spain,Group of the Greens/European Free Alliance,197832,Esquerra Republicana de Catalunya
Matteo RICCI,Italy,Group of the Progressive Alliance of Socialists and Democrats in the European Parliament,257121,Partito Democratico
Chloé RIDEL,France,Group of the Progressive Alliance of Socialists and Democrats in the European Parliament,256904,Parti socialiste
Nela RIEHL,Germany,Group of the Greens/European Free Alliance,256964,Volt
Manuela RIPA,Germany,Group of the European People's Party (Christian Democrats),206158,Ökologisch-Demokratische Partei
Marcos ROS SEMPERE,Spain,Group of the Progressive Alliance of Socialists and Democrats in the European Parliament,204413,Partido Socialista Obrero Español
Katarína ROTH NEVEĎALOVÁ,Slovakia,Non-attached Members,96653,SMER-Sociálna demokracia
André ROUGÉ,France,Patriots for Europe Group,197690,Rassemblement national
Bert-Jan RUISSEN,Netherlands,European Conservatives and Reformists Group,197773,Staatkundig Gereformeerde Partij
Sandro RUOTOLO,Italy,Group of the Progressive Alliance of Socialists and Democrats in the European Parliament,257170,Partito Democratico
Bogdan RZOŃCA,Poland,European Conservatives and Reformists Group,197545,Prawo i Sprawiedliwość
Arash SAEIDI,France,The Left group in the European Parliament - GUE/NGL,256911,La France Insoumise
Massimiliano SALINI,Italy,Group of the European People's Party (Christian Democrats),125670,Forza Italia
Ilaria SALIS,Italy,The Left group in the European Parliament - GUE/NGL,257127,Alleanza Verdi e Sinistra
Aura SALLA,Finland,Group of the European People's Party (Christian Democrats),98219,Kansallinen Kokoomus
Nacho SÁNCHEZ AMOR,Spain,Group of the Progressive Alliance of Socialists and Democrats in the European Parliament,197722,Partido Socialista Obrero Español
Julien SANCHEZ,France,Patriots for Europe Group,88552,Rassemblement national
Elena SANCHO MURILLO,Spain,Group of the Progressive Alliance of Socialists and Democrats in the European Parliament,257001,Partido Socialista Obrero Español
Jussi SARAMO,Finland,The Left group in the European Parliament - GUE/NGL,127766,Vasemmistoliitto
Silvia SARDONE,Italy,Patriots for Europe Group,197578,Lega
Marjan ŠAREC,Slovenia,Renew Europe Group,256815,Gibanje Svoboda
Eric SARGIACOMO,France,Group of the Progressive Alliance of Socialists and Democrats in the European Parliament,256905,Parti socialiste
Mounir SATOURI,France,Group of the Greens/European Free Alliance,197500,Les Écologistes
Paulius SAUDARGAS,Lithuania,Group of the European People's Party (Christian Democrats),256809,Tėvynės sąjunga-Lietuvos krikščionys demokratai
Majdouline SBAI,France,Group of the Greens/European Free Alliance,256917,Les Écologistes
Antonella SBERNA,Italy,European Conservatives and Reformists Group,257113,FRATELLI D' ITALIA
Christel SCHALDEMOSE,Denmark,Group of the Progressive Alliance of Socialists and Democrats in the European Parliament,37312,Socialdemokratiet
Ernő SCHALLER-BAROSS,Hungary,Patriots for Europe Group,213330,Fidesz-Magyar Polgári Szövetség-Kereszténydemokrata Néppárt
Oliver SCHENK,Germany,Group of the European People's Party (Christian Democrats),256979,Christlich Demokratische Union Deutschlands
Joanna SCHEURING-WIELGUS,Poland,Group of the Progressive Alliance of Socialists and Democrats in the European Parliament,257084,Nowa Lewica
Andreas SCHIEDER,Austria,Group of the Progressive Alliance of Socialists and Democrats in the European Parliament,197670,Sozialdemokratische Partei Österreichs
Lena SCHILLING,Austria,Group of the Greens/European Free Alliance,256833,Die Grünen - Die Grüne Alternative
Martin SCHIRDEWAN,Germany,The Left group in the European Parliament - GUE/NGL,190517,DIE LINKE.
Christine SCHNEIDER,Germany,Group of the European People's Party (Christian Democrats),197422,Christlich Demokratische Union Deutschlands
Volker SCHNURRBUSCH,Germany,Europe of Sovereign Nations Group,267485,Alternative für Deutschland
Andreas SCHWAB,Germany,Group of the European People's Party (Christian Democrats),28223,Christlich Demokratische Union Deutschlands
Benedetta SCUDERI,Italy,Group of the Greens/European Free Alliance,257139,Europa Verde - Verdi
Ralf SEEKATZ,Germany,Group of the European People's Party (Christian Democrats),197425,Christlich Demokratische Union Deutschlands
Alexander SELL,Germany,Europe of Sovereign Nations Group,256959,Alternative für Deutschland
Rosa SERRANO SIERRA,Spain,Group of the Progressive Alliance of Socialists and Democrats in the European Parliament,256999,Partido Socialista Obrero Español
Isabel SERRA SÁNCHEZ,Spain,The Left group in the European Parliament - GUE/NGL,257009,PODEMOS
Günther SIDL,Austria,Group of the Progressive Alliance of Socialists and Democrats in the European Parliament,197677,Sozialdemokratische Partei Österreichs
Bartłomiej SIENKIEWICZ,Poland,Group of the European People's Party (Christian Democrats),86057,Platforma Obywatelska
Lukas SIEPER,Germany,Non-attached Members,256971,Partei des Fortschritts
Sven SIMON,Germany,Group of the European People's Party (Christian Democrats),197426,Christlich Demokratische Union Deutschlands
Christine SINGER,Germany,Renew Europe Group,256946,Freie Wähler
Virginijus SINKEVIČIUS,Lithuania,Group of the Greens/European Free Alliance,201945,Demokratų sąjunga „Vardan Lietuvos“
Birgit SIPPEL,Germany,Group of the Progressive Alliance of Socialists and Democrats in the European Parliament,96932,Sozialdemokratische Partei Deutschlands
Jonas SJÖSTEDT,Sweden,The Left group in the European Parliament - GUE/NGL,2268,Vänsterpartiet
Krzysztof ŚMISZEK,Poland,Group of the Progressive Alliance of Socialists and Democrats in the European Parliament,257085,Nowa Lewica
Anthony SMITH,France,The Left group in the European Parliament - GUE/NGL,256910,La France Insoumise
Sander SMIT,Netherlands,Group of the European People's Party (Christian Democrats),125325,BoerBurgerBeweging
Tomislav SOKOL,Croatia,Group of the European People's Party (Christian Democrats),197417,Hrvatska demokratska zajednica
Diego SOLIER,Spain,European Conservatives and Reformists Group,257021,Independiente
Susana SOLÍS PÉREZ,Spain,Group of the European People's Party (Christian Democrats),197784,Partido Popular
Liesbet SOMMEN,Belgium,Group of the European People's Party (Christian Democrats),256889,Christen-Democratisch & Vlaams
Martin SONNEBORN,Germany,Non-attached Members,124834,Die PARTEI
Malika SOREL,France,Non-attached Members,256871,Sans parti
Hélder SOUSA SILVA,Portugal,Group of the European People's Party (Christian Democrats),257068,Partido Social Democrata
Villy SØVNDAL,Denmark,Group of the Greens/European Free Alliance,111412,Socialistisk Folkeparti
Marco SQUARTA,Italy,European Conservatives and Reformists Group,257109,FRATELLI D' ITALIA
Mārtiņš STAĶIS,Latvia,Group of the Greens/European Free Alliance,256916,Progresīvie
Raffaele STANCANELLI,Italy,Patriots for Europe Group,197825,Lega
Antonín STANĚK,Czechia,Patriots for Europe Group,272024,Přísaha
Nicolae ȘTEFĂNUȚĂ,Romania,Group of the Greens/European Free Alliance,58766,Independent
Petra STEGER,Austria,Patriots for Europe Group,220897,Freiheitliche Partei Österreichs
Davor Ivo STIER,Croatia,Group of the European People's Party (Christian Democrats),119435,Hrvatska demokratska zajednica
Kristoffer STORM,Denmark,European Conservatives and Reformists Group,257025,Danmarksdemokraterne
Stanislav STOYANOV,Bulgaria,Europe of Sovereign Nations Group,257255,Revival
Marie-Agnes STRACK-ZIMMERMANN,Germany,Renew Europe Group,256926,Freie Demokratische Partei
Cecilia STRADA,Italy,Group of the Progressive Alliance of Socialists and Democrats in the European Parliament,257101,Partito Democratico
Joachim STREIT,Germany,Renew Europe Group,256962,Freie Wähler
Tineke STRIK,Netherlands,Group of the Greens/European Free Alliance,197772,GroenLinks-PvdA
Anna STROLENBERG,Netherlands,Group of the Greens/European Free Alliance,256990,Volt
Şerban Dimitrie STURDZA,Romania,European Conservatives and Reformists Group,257119,Partidul Acțiunea Conservatoare
Anna STÜRGKH,Austria,Renew Europe Group,256839,NEOS – Das Neue Österreich
Marcin SYPNIEWSKI,Poland,Europe of Sovereign Nations Group,257070,Konfederacja Wolność i Niepodległość
Michał SZCZERBA,Poland,Group of the European People's Party (Christian Democrats),257026,Platforma Obywatelska
Pál SZEKERES,Hungary,Patriots for Europe Group,256855,Fidesz-Magyar Polgári Szövetség-Kereszténydemokrata Néppárt
Beata SZYDŁO,Poland,European Conservatives and Reformists Group,197553,Prawo i Sprawiedliwość
Dario TAMBURRANO,Italy,The Left group in the European Parliament - GUE/NGL,124813,Movimento 5 Stelle
António TÂNGER CORRÊA,Portugal,Patriots for Europe Group,257050,Chega
Dominik TARCZYŃSKI,Poland,European Conservatives and Reformists Group,204346,Prawo i Sprawiedliwość
Marco TARQUINIO,Italy,Group of the Progressive Alliance of Socialists and Democrats in the European Parliament,257160,Partito Democratico
Zoltán TARR,Hungary,Group of the European People's Party (Christian Democrats),256863,Tisztelet és Szabadság Párt
Claudiu-Richard TÂRZIU,Romania,European Conservatives and Reformists Group,257114,Partidul Acțiunea Conservatoare
Carla TAVARES,Portugal,Group of the Progressive Alliance of Socialists and Democrats in the European Parliament,257071,Partido Socialista
Kai TEGETHOFF,Germany,Group of the Greens/European Free Alliance,256965,Volt
Marta TEMIDO,Portugal,Group of the Progressive Alliance of Socialists and Democrats in the European Parliament,210480,Partido Socialista
Georgiana TEODORESCU,Romania,European Conservatives and Reformists Group,257116,Alianța pentru Unirea Românilor
Alice TEODORESCU MÅWE,Sweden,Group of the European People's Party (Christian Democrats),257089,Kristdemokraterna
Cristian TERHEŞ,Romania,European Conservatives and Reformists Group,197655,Partidului Național Conservator Român (PNCR)
Ingeborg TER LAAK,Netherlands,Group of the European People's Party (Christian Democrats),256968,Christen Democratisch Appèl
Riho TERRAS,Estonia,Group of the European People's Party (Christian Democrats),204449,Isamaa
Hermann TERTSCH,Spain,Patriots for Europe Group,197831,VOX
Pierre-Romain THIONNET,France,Patriots for Europe Group,200345,Rassemblement national
Beatrice TIMGREN,Sweden,European Conservatives and Reformists Group,257090,Sverigedemokraterna
Irene TINAGLI,Italy,Group of the Progressive Alliance of Socialists and Democrats in the European Parliament,197591,Partito Democratico
Bruno TOBBACK,Belgium,Group of the Progressive Alliance of Socialists and Democrats in the European Parliament,256885,Vooruit
Tomas TOBÉ,Sweden,Group of the European People's Party (Christian Democrats),197402,Moderaterna
Rody TOLASSY,France,Patriots for Europe Group,256888,Rassemblement national
Eugen TOMAC,Romania,Renew Europe Group,197672,Partidul Mișcarea Populară
Zala TOMAŠIČ,Slovenia,Group of the European People's Party (Christian Democrats),256814,Slovenska demokratska stranka
Waldemar TOMASZEWSKI,Lithuania,European Conservatives and Reformists Group,96697,Lietuvos lenkų rinkimų akcija – Krikščioniškų šeimų sąjunga
Romana TOMC,Slovenia,Group of the European People's Party (Christian Democrats),125104,Slovenska demokratska stranka
Matej TONIN,Slovenia,Group of the European People's Party (Christian Democrats),219652,Nova Slovenija – Krščanski demokrati
Jana TOOM,Estonia,Renew Europe Group,124700,Eesti Keskerakond
Raffaele TOPO,Italy,Group of the Progressive Alliance of Socialists and Democrats in the European Parliament,257148,Partito Democratico
Francesco TORSELLI,Italy,European Conservatives and Reformists Group,257163,FRATELLI D' ITALIA
Flavio TOSI,Italy,Group of the European People's Party (Christian Democrats),124795,Forza Italia
Marie TOUSSAINT,France,Group of the Greens/European Free Alliance,97236,Les Écologistes
Isabella TOVAGLIERI,Italy,Patriots for Europe Group,197580,Lega
Pekka TOVERI,Finland,Group of the European People's Party (Christian Democrats),256804,Kansallinen Kokoomus
Pasquale TRIDICO,Italy,The Left group in the European Parliament - GUE/NGL,257133,Movimento 5 Stelle
Laurence TROCHU,France,European Conservatives and Reformists Group,256925,Identité Libertés
Dimitris TSIODRAS,Greece,Group of the European People's Party (Christian Democrats),256950,Nea Demokratia
Mihai TUDOSE,Romania,Group of the Progressive Alliance of Socialists and Democrats in the European Parliament,198183,Partidul Social Democrat
Sebastian TYNKKYNEN,Finland,European Conservatives and Reformists Group,256806,Perussuomalaiset
Stanisław TYSZKA,Poland,Europe of Sovereign Nations Group,257062,Konfederacja Wolność i Niepodległość
Milan UHRÍK,Slovakia,Europe of Sovereign Nations Group,197763,Hnutie Republika
Nils UŠAKOVS,Latvia,Group of the Progressive Alliance of Socialists and Democrats in the European Parliament,197810,"""Saskaņa"" sociāldemokrātiskā partija"
Inese VAIDERE,Latvia,Group of the European People's Party (Christian Democrats),28617,Jaunā Vienotība
Ivaylo VALCHEV,Bulgaria,European Conservatives and Reformists Group,257258,There Is Such a People
Adina VĂLEAN,Romania,Group of the European People's Party (Christian Democrats),37324,Partidul Naţional Liberal
Matthieu VALET,France,Patriots for Europe Group,256875,Rassemblement national
Kathleen VAN BREMPT,Belgium,Group of the Progressive Alliance of Socialists and Democrats in the European Parliament,5729,Vooruit
Anouk VAN BRUG,Netherlands,Renew Europe Group,257438,Volkspartij voor Vrijheid en Democratie
Brigitte VAN DEN BERG,Netherlands,Renew Europe Group,256976,Democraten 66
Tom VANDENDRIESSCHE,Belgium,Patriots for Europe Group,185771,Vlaams Belang
Kris VAN DIJCK,Belgium,European Conservatives and Reformists Group,256884,Nieuw-Vlaamse Alliantie
Reinier VAN LANSCHOT,Netherlands,Group of the Greens/European Free Alliance,256978,Volt
Jessika VAN LEEUWEN,Netherlands,Group of the European People's Party (Christian Democrats),256983,BoerBurgerBeweging
Roberto VANNACCI,Italy,Non-attached Members,257125,Lega
Johan VAN OVERTVELDT,Belgium,European Conservatives and Reformists Group,125106,Nieuw-Vlaamse Alliantie
Kim VAN SPARRENTAK,Netherlands,Group of the Greens/European Free Alliance,197870,GroenLinks-PvdA
Alexandre VARAUT,France,Patriots for Europe Group,5736,Rassemblement national
Ana VASCONCELOS,Portugal,Renew Europe Group,257061,Iniciativa Liberal
Vlad VASILE-VOICULESCU,Romania,Renew Europe Group,257112,Uniunea Salvați România
Hilde VAUTMANS,Belgium,Renew Europe Group,130100,Anders
Francesco VENTOLA,Italy,European Conservatives and Reformists Group,257099,FRATELLI D' ITALIA
Sabine VERHEYEN,Germany,Group of the European People's Party (Christian Democrats),96756,Christlich Demokratische Union Deutschlands
Yvan VEROUGSTRAETE,Belgium,Renew Europe Group,256879,Les Engagés
Aurelijus VERYGA,Lithuania,European Conservatives and Reformists Group,256811,Lietuvos valstiečių ir žaliųjų sąjunga
Marko VEŠLIGAJ,Croatia,Group of the Progressive Alliance of Socialists and Democrats in the European Parliament,260035,Socijaldemokratska partija Hrvatske
Annamária VICSEK,Hungary,Patriots for Europe Group,256859,Fidesz-Magyar Polgári Szövetség-Kereszténydemokrata Néppárt
Catarina VIEIRA,Netherlands,Group of the Greens/European Free Alliance,257437,GroenLinks-PvdA
Kristian VIGENIN,Bulgaria,Group of the Progressive Alliance of Socialists and Democrats in the European Parliament,34232,Bulgarian Socialist Party
Harald VILIMSKY,Austria,Patriots for Europe Group,125001,Freiheitliche Partei Österreichs
Loránt VINCZE,Romania,Group of the European People's Party (Christian Democrats),98582,Uniunea Democrată Maghiară din România
Marianne VIND,Denmark,Group of the Progressive Alliance of Socialists and Democrats in the European Parliament,199941,Socialdemokratiet
Anders VISTISEN,Denmark,Patriots for Europe Group,124875,Dansk Folkeparti
Mariateresa VIVALDINI,Italy,European Conservatives and Reformists Group,257143,FRATELLI D' ITALIA
Petar VOLGIN,Bulgaria,Europe of Sovereign Nations Group,257260,Revival
Michael VON DER SCHULENBURG,Germany,Non-attached Members,256966,Bündnis Sahra Wagenknecht – Vernunft und Gerechtigkeit
Alexandr VONDRA,Czechia,European Conservatives and Reformists Group,197537,Občanská demokratická strana
Axel VOSS,Germany,Group of the European People's Party (Christian Democrats),96761,Christlich Demokratische Union Deutschlands
Elissavet VOZEMBERG-VRIONIDI,Greece,Group of the European People's Party (Christian Democrats),125065,Nea Demokratia
Veronika VRECIONOVÁ,Czechia,European Conservatives and Reformists Group,197552,Občanská demokratická strana
Adrián VÁZQUEZ LÁZARA,Spain,Group of the European People's Party (Christian Democrats),204400,Partido Popular
Thomas WAITZ,Austria,Group of the Greens/European Free Alliance,190464,Die Grünen - Die Grüne Alternative
Maria WALSH,Ireland,Group of the European People's Party (Christian Democrats),197863,Fine Gael Party
Marion WALSMANN,Germany,Group of the European People's Party (Christian Democrats),197429,Christlich Demokratische Union Deutschlands
Jörgen WARBORN,Sweden,Group of the European People's Party (Christian Democrats),197405,Moderaterna
Jan-Peter WARNKE,Germany,Non-attached Members,256967,Bündnis Sahra Wagenknecht – Vernunft und Gerechtigkeit
Maciej WĄSIK,Poland,European Conservatives and Reformists Group,257052,Prawo i Sprawiedliwość
Michał WAWRYKIEWICZ,Poland,Group of the European People's Party (Christian Democrats),257045,Independent
Marta WCISŁO,Poland,Group of the European People's Party (Christian Democrats),257046,Platforma Obywatelska
Manfred WEBER,Germany,Group of the European People's Party (Christian Democrats),28229,Christlich-Soziale Union in Bayern e.V.
Andrea WECHSLER,Germany,Group of the European People's Party (Christian Democrats),256977,Christlich Demokratische Union Deutschlands
Charlie WEIMERS,Sweden,European Conservatives and Reformists Group,123562,Sverigedemokraterna
Séverine WERBROUCK,France,Patriots for Europe Group,261796,Rassemblement national
Emma WIESNER,Sweden,Renew Europe Group,214839,Centerpartiet
Michal WIEZIK,Slovakia,Renew Europe Group,197769,Progresívne Slovensko
Sophie WILMÈS,Belgium,Renew Europe Group,220801,Mouvement Réformateur
Iuliu WINKLER,Romania,Group of the European People's Party (Christian Democrats),39725,Uniunea Democrată Maghiară din România
Angelika WINZIG,Austria,Group of the European People's Party (Christian Democrats),197652,Österreichische Volkspartei
Isabel WISELER-LIMA,Luxembourg,Group of the European People's Party (Christian Democrats),197421,Parti chrétien social luxembourgeois
Jadwiga WIŚNIEWSKA,Poland,European Conservatives and Reformists Group,124877,Prawo i Sprawiedliwość
Tiemo WÖLKEN,Germany,Group of the Progressive Alliance of Socialists and Democrats in the European Parliament,185619,Sozialdemokratische Partei Deutschlands
Lara WOLTERS,Netherlands,Group of the Progressive Alliance of Socialists and Democrats in the European Parliament,5392,GroenLinks-PvdA
Lucia YAR,Slovakia,Renew Europe Group,257011,Progresívne Slovensko
Stéphanie YON-COURTIN,France,Renew Europe Group,197581,Renaissance
Elena YONCHEVA,Bulgaria,Non-attached Members,197842,Movement for Rights and Freedoms
Maria ZACHARIA,Greece,Non-attached Members,256955,Plefsi Eleftherias
Ewa ZAJĄCZKOWSKA-HERNIK,Poland,Europe of Sovereign Nations Group,257069,Konfederacja Wolność i Niepodległość
Anna ZALEWSKA,Poland,European Conservatives and Reformists Group,197572,Prawo i Sprawiedliwość
Dainius ŽALIMAS,Lithuania,Renew Europe Group,256807,Laisvės partija
Alessandro ZAN,Italy,Group of the Progressive Alliance of Socialists and Democrats in the European Parliament,257106,Partito Democratico
Javier ZARZALEJOS,Spain,Group of the European People's Party (Christian Democrats),197606,Partido Popular
Tomáš ZDECHOVSKÝ,Czechia,Group of the European People's Party (Christian Democrats),124713,Křesťanská a demokratická unie - Československá strana lidová
Bogdan Andrzej ZDROJEWSKI,Poland,Group of the European People's Party (Christian Democrats),124893,Koalicja Obywatelska
Auke ZIJLSTRA,Netherlands,Patriots for Europe Group,103246,Partij voor de Vrijheid
Roberts ZĪLE,Latvia,European Conservatives and Reformists Group,28615,"Nacionālā apvienība ""Visu Latvijai!"" - ""Tēvzemei un Brīvībai/LNNK"""
Nicola ZINGARETTI,Italy,Group of the Progressive Alliance of Socialists and Democrats in the European Parliament,28419,Partito Democratico
Kosma ZŁOTOWSKI,Poland,European Conservatives and Reformists Group,124884,Prawo i Sprawiedliwość
Juan Ignacio ZOIDO ÁLVAREZ,Spain,Group of the European People's Party (Christian Democrats),197621,Partido Popular
Željana ZOVKO,Croatia,Group of the European People's Party (Christian Democrats),185341,Hrvatska demokratska zajednica
Milan ZVER,Slovenia,Group of the European People's Party (Christian Democrats),96933,Slovenska demokratska stranka
