O*NET-SOC Code,Title,Importance of Repeating Same Tasks,Pace Determined by Speed of Equipment,Degree of Automation,Spend Time Making Repetitive Motions,Importance of Being Exact or Accurate,Time Pressure,Level of Competition
11-1011.00,Chief Executives,3.37,1.35,2.23,2.55,4.47,4.16,3.57
11-1011.03,Chief Sustainability Officers,1.81,1.19,1.56,2.0,3.52,3.48,3.7
11-1021.00,General and Operations Managers,3.11,1.19,2.31,2.42,4.24,4.08,3.37
11-2011.00,Advertising and Promotions Managers,2.7,1.0,2.01,2.5,4.3,4.4,3.34
11-2021.00,Marketing Managers,2.78,1.02,2.1,2.73,3.81,4.21,3.95
11-2022.00,Sales Managers,2.16,1.1,2.26,1.52,3.38,3.9,4.35
11-2033.00,Fundraising Managers,3.0,1.0,1.69,2.67,4.37,3.97,4.02
11-3012.00,Administrative Services Managers,3.36,1.48,2.14,2.76,4.15,3.7,2.48
11-3013.00,Facilities Managers,3.82,1.54,2.02,2.44,4.09,3.9,2.62
11-3013.01,Security Managers,3.26,1.58,2.21,2.58,4.05,3.8,3.58
11-3021.00,Computer and Information Systems Managers,3.88,1.28,2.56,3.61,4.04,3.37,3.65
11-3031.00,Financial Managers,4.37,1.07,2.8,2.38,4.69,4.54,3.37
11-3031.01,Treasurers and Controllers,3.68,1.12,2.58,2.76,4.64,4.36,3.54
11-3031.03,Investment Fund Managers,2.67,1.13,2.46,2.38,4.24,4.01,4.54
11-3051.00,Industrial Production Managers,3.16,3.22,2.02,1.92,4.47,4.2,3.04
11-3051.01,Quality Control Systems Managers,3.55,1.5,2.25,1.94,4.33,4.32,3.84
11-3051.02,Geothermal Production Managers,3.53,2.73,2.49,2.34,4.27,4.19,3.47
11-3051.03,Biofuels Production Managers,3.53,3.58,3.41,2.07,4.27,3.97,3.05
11-3051.04,Biomass Power Plant Managers,3.92,3.74,2.67,2.29,4.31,4.13,2.67
11-3051.06,Hydroelectric Production Managers,3.58,2.35,2.5,2.53,4.09,3.93,3.15
11-3061.00,Purchasing Managers,3.5,1.42,2.79,2.58,4.26,4.16,3.39
11-3071.00,"Transportation, Storage, and Distribution Managers",3.25,1.65,2.53,2.66,4.08,4.38,3.37
11-3071.04,Supply Chain Managers,2.7,2.0,2.5,2.19,4.0,4.43,3.55
11-3111.00,Compensation and Benefits Managers,3.71,1.0,2.71,2.95,4.1,3.62,3.29
11-3121.00,Human Resources Managers,3.23,1.05,2.68,2.55,4.09,3.91,3.24
11-3131.00,Training and Development Managers,2.71,1.07,1.96,2.54,3.43,3.64,2.75
11-9013.00,"Farmers, Ranchers, and Other Agricultural Managers",3.06,2.21,2.34,2.57,3.49,3.49,3.09
11-9021.00,Construction Managers,3.4,2.2,1.9,2.95,4.05,4.25,3.58
11-9031.00,"Education and Childcare Administrators, Preschool and Daycare",3.68,1.19,2.1,2.8,4.05,3.93,2.93
11-9032.00,"Education Administrators, Kindergarten through Secondary",1.89,1.02,1.04,1.89,3.47,3.46,2.31
11-9033.00,"Education Administrators, Postsecondary",2.35,1.01,1.88,2.61,4.13,3.95,2.88
11-9041.00,Architectural and Engineering Managers,3.48,1.14,2.04,2.25,3.99,3.79,3.38
11-9041.01,Biofuels/Biodiesel Technology and Product Development Managers,2.86,1.89,2.08,2.33,4.13,3.49,3.61
11-9051.00,Food Service Managers,3.35,1.64,1.71,3.21,4.13,4.12,2.26
11-9071.00,Gambling Managers,3.72,1.5,2.43,3.01,4.48,3.91,3.13
11-9072.00,"Entertainment and Recreation Managers, Except Gambling",2.6,1.78,1.65,1.68,3.46,3.44,2.67
11-9081.00,Lodging Managers,4.14,1.8,2.86,2.52,4.14,4.35,3.51
11-9111.00,Medical and Health Services Managers,3.79,1.29,2.86,3.37,4.36,3.93,3.43
11-9121.00,Natural Sciences Managers,2.95,1.22,1.5,2.44,4.44,3.28,3.76
11-9121.01,Clinical Research Coordinators,4.1,1.31,1.9,2.77,4.56,3.36,2.55
11-9121.02,Water Resource Specialists,2.1,1.29,2.05,1.76,3.95,3.5,3.26
11-9131.00,Postmasters and Mail Superintendents,3.73,2.59,2.62,2.41,4.17,4.92,3.39
11-9141.00,"Property, Real Estate, and Community Association Managers",2.9,1.15,2.2,1.84,3.9,3.95,3.65
11-9151.00,Social and Community Service Managers,3.43,1.18,2.23,2.05,4.2,3.91,2.21
11-9161.00,Emergency Management Directors,2.45,1.38,1.86,2.32,3.73,3.45,3.14
11-9171.00,Funeral Home Managers,3.68,1.37,2.15,2.69,4.56,4.39,3.09
11-9179.01,Fitness and Wellness Coordinators,2.85,1.12,1.96,2.48,3.0,3.15,3.23
11-9179.02,Spa Managers,3.36,1.01,2.06,2.96,4.01,3.52,2.75
11-9199.01,Regulatory Affairs Managers,3.22,1.0,2.0,2.87,4.35,3.65,3.3
11-9199.02,Compliance Managers,3.83,1.35,1.7,2.29,4.63,4.3,3.33
11-9199.08,Loss Prevention Managers,3.0,1.32,2.41,2.32,3.91,3.91,3.1
11-9199.09,Wind Energy Operations Managers,3.06,1.83,2.45,2.43,3.89,3.79,3.7
11-9199.10,Wind Energy Development Managers,2.27,1.14,1.55,2.11,3.59,3.5,3.24
11-9199.11,Brownfield Redevelopment Specialists and Site Managers,2.5,1.29,1.64,2.0,3.73,3.64,3.32
13-1011.00,"Agents and Business Managers of Artists, Performers, and Athletes",2.86,1.0,1.66,2.05,4.43,4.65,3.96
13-1021.00,"Buyers and Purchasing Agents, Farm Products",4.2,1.23,2.95,2.21,4.39,3.81,3.64
13-1022.00,"Wholesale and Retail Buyers, Except Farm Products",4.13,1.06,1.81,3.57,4.02,4.03,3.4
13-1023.00,"Purchasing Agents, Except Wholesale, Retail, and Farm Products",4.05,1.18,2.89,2.68,4.4,4.3,3.21
13-1031.00,"Claims Adjusters, Examiners, and Investigators",4.51,1.83,2.98,3.3,4.61,4.39,3.16
13-1032.00,"Insurance Appraisers, Auto Damage",3.79,1.28,3.25,3.54,4.41,4.55,3.31
13-1041.00,Compliance Officers,3.97,1.7,2.51,3.55,4.46,3.53,2.72
13-1041.01,Environmental Compliance Inspectors,3.3,1.2,1.6,1.85,4.0,3.65,2.3
13-1041.03,Equal Opportunity Representatives and Officers,3.0,1.35,2.34,2.83,4.32,3.51,2.21
13-1041.04,Government Property Inspectors and Investigators,3.31,1.59,2.18,2.14,4.44,3.92,3.18
13-1041.06,Coroners,3.35,1.05,1.55,2.6,4.3,4.45,3.1
13-1041.07,Regulatory Affairs Specialists,3.3,1.25,1.7,3.0,4.15,3.75,3.0
13-1041.08,Customs Brokers,4.3,2.1,3.45,2.75,4.85,4.8,3.95
13-1051.00,Cost Estimators,3.1,1.32,2.14,2.36,3.95,3.77,3.23
13-1071.00,Human Resources Specialists,3.87,1.0,2.97,3.5,4.34,3.76,2.97
13-1074.00,Farm Labor Contractors,4.49,2.51,2.2,1.88,4.26,4.45,3.8
13-1075.00,Labor Relations Specialists,2.25,1.15,1.9,1.76,3.67,3.71,3.1
13-1081.00,Logisticians,3.29,1.67,2.83,2.58,3.96,4.42,3.38
13-1081.01,Logistics Engineers,2.78,2.09,2.35,1.83,3.87,3.91,3.27
13-1081.02,Logistics Analysts,4.0,1.45,2.95,3.55,4.14,4.18,2.95
13-1111.00,Management Analysts,2.7,1.15,2.55,2.05,4.1,4.0,3.55
13-1121.00,"Meeting, Convention, and Event Planners",3.24,1.27,1.66,3.76,3.96,4.57,3.9
13-1131.00,Fundraisers,2.81,1.24,1.9,2.3,3.62,3.67,3.57
13-1141.00,"Compensation, Benefits, and Job Analysis Specialists",3.76,1.1,2.43,3.05,4.48,3.86,2.76
13-1151.00,Training and Development Specialists,2.52,1.09,1.96,2.23,3.0,3.7,2.7
13-1161.00,Market Research Analysts and Marketing Specialists,2.96,1.13,2.35,2.22,4.43,4.04,3.3
13-1161.01,Search Marketing Strategists,2.83,1.13,2.17,2.22,3.74,3.74,3.52
13-1199.04,Business Continuity Planners,2.45,1.23,2.43,2.09,3.65,3.26,2.73
13-1199.05,Sustainability Specialists,2.26,1.18,1.52,1.65,3.57,3.57,3.48
13-1199.06,Online Merchants,3.44,1.16,2.66,2.96,4.14,4.1,3.35
13-1199.07,Security Management Specialists,2.58,1.16,1.95,2.05,3.8,3.75,3.32
13-2011.00,Accountants and Auditors,3.85,1.08,3.05,2.58,4.71,4.19,3.41
13-2022.00,Appraisers of Personal and Business Property,3.39,1.22,1.73,2.22,4.43,3.87,3.39
13-2023.00,Appraisers and Assessors of Real Estate,3.22,1.09,2.39,2.21,4.62,4.54,3.26
13-2031.00,Budget Analysts,4.6,1.02,1.57,4.05,4.6,4.26,2.87
13-2041.00,Credit Analysts,4.1,1.05,2.4,3.05,4.5,4.2,3.15
13-2052.00,Personal Financial Advisors,3.08,1.08,2.44,1.92,4.62,3.69,3.52
13-2053.00,Insurance Underwriters,3.53,1.17,2.87,3.2,4.3,4.57,3.33
13-2061.00,Financial Examiners,2.7,1.22,2.3,2.09,4.0,3.61,3.09
13-2071.00,Credit Counselors,4.08,1.29,3.0,3.43,4.32,3.84,2.88
13-2072.00,Loan Officers,3.45,1.36,3.2,2.58,4.5,4.12,4.06
13-2081.00,"Tax Examiners and Collectors, and Revenue Agents",4.19,1.24,3.03,3.3,4.96,3.74,2.0
13-2082.00,Tax Preparers,4.24,1.0,2.81,3.21,4.9,4.05,3.4
13-2099.01,Financial Quantitative Analysts,2.74,1.39,2.79,2.6,4.2,3.75,4.42
13-2099.04,"Fraud Examiners, Investigators and Analysts",3.76,1.36,2.44,2.96,4.6,4.04,3.42
15-1211.00,Computer Systems Analysts,4.03,1.31,2.71,3.6,4.52,4.17,3.41
15-1211.01,Health Informatics Specialists,3.48,1.35,2.2,2.7,4.35,3.62,3.43
15-1212.00,Information Security Analysts,3.33,1.25,2.03,2.81,4.07,3.6,3.19
15-1221.00,Computer and Information Research Scientists,2.22,1.63,2.32,2.45,3.96,3.71,3.31
15-1231.00,Computer Network Support Specialists,3.71,1.75,2.28,3.33,4.45,3.9,2.96
15-1232.00,Computer User Support Specialists,3.5,1.32,2.06,4.05,4.04,3.65,2.75
15-1241.00,Computer Network Architects,3.25,1.7,2.45,2.75,4.1,3.6,3.45
15-1241.01,Telecommunications Engineering Specialists,2.86,1.33,2.24,1.9,4.1,4.05,3.48
15-1242.00,Database Administrators,3.39,1.2,2.63,3.89,4.34,2.99,2.77
15-1243.00,Database Architects,3.48,1.33,2.67,2.33,4.19,3.62,3.81
15-1243.01,Data Warehousing Specialists,3.39,1.0,2.39,3.09,4.43,3.3,3.0
15-1244.00,Network and Computer Systems Administrators,3.3,1.32,2.58,3.13,4.0,3.79,3.1
15-1251.00,Computer Programmers,3.15,1.13,2.29,3.28,4.22,4.04,3.55
15-1252.00,Software Developers,3.23,1.33,2.24,2.79,4.26,3.5,3.05
15-1253.00,Software Quality Assurance Analysts and Testers,3.66,1.61,2.88,3.26,4.44,3.88,3.55
15-1254.00,Web Developers,4.17,1.04,2.0,4.04,4.25,4.0,3.83
15-1255.01,Video Game Designers,3.4,1.1,1.79,4.05,3.16,4.05,4.35
15-1299.01,Web Administrators,3.55,1.35,2.7,3.2,4.05,3.75,3.35
15-1299.02,Geographic Information Systems Technologists and Technicians,3.98,1.58,2.9,3.73,4.68,3.46,3.1
15-1299.03,Document Management Specialists,3.37,1.89,3.0,2.2,4.05,3.7,3.05
15-1299.05,Information Security Engineers,3.0,1.5,3.11,2.78,4.37,3.95,3.63
15-1299.08,Computer Systems Engineers/Architects,3.7,1.55,2.71,3.27,4.18,3.82,3.62
15-1299.09,Information Technology Project Managers,3.52,1.86,2.14,2.24,3.95,4.33,3.9
15-2011.00,Actuaries,3.22,1.11,2.26,2.15,4.43,3.46,3.62
15-2021.00,Mathematicians,2.1,1.3,1.74,2.0,4.3,3.15,3.8
15-2031.00,Operations Research Analysts,2.1,1.33,2.29,1.65,4.24,3.57,3.65
15-2041.00,Statisticians,2.9,1.0,2.1,2.56,4.52,3.29,3.1
15-2041.01,Biostatisticians,2.71,1.33,1.92,2.42,4.33,3.38,3.35
15-2051.01,Business Intelligence Analysts,2.91,1.0,2.5,2.82,4.41,3.73,3.32
15-2051.02,Clinical Data Managers,3.8,1.15,2.5,2.9,4.45,3.95,3.35
15-2099.01,Bioinformatics Technicians,3.13,1.11,2.94,2.92,4.26,3.39,3.35
17-1011.00,"Architects, Except Landscape and Naval",3.1,1.16,2.05,3.1,3.95,3.62,4.1
17-1012.00,Landscape Architects,2.3,1.1,2.05,2.1,3.95,3.85,3.4
17-1021.00,Cartographers and Photogrammetrists,3.51,1.0,2.68,3.5,4.87,3.97,2.73
17-1022.00,Surveyors,3.75,1.8,2.35,2.8,4.79,4.3,3.3
17-1022.01,Geodetic Surveyors,3.2,1.67,2.8,2.31,4.85,3.23,2.44
17-2011.00,Aerospace Engineers,2.34,1.31,1.55,2.06,4.0,3.56,2.82
17-2021.00,Agricultural Engineers,2.75,2.05,1.95,2.0,4.15,3.4,3.05
17-2031.00,Bioengineers and Biomedical Engineers,2.43,1.74,2.35,2.26,4.35,3.48,3.61
17-2041.00,Chemical Engineers,2.48,1.3,2.35,1.86,4.04,3.57,3.39
17-2051.00,Civil Engineers,3.19,1.14,2.33,2.3,4.38,4.0,3.33
17-2051.01,Transportation Engineers,2.77,1.36,2.23,2.41,4.27,3.73,3.18
17-2051.02,Water/Wastewater Engineers,2.39,1.3,1.87,2.23,3.86,3.7,3.61
17-2061.00,Computer Hardware Engineers,3.11,1.32,2.71,2.38,4.41,3.66,3.93
17-2071.00,Electrical Engineers,3.78,2.33,2.18,2.71,4.54,3.92,3.33
17-2072.00,"Electronics Engineers, Except Computer",2.51,1.41,1.33,1.67,4.15,3.06,2.53
17-2072.01,Radio Frequency Identification Device Specialists,3.14,1.61,1.97,2.33,4.32,3.99,3.19
17-2081.00,Environmental Engineers,2.75,1.47,2.11,1.95,4.05,3.81,3.5
17-2111.00,"Health and Safety Engineers, Except Mining Safety Engineers and Inspectors",2.85,1.69,1.97,2.11,4.27,3.91,3.25
17-2111.02,Fire-Prevention and Protection Engineers,2.35,1.16,1.77,1.62,3.85,3.54,3.15
17-2112.00,Industrial Engineers,3.17,1.74,2.16,1.87,4.25,3.79,3.36
17-2112.01,Human Factors Engineers and Ergonomists,2.7,1.35,1.74,2.15,3.74,3.55,3.4
17-2112.02,Validation Engineers,3.6,1.7,1.89,2.0,4.65,4.0,2.7
17-2112.03,Manufacturing Engineers,2.54,2.19,2.56,2.19,4.2,3.62,3.12
17-2121.00,Marine Engineers and Naval Architects,3.33,1.72,1.89,2.61,4.33,3.67,2.94
17-2131.00,Materials Engineers,2.19,1.86,2.28,1.86,4.1,3.52,3.48
17-2141.00,Mechanical Engineers,3.05,1.73,2.01,2.37,4.3,3.51,3.66
17-2141.01,Fuel Cell Engineers,2.05,1.95,2.27,1.73,3.95,3.45,3.27
17-2141.02,Automotive Engineers,2.67,1.67,2.24,1.71,4.43,3.86,3.52
17-2151.00,"Mining and Geological Engineers, Including Mining Safety Engineers",3.47,1.69,1.79,2.29,4.08,3.57,3.15
17-2161.00,Nuclear Engineers,3.21,1.25,1.7,2.24,4.67,3.57,3.25
17-2171.00,Petroleum Engineers,2.87,1.53,1.94,2.01,3.82,3.67,3.5
17-2199.03,"Energy Engineers, Except Wind and Solar",2.73,1.27,2.05,1.86,3.95,3.36,3.27
17-2199.05,Mechatronics Engineers,3.22,1.86,1.83,1.72,4.53,3.65,3.46
17-2199.06,Microsystems Engineers,2.93,1.41,1.93,2.47,4.19,3.27,3.21
17-2199.07,Photonics Engineers,2.39,1.55,2.26,1.87,4.39,3.26,3.57
17-2199.08,Robotics Engineers,2.6,2.53,2.7,2.0,4.53,3.9,3.43
17-2199.09,Nanosystems Engineers,2.7,1.95,2.33,1.76,4.52,3.29,3.52
17-2199.10,Wind Energy Engineers,2.62,1.23,1.8,1.99,4.15,3.73,2.87
17-2199.11,Solar Energy Systems Engineers,2.46,1.29,2.0,2.32,3.89,3.89,3.07
17-3011.00,Architectural and Civil Drafters,3.59,1.28,2.48,3.41,4.63,4.38,3.42
17-3012.00,Electrical and Electronics Drafters,3.33,1.69,2.49,3.17,4.44,4.18,2.92
17-3013.00,Mechanical Drafters,3.54,1.33,1.88,3.57,4.7,3.75,2.92
17-3021.00,Aerospace Engineering and Operations Technologists and Technicians,3.35,1.66,1.79,2.61,4.96,4.47,3.42
17-3022.00,Civil Engineering Technologists and Technicians,3.06,1.44,2.77,3.7,3.99,3.39,2.59
17-3023.00,Electrical and Electronic Engineering Technologists and Technicians,3.2,1.68,2.03,2.53,4.39,3.56,2.87
17-3024.00,Electro-Mechanical and Mechatronics Technologists and Technicians,3.76,2.09,2.27,2.78,4.62,4.35,3.94
17-3024.01,Robotics Technicians,2.82,2.45,3.38,2.36,4.59,3.68,3.1
17-3025.00,Environmental Engineering Technologists and Technicians,3.43,1.73,1.97,2.97,3.93,3.5,2.87
17-3026.00,Industrial Engineering Technologists and Technicians,3.69,1.86,2.19,2.79,4.26,3.91,2.84
17-3026.01,Nanotechnology Engineering Technologists and Technicians,2.7,2.85,2.7,2.3,4.55,3.35,3.4
17-3027.00,Mechanical Engineering Technologists and Technicians,3.27,2.63,2.15,2.59,4.17,4.08,2.93
17-3027.01,Automotive Engineering Technicians,3.33,2.26,2.37,2.46,4.41,3.81,3.11
17-3029.01,Non-Destructive Testing Specialists,3.64,2.91,2.64,3.23,4.55,4.32,3.45
17-3029.08,Photonics Technicians,3.41,2.55,2.59,3.0,4.23,3.77,2.82
17-3031.00,Surveying and Mapping Technicians,3.83,1.82,2.59,3.67,4.61,3.7,3.0
19-1011.00,Animal Scientists,2.96,1.43,2.26,2.09,4.26,3.65,3.57
19-1012.00,Food Scientists and Technologists,2.9,2.52,2.24,2.36,4.36,3.86,3.14
19-1013.00,Soil and Plant Scientists,2.95,1.48,2.19,2.14,3.9,3.33,3.33
19-1021.00,Biochemists and Biophysicists,3.53,2.17,2.63,2.7,4.75,3.3,4.11
19-1022.00,Microbiologists,3.68,2.05,2.5,3.32,4.59,4.14,2.86
19-1023.00,Zoologists and Wildlife Biologists,3.46,1.56,1.26,2.62,4.14,3.3,3.11
19-1029.01,Bioinformatics Scientists,2.99,1.07,1.7,2.73,4.45,3.44,4.07
19-1029.02,Molecular and Cellular Biologists,3.04,2.08,2.12,2.85,4.35,3.31,4.15
19-1029.03,Geneticists,3.17,1.2,1.96,2.72,4.64,2.92,4.04
19-1029.04,Biologists,3.19,1.72,1.39,3.01,3.53,3.29,4.05
19-1031.00,Conservation Scientists,3.04,1.35,2.09,1.96,3.7,3.3,2.65
19-1031.02,Range Managers,2.82,1.37,2.23,2.58,3.43,3.31,2.91
19-1031.03,Park Naturalists,2.69,1.26,1.05,2.5,2.73,2.9,2.71
19-1032.00,Foresters,2.77,1.48,1.77,2.22,3.94,3.11,2.81
19-1041.00,Epidemiologists,2.61,1.16,2.21,2.21,4.68,3.58,3.42
19-1042.00,"Medical Scientists, Except Epidemiologists",3.96,2.3,2.2,3.0,4.57,3.69,3.99
19-2011.00,Astronomers,2.3,1.39,1.87,1.52,4.26,2.91,4.13
19-2012.00,Physicists,2.07,1.0,1.57,2.0,3.78,3.05,3.31
19-2021.00,Atmospheric and Space Scientists,2.63,1.47,2.6,2.8,3.95,3.95,3.6
19-2031.00,Chemists,3.48,2.12,2.02,2.34,4.67,3.79,3.51
19-2032.00,Materials Scientists,1.95,1.9,2.3,1.65,4.1,3.38,3.48
19-2041.00,"Environmental Scientists and Specialists, Including Health",3.05,1.02,1.5,2.51,3.9,3.79,3.38
19-2041.01,Climate Change Policy Analysts,2.13,1.09,1.43,2.04,3.83,3.26,3.39
19-2041.02,Environmental Restoration Planners,2.0,1.32,1.38,1.73,3.09,3.43,3.27
19-2041.03,Industrial Ecologists,2.57,1.1,1.59,2.3,4.09,3.35,3.41
19-2042.00,"Geoscientists, Except Hydrologists and Geographers",2.91,1.34,1.65,2.13,3.77,3.44,3.34
19-2043.00,Hydrologists,2.7,1.61,1.82,2.04,4.18,3.35,3.55
19-2099.01,Remote Sensing Scientists and Technologists,3.28,1.72,2.64,2.72,4.76,3.44,3.24
19-3011.00,Economists,2.25,1.0,1.92,1.46,4.08,3.62,3.88
19-3011.01,Environmental Economists,2.15,1.08,1.85,2.15,4.0,2.77,3.85
19-3022.00,Survey Researchers,2.92,1.08,2.23,2.19,4.58,4.0,3.08
19-3032.00,Industrial-Organizational Psychologists,2.5,1.04,1.77,2.3,4.23,3.73,3.27
19-3033.00,Clinical and Counseling Psychologists,1.84,1.0,1.48,1.68,3.56,3.56,3.32
19-3034.00,School Psychologists,2.4,1.03,1.66,1.67,4.1,4.1,2.16
19-3039.02,Neuropsychologists,2.92,1.12,1.76,2.09,4.64,3.92,3.84
19-3039.03,Clinical Neuropsychologists,3.08,1.12,1.88,2.38,4.62,4.33,3.67
19-3041.00,Sociologists,2.21,1.0,1.84,2.21,4.0,3.3,3.89
19-3051.00,Urban and Regional Planners,1.64,1.0,1.4,1.6,3.28,3.52,2.84
19-3091.00,Anthropologists and Archeologists,2.74,1.05,1.53,2.45,4.05,3.7,3.79
19-3092.00,Geographers,2.45,1.3,2.0,2.9,3.75,3.5,3.55
19-3093.00,Historians,2.68,1.18,1.16,1.97,4.06,3.21,2.46
19-3094.00,Political Scientists,2.16,1.08,1.64,1.85,3.8,3.27,4.32
19-3099.01,Transportation Planners,1.95,1.0,1.8,1.9,3.45,3.1,3.0
19-4012.00,Agricultural Technicians,3.12,2.88,2.69,3.23,4.03,3.21,2.26
19-4012.01,Precision Agriculture Technicians,3.26,2.17,2.39,2.17,4.0,3.39,3.14
19-4013.00,Food Science Technicians,4.49,3.57,2.31,2.74,4.55,4.37,2.31
19-4021.00,Biological Technicians,3.37,1.91,1.78,2.88,4.39,3.33,3.13
19-4031.00,Chemical Technicians,3.62,2.95,2.5,2.81,4.87,4.35,3.16
19-4042.00,"Environmental Science and Protection Technicians, Including Health",3.14,1.64,2.05,1.91,4.14,4.27,2.86
19-4043.00,"Geological Technicians, Except Hydrologic Technicians",3.7,1.89,2.67,2.68,4.51,3.52,2.91
19-4051.00,Nuclear Technicians,4.32,1.92,2.33,2.37,4.78,3.54,2.47
19-4051.02,Nuclear Monitoring Technicians,3.68,1.4,2.06,2.3,4.59,3.52,2.61
19-4061.00,Social Science Research Assistants,3.84,1.32,1.62,2.53,3.99,2.85,2.66
19-4071.00,Forest and Conservation Technicians,3.59,2.31,2.31,3.38,3.98,3.86,3.31
19-4092.00,Forensic Science Technicians,3.45,1.24,1.53,2.67,4.67,3.92,2.85
19-4099.01,Quality Control Analysts,4.06,2.32,1.97,2.94,4.85,3.81,2.44
19-4099.03,Remote Sensing Technicians,3.97,1.69,2.19,3.45,4.63,3.85,3.12
19-5011.00,Occupational Health and Safety Specialists,2.83,1.52,2.14,2.05,4.04,3.57,2.83
19-5012.00,Occupational Health and Safety Technicians,2.89,2.37,2.37,2.3,3.9,3.76,2.95
21-1011.00,Substance Abuse and Behavioral Disorder Counselors,4.11,1.13,1.56,1.81,3.78,4.46,2.16
21-1012.00,"Educational, Guidance, and Career Counselors and Advisors",3.44,1.04,1.52,2.32,3.99,3.76,2.76
21-1013.00,Marriage and Family Therapists,1.97,1.0,1.38,1.39,3.22,4.58,2.45
21-1014.00,Mental Health Counselors,2.21,1.11,1.32,1.89,3.46,3.86,2.93
21-1015.00,Rehabilitation Counselors,3.47,1.3,1.73,2.5,3.9,4.16,3.0
21-1021.00,"Child, Family, and School Social Workers",3.16,1.0,2.21,3.34,4.26,4.33,2.42
21-1022.00,Healthcare Social Workers,2.26,1.15,1.69,2.04,2.89,4.0,2.85
21-1023.00,Mental Health and Substance Abuse Social Workers,3.33,1.0,1.77,2.44,3.67,4.39,2.3
21-1091.00,Health Education Specialists,3.55,1.11,1.57,2.97,3.79,3.81,2.66
21-1092.00,Probation Officers and Correctional Treatment Specialists,4.0,1.36,2.66,2.55,4.37,4.4,2.64
21-1093.00,Social and Human Service Assistants,3.41,1.46,2.23,2.94,4.08,4.12,2.54
21-1094.00,Community Health Workers,3.03,1.19,2.21,2.39,3.93,3.42,2.48
21-2011.00,Clergy,2.87,1.0,1.71,2.02,3.53,3.87,2.24
21-2021.00,"Directors, Religious Activities and Education",1.57,1.0,1.44,1.59,2.32,2.61,1.3
23-1011.00,Lawyers,2.91,1.0,1.44,1.92,4.4,4.18,3.61
23-1012.00,Judicial Law Clerks,3.5,1.0,1.84,2.79,4.85,4.07,3.3
23-1021.00,"Administrative Law Judges, Adjudicators, and Hearing Officers",4.17,1.02,2.15,3.67,4.52,4.42,2.93
23-1022.00,"Arbitrators, Mediators, and Conciliators",2.2,1.0,2.1,1.65,4.65,3.8,3.25
23-1023.00,"Judges, Magistrate Judges, and Magistrates",3.31,1.0,2.13,2.68,4.75,4.73,3.1
23-2011.00,Paralegals and Legal Assistants,3.86,1.11,1.5,3.66,4.79,4.36,2.67
23-2093.00,"Title Examiners, Abstractors, and Searchers",4.36,1.14,3.03,3.53,5.0,4.41,3.39
25-1011.00,"Business Teachers, Postsecondary",2.63,1.03,2.22,1.41,3.25,3.68,2.98
25-1021.00,"Computer Science Teachers, Postsecondary",2.36,1.0,1.57,2.42,3.89,4.02,3.45
25-1022.00,"Mathematical Science Teachers, Postsecondary",2.51,1.02,1.62,2.21,3.95,3.6,3.31
25-1031.00,"Architecture Teachers, Postsecondary",1.94,1.68,1.72,2.12,3.66,3.47,3.35
25-1032.00,"Engineering Teachers, Postsecondary",2.22,1.41,1.32,2.13,3.53,3.55,4.21
25-1041.00,"Agricultural Sciences Teachers, Postsecondary",2.55,1.02,1.52,1.89,4.16,3.58,4.1
25-1042.00,"Biological Science Teachers, Postsecondary",2.28,1.01,1.35,1.95,4.22,4.05,3.78
25-1043.00,"Forestry and Conservation Science Teachers, Postsecondary",2.16,1.0,1.39,2.26,3.7,3.85,3.31
25-1051.00,"Atmospheric, Earth, Marine, and Space Sciences Teachers, Postsecondary",3.13,1.01,1.51,2.43,3.84,3.68,3.13
25-1052.00,"Chemistry Teachers, Postsecondary",3.12,1.05,1.52,1.91,4.39,3.78,3.84
25-1053.00,"Environmental Science Teachers, Postsecondary",2.31,1.15,1.64,2.36,4.11,3.59,3.08
25-1054.00,"Physics Teachers, Postsecondary",2.29,1.19,1.55,1.84,3.55,3.69,3.36
25-1061.00,"Anthropology and Archeology Teachers, Postsecondary",2.64,1.23,1.36,2.18,3.55,3.41,3.86
25-1062.00,"Area, Ethnic, and Cultural Studies Teachers, Postsecondary",1.76,1.01,1.38,1.9,3.55,4.03,4.04
25-1063.00,"Economics Teachers, Postsecondary",2.14,1.02,1.78,2.09,3.87,3.38,3.54
25-1064.00,"Geography Teachers, Postsecondary",2.3,1.07,1.54,2.4,4.0,3.76,3.85
25-1065.00,"Political Science Teachers, Postsecondary",1.98,1.0,1.18,2.57,3.78,3.57,3.8
25-1066.00,"Psychology Teachers, Postsecondary",3.0,1.0,1.95,2.39,3.61,3.39,3.08
25-1067.00,"Sociology Teachers, Postsecondary",3.17,1.02,1.4,2.74,3.76,3.72,3.91
25-1071.00,"Health Specialties Teachers, Postsecondary",2.15,1.03,1.57,2.67,3.84,3.79,3.08
25-1072.00,"Nursing Instructors and Teachers, Postsecondary",3.37,1.16,2.08,2.7,4.68,3.8,2.86
25-1081.00,"Education Teachers, Postsecondary",3.39,1.15,1.5,3.49,4.3,3.52,3.75
25-1082.00,"Library Science Teachers, Postsecondary",1.95,1.11,1.39,3.36,3.6,3.58,3.03
25-1111.00,"Criminal Justice and Law Enforcement Teachers, Postsecondary",3.03,1.04,2.05,2.41,3.71,3.72,3.13
25-1112.00,"Law Teachers, Postsecondary",1.83,1.04,1.53,2.01,4.12,3.45,3.42
25-1113.00,"Social Work Teachers, Postsecondary",2.11,1.14,1.54,2.14,3.37,3.51,2.98
25-1121.00,"Art, Drama, and Music Teachers, Postsecondary",2.39,1.04,1.23,2.66,3.47,3.41,3.49
25-1122.00,"Communications Teachers, Postsecondary",2.24,1.14,1.74,2.47,3.55,3.74,3.42
25-1123.00,"English Language and Literature Teachers, Postsecondary",2.62,1.04,1.62,1.74,3.7,3.78,2.86
25-1124.00,"Foreign Language and Literature Teachers, Postsecondary",1.42,1.05,1.37,1.5,3.27,3.27,3.28
25-1125.00,"History Teachers, Postsecondary",3.2,1.0,1.41,2.91,4.27,3.78,3.9
25-1126.00,"Philosophy and Religion Teachers, Postsecondary",2.62,1.0,1.75,2.37,4.23,3.64,3.53
25-1192.00,"Family and Consumer Sciences Teachers, Postsecondary",3.31,1.58,2.58,2.01,3.88,4.05,3.58
25-1193.00,"Recreation and Fitness Studies Teachers, Postsecondary",2.77,1.07,1.86,2.41,3.63,3.58,2.96
25-1194.00,"Career/Technical Education Teachers, Postsecondary",2.96,1.36,1.79,2.12,4.07,3.52,2.66
25-2011.00,"Preschool Teachers, Except Special Education",2.01,1.0,1.56,2.53,3.35,3.07,2.49
25-2012.00,"Kindergarten Teachers, Except Special Education",2.45,1.28,1.68,2.7,3.39,3.74,2.73
25-2021.00,"Elementary School Teachers, Except Special Education",2.42,1.03,1.91,2.22,3.36,3.76,2.62
25-2022.00,"Middle School Teachers, Except Special and Career/Technical Education",3.22,1.01,1.42,2.34,3.39,3.32,2.22
25-2023.00,"Career/Technical Education Teachers, Middle School",2.78,1.44,1.31,1.82,3.73,3.88,2.5
25-2031.00,"Secondary School Teachers, Except Special and Career/Technical Education",2.26,1.12,1.37,1.99,3.14,3.28,2.2
25-2032.00,"Career/Technical Education Teachers, Secondary School",3.13,1.66,1.41,2.43,3.62,3.95,2.77
25-2051.00,"Special Education Teachers, Preschool",2.41,1.07,1.55,3.06,3.14,3.09,2.11
25-2056.00,"Special Education Teachers, Elementary School",2.37,1.02,1.41,2.02,3.16,3.5,2.31
25-2057.00,"Special Education Teachers, Middle School",3.03,1.0,1.33,2.4,3.61,3.92,1.75
25-2058.00,"Special Education Teachers, Secondary School",2.41,1.04,1.47,2.21,3.81,3.82,1.91
25-2059.01,Adapted Physical Education Specialists,2.19,1.1,1.2,2.55,2.84,3.38,2.62
25-3011.00,"Adult Basic Education, Adult Secondary Education, and English as a Second Language Instructors",2.7,1.09,1.54,2.36,3.88,3.21,2.82
25-3021.00,Self-Enrichment Teachers,2.9,1.27,1.41,1.89,3.56,2.76,2.09
25-3031.00,"Substitute Teachers, Short-Term",2.85,1.17,1.59,2.62,3.32,2.92,2.41
25-3041.00,Tutors,2.1,1.14,1.48,2.05,3.52,3.5,2.52
25-4011.00,Archivists,3.72,1.17,2.14,2.97,3.97,2.94,3.24
25-4012.00,Curators,2.53,1.1,1.38,2.45,4.08,3.24,3.42
25-4013.00,Museum Technicians and Conservators,3.23,1.26,1.44,2.26,4.31,3.45,1.9
25-4022.00,Librarians and Media Collections Specialists,2.91,1.09,2.42,2.63,3.67,3.53,2.52
25-4031.00,Library Technicians,4.15,1.4,2.66,3.61,3.94,3.48,2.43
25-9021.00,Farm and Home Management Educators,2.3,1.07,1.59,2.0,3.41,3.22,2.52
25-9031.00,Instructional Coordinators,2.69,1.0,1.18,2.22,3.26,3.63,2.97
25-9042.00,"Teaching Assistants, Preschool, Elementary, Middle, and Secondary School, Except Special Education",2.9,1.4,2.07,2.62,3.05,2.45,1.54
25-9043.00,"Teaching Assistants, Special Education",1.76,1.0,1.09,1.94,3.26,3.07,1.81
25-9044.00,"Teaching Assistants, Postsecondary",2.55,1.02,1.31,2.49,3.68,3.46,3.58
27-1011.00,Art Directors,3.34,2.23,1.97,3.92,4.04,4.76,3.55
27-1012.00,Craft Artists,3.0,1.26,1.48,3.65,3.78,2.65,3.43
27-1013.00,"Fine Artists, Including Painters, Sculptors, and Illustrators",2.63,1.17,1.6,3.57,4.13,3.34,2.62
27-1014.00,Special Effects Artists and Animators,2.78,1.99,2.04,2.97,4.42,4.45,3.81
27-1021.00,Commercial and Industrial Designers,3.67,1.4,1.95,2.65,4.4,4.03,3.21
27-1022.00,Fashion Designers,2.94,2.66,2.05,3.0,3.65,4.09,3.3
27-1023.00,Floral Designers,2.71,1.0,1.73,3.39,3.1,4.13,2.97
27-1024.00,Graphic Designers,3.58,1.37,1.67,3.74,4.39,4.65,4.32
27-1025.00,Interior Designers,2.88,1.12,2.04,2.36,4.16,4.16,3.88
27-1026.00,Merchandise Displayers and Window Trimmers,2.83,1.15,1.46,3.13,3.23,3.77,3.01
27-1027.00,Set and Exhibit Designers,2.33,1.05,1.71,2.29,3.95,4.19,3.9
27-2011.00,Actors,2.59,1.22,1.35,2.41,4.17,4.59,4.24
27-2012.00,Producers and Directors,2.68,1.49,1.48,2.72,4.14,4.36,3.96
27-2012.03,Media Programming Directors,3.71,2.07,2.56,3.0,4.46,3.97,3.49
27-2012.04,Talent Directors,2.31,1.06,1.73,2.54,3.25,3.66,3.32
27-2012.05,Media Technical Directors/Managers,3.79,2.76,1.99,2.48,4.8,4.86,3.22
27-2021.00,Athletes and Sports Competitors,3.68,1.59,1.63,3.92,3.76,3.87,4.44
27-2022.00,Coaches and Scouts,2.35,1.28,1.44,2.66,3.62,3.67,3.92
27-2023.00,"Umpires, Referees, and Other Sports Officials",2.62,1.32,1.43,2.48,3.95,3.05,3.48
27-2031.00,Dancers,3.71,1.67,1.85,4.38,4.01,2.94,4.17
27-2032.00,Choreographers,2.9,1.2,1.1,4.19,3.71,3.9,4.48
27-2041.00,Music Directors and Composers,3.35,1.15,1.35,3.37,4.47,3.92,3.55
27-2042.00,Musicians and Singers,3.45,1.76,1.06,3.26,4.6,3.76,3.59
27-3011.00,Broadcast Announcers and Radio Disc Jockeys,3.4,2.66,2.58,2.53,4.11,4.85,3.61
27-3023.00,"News Analysts, Reporters, and Journalists",3.04,1.7,2.04,2.91,4.54,4.89,3.89
27-3031.00,Public Relations Specialists,2.36,1.09,2.14,2.29,4.18,4.55,3.82
27-3041.00,Editors,4.05,1.05,1.77,3.38,4.44,4.57,3.26
27-3042.00,Technical Writers,4.52,1.23,2.07,4.01,4.55,4.23,3.02
27-3043.00,Writers and Authors,3.13,1.01,1.31,2.17,4.18,4.7,4.46
27-3043.05,"Poets, Lyricists and Creative Writers",3.77,1.1,1.33,3.38,3.64,3.18,4.32
27-3091.00,Interpreters and Translators,4.46,1.59,1.8,2.62,4.9,4.02,3.89
27-3092.00,Court Reporters and Simultaneous Captioners,3.85,1.83,2.35,3.72,4.96,4.43,2.85
27-4011.00,Audio and Video Technicians,4.1,2.45,1.68,3.12,4.57,3.88,2.72
27-4012.00,Broadcast Technicians,3.07,2.24,2.69,2.21,4.15,3.92,2.71
27-4014.00,Sound Engineering Technicians,3.25,1.52,2.0,3.56,4.6,4.2,4.48
27-4021.00,Photographers,3.05,1.45,1.86,3.05,3.82,3.91,4.24
27-4031.00,"Camera Operators, Television, Video, and Film",3.54,2.03,1.8,3.32,4.37,3.91,2.99
27-4032.00,Film and Video Editors,2.76,1.19,2.09,2.24,4.43,4.7,3.58
29-1011.00,Chiropractors,4.26,1.13,2.07,3.7,4.73,3.58,3.2
29-1021.00,"Dentists, General",4.26,1.78,2.03,4.61,4.81,3.78,3.83
29-1022.00,Oral and Maxillofacial Surgeons,3.29,1.26,1.72,3.4,4.83,3.58,4.05
29-1023.00,Orthodontists,3.68,2.17,2.11,3.39,4.83,4.34,4.18
29-1024.00,Prosthodontists,3.96,1.41,1.74,4.22,4.95,3.85,3.66
29-1031.00,Dietitians and Nutritionists,2.5,1.1,1.72,1.72,4.0,3.83,3.23
29-1041.00,Optometrists,3.95,1.35,2.3,3.65,4.76,4.05,3.55
29-1051.00,Pharmacists,4.49,1.53,2.64,4.05,4.99,4.67,3.68
29-1071.00,Physician Assistants,3.16,1.16,1.54,2.49,4.81,4.35,4.24
29-1071.01,Anesthesiologist Assistants,3.89,2.25,1.52,3.19,4.83,3.8,3.14
29-1081.00,Podiatrists,3.45,1.02,1.82,2.88,4.77,4.38,4.02
29-1122.00,Occupational Therapists,2.68,1.0,1.14,2.09,3.55,3.95,3.23
29-1122.01,"Low Vision Therapists, Orientation and Mobility Specialists, and Vision Rehabilitation Therapists",2.04,1.0,1.3,1.96,3.3,2.96,2.09
29-1123.00,Physical Therapists,3.75,1.15,1.31,3.04,3.69,4.24,2.57
29-1124.00,Radiation Therapists,4.68,3.8,2.92,4.01,4.86,4.46,3.92
29-1125.00,Recreational Therapists,2.63,1.24,1.61,2.34,3.05,3.68,2.55
29-1126.00,Respiratory Therapists,3.63,1.96,2.38,2.81,4.64,4.09,2.92
29-1127.00,Speech-Language Pathologists,2.63,1.46,1.57,1.91,3.95,4.59,2.67
29-1128.00,Exercise Physiologists,2.95,1.41,1.64,2.59,3.86,3.14,3.27
29-1129.01,Art Therapists,2.39,1.03,1.32,2.1,3.06,3.68,3.06
29-1129.02,Music Therapists,2.65,1.23,1.19,3.28,2.81,3.42,2.5
29-1131.00,Veterinarians,3.17,1.64,1.79,2.96,4.55,4.21,3.27
29-1141.00,Registered Nurses,3.94,1.43,2.38,2.65,4.45,3.99,2.89
29-1141.01,Acute Care Nurses,3.62,1.76,1.48,3.1,4.71,4.52,2.9
29-1141.02,Advanced Practice Psychiatric Nurses,3.05,1.3,1.82,2.74,4.59,4.35,3.39
29-1141.03,Critical Care Nurses,3.5,1.74,1.79,2.7,4.82,4.25,3.29
29-1141.04,Clinical Nurse Specialists,2.95,1.33,1.52,2.52,4.2,3.48,2.86
29-1151.00,Nurse Anesthetists,4.15,1.85,2.23,3.07,4.81,4.11,4.5
29-1161.00,Nurse Midwives,3.09,1.09,1.62,2.52,4.48,3.82,2.94
29-1171.00,Nurse Practitioners,3.48,1.18,2.04,2.73,4.57,4.09,3.3
29-1181.00,Audiologists,2.41,1.23,2.14,2.29,4.64,3.55,3.32
29-1211.00,Anesthesiologists,3.78,1.99,2.35,2.26,4.85,4.0,3.81
29-1213.00,Dermatologists,2.47,1.04,1.69,2.39,4.72,3.81,3.69
29-1214.00,Emergency Medicine Physicians,3.6,1.2,1.7,2.67,4.9,4.2,4.37
29-1215.00,Family Medicine Physicians,2.77,1.04,2.33,1.5,4.76,4.72,2.16
29-1216.00,General Internal Medicine Physicians,3.64,1.68,2.22,2.36,4.42,4.08,2.71
29-1217.00,Neurologists,3.1,1.36,1.7,1.94,4.98,4.27,3.65
29-1218.00,Obstetricians and Gynecologists,3.02,1.4,1.96,2.34,4.79,3.92,2.95
29-1221.00,"Pediatricians, General",2.68,1.02,1.56,2.58,4.68,3.14,3.23
29-1222.00,"Physicians, Pathologists",4.1,2.27,2.23,3.88,4.87,4.9,3.99
29-1223.00,Psychiatrists,2.41,1.07,1.64,1.92,3.9,4.05,3.09
29-1224.00,Radiologists,4.43,1.19,2.26,4.21,4.89,4.43,3.75
29-1229.01,Allergists and Immunologists,3.18,1.47,1.84,2.84,4.61,4.04,3.54
29-1229.02,Hospitalists,2.92,1.24,1.72,2.13,4.56,4.44,3.52
29-1229.03,Urologists,4.42,2.33,2.37,1.84,4.7,4.77,3.49
29-1229.04,Physical Medicine and Rehabilitation Physicians,3.1,1.36,1.69,2.24,4.79,4.03,3.57
29-1229.05,Preventive Medicine Physicians,2.33,1.29,1.89,2.0,4.58,3.95,3.5
29-1229.06,Sports Medicine Physicians,3.11,1.09,1.45,1.88,5.0,3.87,3.63
29-1241.00,"Ophthalmologists, Except Pediatric",4.13,1.0,1.27,3.7,4.92,4.61,4.42
29-1291.00,Acupuncturists,3.04,1.04,1.18,3.21,4.0,3.03,3.14
29-1292.00,Dental Hygienists,4.3,1.41,1.71,5.0,4.39,3.74,2.98
29-1299.01,Naturopathic Physicians,2.64,1.08,1.64,2.04,4.4,3.88,2.64
29-1299.02,Orthoptists,3.37,1.11,1.48,3.19,4.57,3.56,2.78
29-2011.00,Medical and Clinical Laboratory Technologists,4.38,3.03,3.27,3.44,4.95,4.36,2.6
29-2011.01,Cytogenetic Technologists,4.71,1.86,2.71,4.33,4.9,4.81,2.67
29-2011.02,Cytotechnologists,4.5,1.41,2.5,4.68,4.68,3.77,2.45
29-2011.04,Histotechnologists,4.45,2.8,2.81,4.71,4.52,4.86,2.43
29-2012.00,Medical and Clinical Laboratory Technicians,4.33,2.91,3.12,3.89,4.86,3.78,2.27
29-2012.01,Histology Technicians,4.33,2.87,3.04,4.76,4.92,4.46,2.25
29-2031.00,Cardiovascular Technologists and Technicians,4.11,2.68,2.07,4.03,4.68,4.3,2.72
29-2032.00,Diagnostic Medical Sonographers,4.66,1.74,2.02,4.72,4.87,4.02,2.99
29-2033.00,Nuclear Medicine Technologists,3.48,3.23,2.49,2.53,4.66,4.1,3.83
29-2034.00,Radiologic Technologists and Technicians,3.89,2.13,2.39,3.69,4.67,3.66,3.22
29-2035.00,Magnetic Resonance Imaging Technologists,4.0,3.73,2.59,3.36,4.83,3.91,3.17
29-2036.00,Medical Dosimetrists,4.21,2.45,2.65,3.85,4.85,5.0,3.4
29-2051.00,Dietetic Technicians,3.37,1.41,2.75,3.19,4.45,4.31,3.42
29-2052.00,Pharmacy Technicians,4.39,2.29,2.44,4.06,4.98,4.26,2.95
29-2053.00,Psychiatric Technicians,2.95,1.2,2.16,2.32,3.54,3.46,2.48
29-2055.00,Surgical Technologists,4.01,1.89,1.89,3.68,4.87,3.82,3.19
29-2056.00,Veterinary Technologists and Technicians,3.4,1.52,1.98,2.83,4.34,3.96,2.64
29-2057.00,Ophthalmic Medical Technicians,3.62,1.23,2.73,3.82,4.73,3.32,2.73
29-2061.00,Licensed Practical and Licensed Vocational Nurses,3.9,1.77,2.21,3.27,4.71,4.38,2.69
29-2081.00,"Opticians, Dispensing",3.88,1.92,2.29,2.71,4.83,4.04,3.54
29-2091.00,Orthotists and Prosthetists,3.0,1.71,1.71,2.43,4.19,4.29,3.57
29-2092.00,Hearing Aid Specialists,3.02,1.4,1.98,2.24,4.19,3.94,3.51
29-2099.01,Neurodiagnostic Technologists,3.81,1.72,2.06,3.13,4.77,4.26,2.9
29-2099.05,Ophthalmic Medical Technologists,3.2,1.35,2.5,2.9,4.3,3.45,2.6
29-2099.08,Patient Representatives,4.53,1.59,2.72,3.31,4.55,3.09,2.32
29-9091.00,Athletic Trainers,3.63,1.26,2.14,2.71,4.32,3.6,3.82
29-9092.00,Genetic Counselors,2.57,1.0,1.57,1.74,4.43,3.91,3.26
29-9093.00,Surgical Assistants,3.69,1.82,2.0,2.98,4.6,3.33,3.0
29-9099.01,Midwives,2.75,1.01,1.23,1.74,4.41,2.8,2.79
31-1121.00,Home Health Aides,2.81,1.73,1.79,3.24,4.3,3.43,2.47
31-1122.00,Personal Care Aides,3.55,1.63,2.22,3.12,3.74,4.08,2.49
31-1131.00,Nursing Assistants,3.46,2.31,1.77,3.48,4.54,3.71,3.01
31-1132.00,Orderlies,4.13,2.49,2.66,4.25,4.51,4.23,3.12
31-1133.00,Psychiatric Aides,3.72,1.07,1.89,2.9,3.72,3.71,1.91
31-2011.00,Occupational Therapy Assistants,4.07,1.56,2.0,3.55,4.47,4.7,2.81
31-2012.00,Occupational Therapy Aides,3.13,1.17,1.46,2.97,3.82,4.11,2.21
31-2021.00,Physical Therapist Assistants,3.21,1.02,1.43,3.6,3.36,3.52,2.49
31-2022.00,Physical Therapist Aides,2.82,1.42,1.64,3.21,3.39,3.04,2.3
31-9011.00,Massage Therapists,3.23,1.08,1.31,4.35,3.04,2.28,3.27
31-9091.00,Dental Assistants,3.93,2.02,1.93,3.85,4.37,3.44,2.35
31-9092.00,Medical Assistants,4.04,1.05,2.06,3.31,4.38,3.8,2.07
31-9093.00,Medical Equipment Preparers,4.43,3.36,2.05,4.49,4.6,4.28,1.96
31-9094.00,Medical Transcriptionists,4.48,1.94,2.73,2.97,4.8,4.11,2.42
31-9095.00,Pharmacy Aides,3.79,1.95,2.89,3.63,4.49,3.47,2.62
31-9096.00,Veterinary Assistants and Laboratory Animal Caretakers,4.0,1.12,1.67,3.26,4.7,3.78,2.54
31-9097.00,Phlebotomists,4.23,2.5,2.33,4.45,4.81,4.45,3.14
31-9099.01,Speech-Language Pathology Assistants,2.83,1.0,1.87,2.13,4.3,3.46,2.76
31-9099.02,Endoscopy Technicians,3.92,3.12,2.58,3.88,4.5,3.73,2.42
33-1011.00,First-Line Supervisors of Correctional Officers,3.63,1.11,1.89,2.41,3.84,4.16,2.97
33-1012.00,First-Line Supervisors of Police and Detectives,3.4,1.25,1.94,2.77,4.25,3.5,3.19
33-1021.00,First-Line Supervisors of Firefighting and Prevention Workers,3.13,1.62,1.66,2.62,4.33,3.53,3.51
33-1091.00,First-Line Supervisors of Security Workers,3.68,1.17,3.24,2.92,4.7,3.41,3.17
33-2011.00,Firefighters,3.44,1.81,1.74,2.76,4.27,3.6,3.61
33-2021.00,Fire Inspectors and Investigators,3.08,1.13,2.01,2.65,4.53,3.94,3.13
33-2022.00,Forest Fire Inspectors and Prevention Specialists,3.56,2.14,2.28,3.37,4.05,3.81,4.37
33-3011.00,Bailiffs,3.04,1.0,1.64,2.22,4.08,3.24,2.47
33-3012.00,Correctional Officers and Jailers,4.25,1.63,2.17,2.59,4.5,4.45,3.22
33-3021.00,Detectives and Criminal Investigators,3.87,1.34,2.19,2.68,4.61,3.78,3.4
33-3021.02,Police Identification and Records Officers,3.25,1.24,1.92,2.67,4.52,3.17,2.2
33-3021.06,Intelligence Analysts,3.77,1.18,2.3,2.83,4.39,3.78,3.3
33-3031.00,Fish and Game Wardens,2.84,1.06,2.5,2.48,4.14,3.94,3.67
33-3041.00,Parking Enforcement Workers,3.45,2.94,2.53,3.97,4.01,2.83,2.49
33-3051.00,Police and Sheriff's Patrol Officers,3.67,1.31,2.0,2.65,4.72,3.96,2.9
33-3051.04,Customs and Border Protection Officers,4.13,1.83,3.3,3.54,4.55,3.86,3.51
33-3052.00,Transit and Railroad Police,3.28,1.78,1.92,2.97,4.35,3.8,3.12
33-9011.00,Animal Control Workers,3.54,1.15,1.35,2.81,4.08,3.96,2.27
33-9021.00,Private Detectives and Investigators,3.43,1.41,2.01,2.74,4.74,4.32,2.88
33-9031.00,Gambling Surveillance Officers and Gambling Investigators,4.53,2.14,2.16,3.43,4.83,3.14,2.56
33-9032.00,Security Guards,4.42,2.53,2.2,2.17,4.41,3.05,2.33
33-9091.00,Crossing Guards and Flaggers,2.09,1.13,1.44,3.79,3.9,2.21,1.26
33-9092.00,"Lifeguards, Ski Patrol, and Other Recreational Protective Service Workers",2.77,1.64,1.99,2.56,3.65,2.98,2.43
33-9093.00,Transportation Security Screeners,3.7,2.88,2.63,4.07,4.33,3.41,2.48
33-9099.02,Retail Loss Prevention Specialists,3.78,1.89,2.2,2.33,4.3,3.45,3.55
35-1011.00,Chefs and Head Cooks,3.79,1.96,1.78,4.38,3.62,4.75,3.88
35-1012.00,First-Line Supervisors of Food Preparation and Serving Workers,3.58,1.82,2.71,3.72,4.1,3.44,2.69
35-2011.00,"Cooks, Fast Food",2.1,2.05,2.18,2.42,3.9,3.26,2.28
35-2012.00,"Cooks, Institution and Cafeteria",2.61,2.23,2.0,3.72,3.92,4.4,1.97
35-2013.00,"Cooks, Private Household",2.77,1.31,1.54,3.65,3.58,4.15,3.12
35-2014.00,"Cooks, Restaurant",3.26,2.42,2.3,4.06,4.1,3.03,2.59
35-2015.00,"Cooks, Short Order",2.55,1.84,1.42,3.81,3.33,3.52,2.57
35-2021.00,Food Preparation Workers,3.27,2.17,2.5,3.25,4.15,3.91,1.95
35-3011.00,Bartenders,3.09,1.16,2.03,3.73,3.88,1.75,2.36
35-3023.00,Fast Food and Counter Workers,3.83,2.06,2.43,4.1,4.09,2.4,2.58
35-3023.01,Baristas,2.98,1.89,2.65,4.11,3.67,2.14,1.88
35-3031.00,Waiters and Waitresses,3.05,1.24,2.64,3.63,3.54,2.79,2.45
35-3041.00,"Food Servers, Nonrestaurant",3.67,2.55,2.09,3.59,3.93,4.43,3.23
35-9011.00,Dining Room and Cafeteria Attendants and Bartender Helpers,2.25,1.66,1.69,4.15,3.88,2.87,2.83
35-9021.00,Dishwashers,1.89,2.68,1.6,3.38,3.24,3.35,2.01
35-9031.00,"Hosts and Hostesses, Restaurant, Lounge, and Coffee Shop",2.71,1.23,2.08,4.2,3.84,2.18,2.2
37-1011.00,First-Line Supervisors of Housekeeping and Janitorial Workers,3.43,2.44,2.13,3.33,4.01,4.36,3.0
37-1012.00,"First-Line Supervisors of Landscaping, Lawn Service, and Groundskeeping Workers",2.95,2.67,2.37,2.76,4.01,4.29,3.45
37-2011.00,"Janitors and Cleaners, Except Maids and Housekeeping Cleaners",2.84,1.64,1.8,3.29,3.23,2.96,1.85
37-2012.00,Maids and Housekeeping Cleaners,2.74,1.8,2.06,4.77,3.63,3.9,2.62
37-2021.00,Pest Control Workers,3.42,1.87,2.04,3.72,4.11,4.14,3.04
37-3011.00,Landscaping and Groundskeeping Workers,2.28,3.85,2.49,3.18,3.19,3.28,2.75
37-3012.00,"Pesticide Handlers, Sprayers, and Applicators, Vegetation",3.16,2.34,1.7,3.42,4.21,4.17,2.91
37-3013.00,Tree Trimmers and Pruners,3.02,2.03,1.43,3.53,3.82,3.71,3.51
39-1013.00,First-Line Supervisors of Gambling Services Workers,4.35,2.44,2.55,3.14,4.54,4.0,3.55
39-1022.00,First-Line Supervisors of Personal Service Workers,3.54,1.27,1.99,2.88,4.73,4.4,2.8
39-2011.00,Animal Trainers,2.57,1.06,1.34,3.4,3.45,2.89,2.81
39-2021.00,Animal Caretakers,3.15,1.08,1.12,3.1,3.53,3.32,2.2
39-3011.00,Gambling Dealers,3.72,1.78,1.43,4.14,4.65,2.32,3.53
39-3012.00,Gambling and Sports Book Writers and Runners,4.28,2.57,2.76,4.04,4.34,2.71,3.09
39-3021.00,Motion Picture Projectionists,2.61,2.7,3.34,2.57,4.3,3.56,2.13
39-3031.00,"Ushers, Lobby Attendants, and Ticket Takers",2.91,1.88,2.19,3.31,3.74,2.46,1.8
39-3091.00,Amusement and Recreation Attendants,3.09,1.78,1.79,3.39,2.89,1.98,1.3
39-3092.00,Costume Attendants,3.18,1.72,1.51,3.67,4.08,4.21,2.52
39-3093.00,"Locker Room, Coatroom, and Dressing Room Attendants",2.78,1.25,1.65,3.38,3.22,3.24,1.56
39-4011.00,Embalmers,3.54,1.58,1.73,2.59,4.57,4.74,2.57
39-4021.00,Funeral Attendants,2.5,1.27,1.68,2.06,4.05,3.66,1.47
39-4031.00,"Morticians, Undertakers, and Funeral Arrangers",3.41,1.08,1.28,2.02,4.54,3.74,2.54
39-5011.00,Barbers,2.83,1.69,2.12,4.38,4.37,2.39,4.37
39-5012.00,"Hairdressers, Hairstylists, and Cosmetologists",3.61,1.49,1.6,4.71,4.27,3.41,3.57
39-5091.00,"Makeup Artists, Theatrical and Performance",2.38,1.33,1.29,3.76,3.9,4.5,4.3
39-5092.00,Manicurists and Pedicurists,1.85,1.68,1.07,4.54,3.78,2.23,2.56
39-5093.00,Shampooers,2.54,1.79,1.8,4.42,4.73,3.33,2.71
39-5094.00,Skincare Specialists,3.14,2.18,1.42,3.49,3.86,2.59,3.59
39-6011.00,Baggage Porters and Bellhops,3.12,1.99,1.91,2.54,3.29,2.38,1.98
39-6012.00,Concierges,2.45,1.09,2.0,2.24,3.76,3.86,2.77
39-7011.00,Tour Guides and Escorts,2.09,1.59,1.42,1.96,3.82,3.41,2.2
39-7012.00,Travel Guides,3.15,2.01,2.29,2.51,4.29,4.07,2.67
39-9011.00,Childcare Workers,2.33,1.18,1.79,2.96,3.34,3.49,2.46
39-9011.01,Nannies,2.8,1.08,1.2,2.84,3.2,2.88,2.44
39-9031.00,Exercise Trainers and Group Fitness Instructors,3.1,1.43,1.48,3.62,2.95,2.95,3.57
39-9032.00,Recreation Workers,3.44,1.08,1.77,2.24,3.29,3.3,2.38
39-9041.00,Residential Advisors,3.24,1.02,1.55,1.84,3.52,3.67,2.32
41-1011.00,First-Line Supervisors of Retail Sales Workers,3.59,1.22,1.95,2.71,3.99,4.22,2.86
41-1012.00,First-Line Supervisors of Non-Retail Sales Workers,3.69,1.78,2.11,3.23,4.22,4.64,3.54
41-2011.00,Cashiers,3.34,1.86,1.82,3.22,3.9,3.06,2.29
41-2012.00,Gambling Change Persons and Booth Cashiers,4.46,1.99,2.03,4.56,4.84,3.38,2.86
41-2021.00,Counter and Rental Clerks,3.68,1.45,2.12,2.82,4.0,3.27,2.66
41-2022.00,Parts Salespersons,4.01,1.36,1.8,3.1,4.02,4.07,2.57
41-2031.00,Retail Salespersons,3.53,1.14,2.16,2.76,4.15,3.42,3.7
41-3011.00,Advertising Sales Agents,2.67,1.28,1.7,1.99,4.03,4.46,4.49
41-3021.00,Insurance Sales Agents,3.79,1.0,2.76,2.16,4.7,4.52,3.85
41-3031.00,"Securities, Commodities, and Financial Services Sales Agents",3.17,1.24,2.59,2.2,4.55,3.86,3.9
41-3041.00,Travel Agents,3.12,1.22,3.8,3.08,4.78,3.73,3.87
41-4011.00,"Sales Representatives, Wholesale and Manufacturing, Technical and Scientific Products",2.8,1.72,2.16,2.1,4.36,3.93,3.75
41-4011.07,Solar Sales Representatives and Assessors,2.97,1.2,2.12,2.01,4.16,3.22,3.92
41-4012.00,"Sales Representatives, Wholesale and Manufacturing, Except Technical and Scientific Products",3.44,1.14,2.43,2.49,3.75,3.78,4.04
41-9011.00,Demonstrators and Product Promoters,2.91,1.48,1.45,3.68,3.34,3.82,3.1
41-9012.00,Models,2.57,1.09,1.33,1.93,2.76,1.67,1.65
41-9021.00,Real Estate Brokers,3.04,1.37,2.7,1.92,4.03,3.92,4.6
41-9022.00,Real Estate Sales Agents,2.9,1.15,2.25,1.95,4.05,4.52,4.85
41-9031.00,Sales Engineers,2.93,1.11,1.62,2.06,3.97,4.02,3.72
41-9041.00,Telemarketers,4.17,1.94,3.09,3.54,4.58,3.74,3.94
41-9091.00,"Door-to-Door Sales Workers, News and Street Vendors, and Related Workers",2.04,1.04,1.88,1.79,2.96,3.04,3.21
43-1011.00,First-Line Supervisors of Office and Administrative Support Workers,3.07,1.1,2.33,3.17,4.23,4.04,2.94
43-2011.00,"Switchboard Operators, Including Answering Service",3.58,1.08,2.31,3.61,3.93,3.22,2.44
43-2021.00,Telephone Operators,3.86,2.69,2.63,4.11,4.17,3.69,2.7
43-3011.00,Bill and Account Collectors,4.3,1.09,2.86,2.66,4.04,3.9,3.52
43-3021.00,Billing and Posting Clerks,4.34,1.65,2.19,3.45,4.29,3.93,2.02
43-3031.00,"Bookkeeping, Accounting, and Auditing Clerks",4.65,1.28,2.36,4.14,4.68,3.87,2.76
43-3041.00,Gambling Cage Workers,4.84,2.34,2.36,4.11,4.97,4.07,2.94
43-3051.00,Payroll and Timekeeping Clerks,4.57,1.32,2.79,3.0,4.91,4.25,2.42
43-3061.00,Procurement Clerks,4.57,1.18,1.99,2.62,4.85,3.42,1.76
43-3071.00,Tellers,4.72,1.86,2.45,4.57,4.8,3.53,3.31
43-4011.00,Brokerage Clerks,4.51,1.71,3.28,3.44,4.73,4.61,2.81
43-4021.00,Correspondence Clerks,4.6,1.84,3.04,3.62,4.52,3.83,2.41
43-4031.00,"Court, Municipal, and License Clerks",4.24,1.43,2.57,3.53,4.36,4.08,2.05
43-4041.00,"Credit Authorizers, Checkers, and Clerks",4.33,1.33,2.97,3.88,4.7,4.67,3.24
43-4051.00,Customer Service Representatives,4.45,1.4,2.26,4.2,4.53,4.55,2.91
43-4061.00,"Eligibility Interviewers, Government Programs",4.36,1.16,1.96,3.54,4.64,4.28,2.26
43-4071.00,File Clerks,4.06,1.83,2.02,3.06,4.16,4.15,1.9
43-4081.00,"Hotel, Motel, and Resort Desk Clerks",3.88,1.45,2.64,3.79,4.14,3.2,2.63
43-4111.00,"Interviewers, Except Eligibility and Loan",4.63,1.93,2.63,3.91,4.67,4.2,3.08
43-4121.00,"Library Assistants, Clerical",3.7,1.49,2.26,3.52,4.17,3.38,2.44
43-4131.00,Loan Interviewers and Clerks,4.31,1.51,2.96,3.15,4.7,4.53,3.99
43-4141.00,New Accounts Clerks,4.43,1.1,3.05,3.58,4.67,3.97,3.02
43-4151.00,Order Clerks,3.47,1.61,2.48,3.14,4.11,4.16,2.54
43-4161.00,"Human Resources Assistants, Except Payroll and Timekeeping",4.36,1.13,2.55,3.46,4.72,4.27,2.91
43-4171.00,Receptionists and Information Clerks,3.74,1.47,2.32,3.79,3.72,2.71,1.51
43-4181.00,Reservation and Transportation Ticket Agents and Travel Clerks,4.92,2.62,3.61,3.52,4.68,4.49,2.24
43-5011.00,Cargo and Freight Agents,2.89,1.72,1.84,2.78,3.67,3.96,3.28
43-5011.01,Freight Forwarders,4.27,2.25,2.22,2.4,4.33,4.95,3.65
43-5021.00,Couriers and Messengers,3.48,1.44,2.37,3.7,4.14,4.71,2.98
43-5031.00,Public Safety Telecommunicators,4.87,1.79,2.13,4.38,4.82,4.22,2.41
43-5032.00,"Dispatchers, Except Police, Fire, and Ambulance",4.5,2.0,2.43,3.83,4.58,4.48,3.01
43-5041.00,"Meter Readers, Utilities",3.9,3.12,2.63,4.09,4.33,3.97,2.42
43-5051.00,Postal Service Clerks,3.96,1.77,2.57,3.97,4.28,3.67,2.17
43-5052.00,Postal Service Mail Carriers,4.26,1.13,2.42,4.64,4.5,4.12,2.24
43-5053.00,"Postal Service Mail Sorters, Processors, and Processing Machine Operators",3.66,3.93,3.73,4.54,4.04,4.69,2.57
43-5061.00,"Production, Planning, and Expediting Clerks",3.48,3.39,1.91,3.19,4.46,4.55,2.42
43-5071.00,"Shipping, Receiving, and Inventory Clerks",4.37,3.08,2.74,2.7,4.44,4.57,3.03
43-5111.00,"Weighers, Measurers, Checkers, and Samplers, Recordkeeping",4.17,3.8,2.34,3.41,4.52,4.26,2.09
43-6011.00,Executive Secretaries and Executive Administrative Assistants,3.83,1.13,2.06,3.28,4.5,3.86,2.41
43-6012.00,Legal Secretaries and Administrative Assistants,4.19,1.53,1.94,3.06,4.43,4.01,1.92
43-6013.00,Medical Secretaries and Administrative Assistants,4.6,1.39,2.11,3.04,4.53,3.95,2.35
43-6014.00,"Secretaries and Administrative Assistants, Except Legal, Medical, and Executive",4.3,1.19,1.79,3.03,4.22,4.09,2.31
43-9021.00,Data Entry Keyers,4.81,1.85,2.85,4.58,4.87,4.21,2.89
43-9022.00,Word Processors and Typists,4.62,1.52,2.33,4.16,4.68,3.96,2.94
43-9031.00,Desktop Publishers,3.26,1.45,2.24,3.55,4.43,4.52,2.31
43-9041.00,Insurance Claims and Policy Processing Clerks,4.48,1.62,3.19,3.88,4.52,3.94,2.61
43-9051.00,"Mail Clerks and Mail Machine Operators, Except Postal Service",4.25,3.41,2.96,3.98,4.48,4.11,2.96
43-9061.00,"Office Clerks, General",4.22,1.45,2.1,3.64,4.6,3.77,2.09
43-9071.00,"Office Machine Operators, Except Computer",3.19,3.21,2.42,2.68,3.77,4.38,2.14
43-9081.00,Proofreaders and Copy Markers,4.67,1.02,2.41,4.48,4.89,4.7,1.97
43-9111.00,Statistical Assistants,3.44,1.11,2.65,3.66,4.46,3.63,2.99
45-1011.00,"First-Line Supervisors of Farming, Fishing, and Forestry Workers",2.97,2.56,2.2,3.03,3.96,3.88,2.93
45-2011.00,Agricultural Inspectors,3.92,2.79,2.36,3.41,4.62,3.9,2.51
45-2021.00,Animal Breeders,2.3,1.27,1.31,3.25,3.34,2.44,3.06
45-2041.00,"Graders and Sorters, Agricultural Products",2.03,4.04,2.32,4.42,3.57,4.18,2.39
45-2091.00,Agricultural Equipment Operators,2.41,3.59,2.04,2.11,3.72,3.4,2.99
45-2092.00,"Farmworkers and Laborers, Crop, Nursery, and Greenhouse",2.23,2.81,1.87,3.97,3.27,3.74,2.59
45-2093.00,"Farmworkers, Farm, Ranch, and Aquacultural Animals",2.76,1.52,1.82,3.0,3.37,2.37,2.12
45-3031.00,Fishing and Hunting Workers,2.5,2.0,1.45,3.6,3.24,3.05,3.95
45-4011.00,Forest and Conservation Workers,2.54,2.18,1.34,2.85,3.37,3.0,3.05
45-4021.00,Fallers,2.53,2.76,1.47,3.72,4.1,2.83,3.02
45-4022.00,Logging Equipment Operators,3.7,4.45,2.15,4.09,3.79,3.19,2.86
45-4023.00,Log Graders and Scalers,3.66,3.45,2.02,3.58,4.12,3.81,2.73
47-1011.00,First-Line Supervisors of Construction Trades and Extraction Workers,2.7,2.73,1.58,3.18,4.28,4.13,3.69
47-1011.03,Solar Energy Installation Managers,3.59,1.67,1.78,3.05,4.51,4.17,3.72
47-2011.00,Boilermakers,2.87,2.15,1.69,3.32,4.53,4.09,3.37
47-2021.00,Brickmasons and Blockmasons,2.6,2.11,1.6,4.56,4.12,4.08,3.36
47-2022.00,Stonemasons,3.3,2.24,1.48,4.11,4.6,3.67,3.09
47-2031.00,Carpenters,2.97,2.57,1.78,3.46,4.55,4.43,3.34
47-2041.00,Carpet Installers,2.53,1.42,1.21,4.07,3.96,4.24,3.47
47-2042.00,"Floor Layers, Except Carpet, Wood, and Hard Tiles",2.28,1.05,1.59,3.62,4.19,3.32,2.2
47-2043.00,Floor Sanders and Finishers,3.38,3.07,1.82,4.57,4.37,3.97,3.22
47-2044.00,Tile and Stone Setters,3.01,1.75,1.26,4.37,4.54,3.57,2.94
47-2051.00,Cement Masons and Concrete Finishers,3.09,4.39,2.46,4.5,4.44,3.77,4.08
47-2053.00,Terrazzo Workers and Finishers,2.76,3.32,1.5,3.82,4.31,4.29,3.47
47-2061.00,Construction Laborers,2.65,3.18,1.3,2.94,3.71,4.11,2.4
47-2071.00,"Paving, Surfacing, and Tamping Equipment Operators",2.96,3.8,2.54,3.94,3.48,3.46,3.29
47-2072.00,Pile Driver Operators,3.07,3.34,1.6,3.73,4.18,3.63,3.21
47-2073.00,Operating Engineers and Other Construction Equipment Operators,2.39,3.99,1.32,4.19,3.91,4.04,2.92
47-2081.00,Drywall and Ceiling Tile Installers,3.47,2.05,1.99,4.08,4.43,3.73,3.28
47-2082.00,Tapers,2.38,1.64,2.01,4.24,3.7,3.91,3.25
47-2111.00,Electricians,3.37,2.23,1.14,4.34,4.72,4.32,3.06
47-2121.00,Glaziers,3.08,2.4,1.43,3.64,4.42,3.93,3.43
47-2131.00,"Insulation Workers, Floor, Ceiling, and Wall",2.53,2.25,1.69,3.85,3.49,4.04,2.54
47-2132.00,"Insulation Workers, Mechanical",2.44,1.55,1.41,4.15,3.94,4.27,3.25
47-2141.00,"Painters, Construction and Maintenance",3.15,2.15,1.22,3.82,4.44,4.6,3.32
47-2142.00,Paperhangers,2.98,1.49,1.63,4.1,3.92,4.03,3.09
47-2151.00,Pipelayers,2.27,3.04,1.48,3.29,4.03,3.65,2.34
47-2152.00,"Plumbers, Pipefitters, and Steamfitters",3.09,2.15,1.35,3.49,4.11,4.27,3.68
47-2152.04,Solar Thermal Installers and Technicians,2.58,1.94,1.67,2.7,4.2,4.38,3.32
47-2161.00,Plasterers and Stucco Masons,2.31,3.06,2.16,4.0,4.17,3.24,3.17
47-2171.00,Reinforcing Iron and Rebar Workers,3.06,2.89,1.86,4.31,3.43,4.43,3.89
47-2181.00,Roofers,2.86,2.59,2.06,3.67,4.28,4.18,3.95
47-2211.00,Sheet Metal Workers,3.28,3.53,2.7,4.0,4.44,3.98,3.35
47-2221.00,Structural Iron and Steel Workers,2.5,2.83,1.41,3.57,4.13,4.24,3.58
47-2231.00,Solar Photovoltaic Installers,3.64,2.07,1.48,3.76,4.39,3.89,2.82
47-3011.00,"Helpers--Brickmasons, Blockmasons, Stonemasons, and Tile and Marble Setters",3.14,3.38,2.04,4.16,3.85,4.44,3.6
47-3012.00,Helpers--Carpenters,2.5,2.83,1.92,3.77,4.25,4.0,3.52
47-3013.00,Helpers--Electricians,3.28,1.8,1.5,3.84,4.2,3.91,2.7
47-3014.00,"Helpers--Painters, Paperhangers, Plasterers, and Stucco Masons",3.05,2.46,1.51,4.0,3.27,3.64,2.96
47-3015.00,"Helpers--Pipelayers, Plumbers, Pipefitters, and Steamfitters",2.78,2.65,1.38,3.73,3.52,3.84,2.67
47-3016.00,Helpers--Roofers,2.64,2.34,2.85,3.84,3.95,3.1,3.25
47-4011.00,Construction and Building Inspectors,2.84,1.68,2.04,2.28,4.12,4.08,2.92
47-4011.01,Energy Auditors,2.59,1.5,1.75,2.0,3.83,4.1,2.93
47-4021.00,Elevator and Escalator Installers and Repairers,3.64,2.54,2.0,3.55,4.54,4.08,3.73
47-4031.00,Fence Erectors,3.45,2.35,2.39,4.14,4.07,4.52,3.75
47-4041.00,Hazardous Materials Removal Workers,3.16,2.79,2.1,3.49,3.75,3.88,2.86
47-4051.00,Highway Maintenance Workers,3.51,3.35,2.29,4.22,4.1,3.72,3.11
47-4061.00,Rail-Track Laying and Maintenance Equipment Operators,3.3,3.64,2.15,3.91,3.92,3.9,2.87
47-4071.00,Septic Tank Servicers and Sewer Pipe Cleaners,2.97,2.87,1.56,3.54,3.39,3.82,2.41
47-4091.00,Segmental Pavers,3.23,1.86,2.61,3.35,3.75,4.06,3.12
47-4099.03,Weatherization Installers and Technicians,3.09,2.48,1.68,2.77,3.59,3.83,2.26
47-5011.00,"Derrick Operators, Oil and Gas",4.17,3.08,1.66,4.28,3.93,3.21,2.86
47-5012.00,"Rotary Drill Operators, Oil and Gas",4.39,3.79,1.83,3.72,4.61,4.1,4.37
47-5013.00,"Service Unit Operators, Oil and Gas",4.09,4.07,2.11,3.88,4.35,4.35,3.71
47-5022.00,"Excavating and Loading Machine and Dragline Operators, Surface Mining",3.27,3.9,1.73,4.1,3.8,3.58,3.4
47-5023.00,"Earth Drillers, Except Oil and Gas",2.64,2.95,1.87,4.21,3.62,3.0,2.54
47-5032.00,"Explosives Workers, Ordnance Handling Experts, and Blasters",3.38,3.3,2.18,3.48,4.5,4.35,3.35
47-5041.00,Continuous Mining Machine Operators,3.2,3.86,1.65,4.14,4.11,3.4,3.62
47-5043.00,"Roof Bolters, Mining",3.76,4.6,1.64,4.96,3.88,4.79,3.33
47-5044.00,"Loading and Moving Machine Operators, Underground Mining",2.53,3.79,2.16,4.04,3.46,3.68,2.6
47-5051.00,"Rock Splitters, Quarry",2.4,3.04,1.83,3.04,3.74,2.61,2.33
47-5071.00,"Roustabouts, Oil and Gas",3.31,2.81,1.92,3.7,3.74,4.28,3.05
47-5081.00,Helpers--Extraction Workers,3.13,3.91,1.52,4.08,3.94,3.47,3.23
49-1011.00,"First-Line Supervisors of Mechanics, Installers, and Repairers",3.87,1.64,1.46,2.91,4.43,3.93,2.91
49-2011.00,"Computer, Automated Teller, and Office Machine Repairers",3.65,1.91,2.46,2.78,4.01,4.24,2.87
49-2021.00,"Radio, Cellular, and Tower Equipment Installers and Repairers",2.88,1.54,1.48,2.8,4.25,3.48,2.79
49-2022.00,"Telecommunications Equipment Installers and Repairers, Except Line Installers",3.89,1.11,1.67,3.21,4.16,4.12,2.74
49-2091.00,Avionics Technicians,2.88,1.59,1.75,2.85,4.42,4.54,3.39
49-2092.00,"Electric Motor, Power Tool, and Related Repairers",3.25,2.94,1.51,3.68,4.51,4.04,3.29
49-2093.00,"Electrical and Electronics Installers and Repairers, Transportation Equipment",3.13,2.32,1.86,4.03,4.18,4.48,2.63
49-2094.00,"Electrical and Electronics Repairers, Commercial and Industrial Equipment",3.29,2.27,2.36,3.18,4.41,3.16,2.27
49-2095.00,"Electrical and Electronics Repairers, Powerhouse, Substation, and Relay",4.19,2.12,2.37,2.83,4.74,4.17,3.43
49-2096.00,"Electronic Equipment Installers and Repairers, Motor Vehicles",3.46,2.18,1.6,3.99,4.71,4.53,3.06
49-2097.00,Audiovisual Equipment Installers and Repairers,2.69,1.68,2.2,2.94,3.76,3.82,2.92
49-2098.00,Security and Fire Alarm Systems Installers,3.05,1.14,1.43,2.39,4.33,4.08,3.38
49-3011.00,Aircraft Mechanics and Service Technicians,3.71,1.99,1.27,3.51,4.69,4.24,2.48
49-3021.00,Automotive Body and Related Repairers,2.87,2.26,1.65,4.04,4.39,4.53,3.78
49-3022.00,Automotive Glass Installers and Repairers,3.17,1.44,1.07,3.51,4.12,4.41,2.58
49-3023.00,Automotive Service Technicians and Mechanics,3.42,1.81,1.53,3.56,4.51,4.48,3.22
49-3031.00,Bus and Truck Mechanics and Diesel Engine Specialists,3.2,2.36,1.55,4.14,4.44,4.07,2.99
49-3041.00,Farm Equipment Mechanics and Service Technicians,3.37,2.35,1.37,3.88,4.41,4.08,3.16
49-3042.00,"Mobile Heavy Equipment Mechanics, Except Engines",3.52,2.51,1.49,3.83,4.34,3.93,2.65
49-3043.00,Rail Car Repairers,2.8,2.23,1.44,3.37,3.83,3.99,2.4
49-3051.00,Motorboat Mechanics and Service Technicians,2.4,1.72,1.56,2.86,3.93,4.17,3.22
49-3052.00,Motorcycle Mechanics,3.78,1.83,1.06,3.96,4.71,4.54,3.66
49-3053.00,Outdoor Power Equipment and Other Small Engine Mechanics,3.07,1.32,1.36,3.1,3.76,3.66,1.75
49-3091.00,Bicycle Repairers,2.22,1.27,1.12,3.67,4.48,4.53,2.85
49-3092.00,Recreational Vehicle Service Technicians,2.33,1.28,1.71,2.77,3.62,3.46,2.28
49-3093.00,Tire Repairers and Changers,3.46,2.8,2.08,3.97,4.53,4.15,3.3
49-9011.00,Mechanical Door Repairers,3.18,1.65,1.68,3.41,3.9,4.0,3.2
49-9012.00,"Control and Valve Installers and Repairers, Except Mechanical Door",3.28,2.28,2.23,3.67,4.22,4.03,2.1
49-9021.00,"Heating, Air Conditioning, and Refrigeration Mechanics and Installers",3.49,2.12,1.97,3.1,4.15,3.8,3.08
49-9031.00,Home Appliance Repairers,3.04,1.83,1.81,3.08,4.22,3.74,3.14
49-9041.00,Industrial Machinery Mechanics,2.94,3.33,2.19,2.65,3.72,3.69,2.82
49-9043.00,"Maintenance Workers, Machinery",3.58,3.36,2.35,3.25,4.1,3.7,2.42
49-9044.00,Millwrights,3.91,3.09,1.86,3.55,4.91,4.59,3.36
49-9045.00,"Refractory Materials Repairers, Except Brickmasons",3.06,3.47,1.72,3.98,3.73,4.67,2.76
49-9051.00,Electrical Power-Line Installers and Repairers,2.79,2.77,1.48,3.37,4.56,4.11,3.34
49-9052.00,Telecommunications Line Installers and Repairers,3.56,2.39,1.8,3.7,4.38,4.54,3.37
49-9061.00,Camera and Photographic Equipment Repairers,2.96,1.04,1.21,3.34,4.63,3.67,1.83
49-9062.00,Medical Equipment Repairers,3.33,1.76,1.79,2.5,4.72,3.82,3.01
49-9063.00,Musical Instrument Repairers and Tuners,3.6,1.11,1.14,4.0,4.9,3.86,2.57
49-9064.00,Watch and Clock Repairers,2.52,1.13,1.05,2.72,4.86,3.81,2.25
49-9071.00,"Maintenance and Repair Workers, General",3.09,3.23,2.48,3.43,3.97,3.72,2.46
49-9081.00,Wind Turbine Service Technicians,4.18,2.71,2.12,4.44,4.29,4.21,3.57
49-9091.00,"Coin, Vending, and Amusement Machine Servicers and Repairers",4.05,2.0,1.88,3.49,4.05,3.03,2.58
49-9092.00,Commercial Divers,3.39,2.36,1.54,3.17,4.26,3.85,3.24
49-9094.00,Locksmiths and Safe Repairers,3.0,1.81,1.58,2.69,4.48,3.92,3.69
49-9095.00,Manufactured Building and Mobile Home Installers,2.65,2.64,1.05,4.25,4.33,4.24,3.35
49-9096.00,Riggers,3.55,3.7,1.96,3.86,4.42,4.61,3.67
49-9097.00,Signal and Track Switch Repairers,3.07,2.07,2.0,3.07,3.99,3.86,2.65
49-9098.00,"Helpers--Installation, Maintenance, and Repair Workers",3.12,2.36,2.1,2.94,3.89,3.44,2.34
49-9099.01,Geothermal Technicians,3.73,2.59,3.06,3.17,3.64,3.58,2.65
51-1011.00,First-Line Supervisors of Production and Operating Workers,3.34,3.83,2.3,2.77,4.23,4.5,3.08
51-2011.00,"Aircraft Structure, Surfaces, Rigging, and Systems Assemblers",3.65,2.39,2.17,3.96,4.45,3.53,2.56
51-2021.00,"Coil Winders, Tapers, and Finishers",3.63,2.41,1.64,4.65,4.92,4.14,2.82
51-2022.00,Electrical and Electronic Equipment Assemblers,2.94,2.75,1.75,3.78,4.11,4.48,3.1
51-2023.00,Electromechanical Equipment Assemblers,3.55,2.31,2.29,3.5,4.16,3.78,2.78
51-2031.00,Engine and Other Machine Assemblers,3.01,2.66,1.87,3.72,4.49,4.31,2.67
51-2041.00,Structural Metal Fabricators and Fitters,2.93,2.77,2.08,3.59,4.34,4.33,2.75
51-2051.00,Fiberglass Laminators and Fabricators,3.59,2.92,1.76,4.2,3.75,4.59,2.08
51-2061.00,Timing Device Assemblers and Adjusters,2.23,1.07,1.91,1.88,3.58,2.91,2.06
51-2092.00,Team Assemblers,2.81,2.86,2.09,3.88,4.66,4.5,3.28
51-3011.00,Bakers,3.08,3.27,2.5,3.66,4.2,4.32,2.8
51-3021.00,Butchers and Meat Cutters,3.0,3.58,2.44,4.26,3.92,4.12,2.88
51-3022.00,"Meat, Poultry, and Fish Cutters and Trimmers",3.52,4.22,2.89,4.76,4.51,4.59,3.42
51-3023.00,Slaughterers and Meat Packers,3.07,4.2,1.9,4.28,3.79,2.97,3.0
51-3091.00,"Food and Tobacco Roasting, Baking, and Drying Machine Operators and Tenders",3.58,3.83,3.22,3.41,4.32,4.03,2.33
51-3092.00,Food Batchmakers,4.09,4.29,2.77,3.86,4.25,4.19,2.78
51-3093.00,Food Cooking Machine Operators and Tenders,3.03,3.49,2.89,3.61,3.69,4.14,2.29
51-4021.00,"Extruding and Drawing Machine Setters, Operators, and Tenders, Metal and Plastic",3.46,4.76,2.73,3.37,3.99,4.41,2.4
51-4022.00,"Forging Machine Setters, Operators, and Tenders, Metal and Plastic",3.56,4.06,2.96,3.54,4.02,4.47,2.95
51-4023.00,"Rolling Machine Setters, Operators, and Tenders, Metal and Plastic",3.7,4.12,2.68,3.75,4.39,4.36,2.89
51-4031.00,"Cutting, Punching, and Press Machine Setters, Operators, and Tenders, Metal and Plastic",4.13,4.71,2.42,4.46,4.37,4.14,2.27
51-4032.00,"Drilling and Boring Machine Tool Setters, Operators, and Tenders, Metal and Plastic",3.41,3.87,2.67,3.4,4.7,4.32,2.42
51-4033.00,"Grinding, Lapping, Polishing, and Buffing Machine Tool Setters, Operators, and Tenders, Metal and Plastic",3.69,4.07,2.9,3.76,4.62,4.31,2.9
51-4034.00,"Lathe and Turning Machine Tool Setters, Operators, and Tenders, Metal and Plastic",2.88,3.12,2.62,3.45,3.71,3.26,3.29
51-4035.00,"Milling and Planing Machine Setters, Operators, and Tenders, Metal and Plastic",3.28,3.89,2.24,3.7,4.63,4.1,2.5
51-4041.00,Machinists,3.89,4.33,3.05,4.02,4.61,4.22,3.14
51-4051.00,Metal-Refining Furnace Operators and Tenders,3.83,4.41,2.91,4.01,4.08,3.39,2.29
51-4052.00,"Pourers and Casters, Metal",2.1,3.32,2.48,3.62,3.51,3.48,2.29
51-4061.00,"Model Makers, Metal and Plastic",3.73,3.46,2.33,3.29,4.78,4.24,2.38
51-4062.00,"Patternmakers, Metal and Plastic",3.04,3.48,2.12,3.37,4.13,4.51,3.39
51-4071.00,Foundry Mold and Coremakers,2.96,3.72,2.24,4.03,4.18,4.2,3.24
51-4072.00,"Molding, Coremaking, and Casting Machine Setters, Operators, and Tenders, Metal and Plastic",3.47,3.93,2.42,3.46,4.14,3.96,3.16
51-4081.00,"Multiple Machine Tool Setters, Operators, and Tenders, Metal and Plastic",2.93,3.95,3.02,2.89,4.69,4.46,2.62
51-4111.00,Tool and Die Makers,2.87,3.24,1.8,2.9,4.8,4.29,2.56
51-4121.00,"Welders, Cutters, Solderers, and Brazers",3.16,2.64,1.76,3.46,4.36,4.51,2.78
51-4122.00,"Welding, Soldering, and Brazing Machine Setters, Operators, and Tenders",3.26,3.35,2.41,4.22,4.38,4.28,3.42
51-4191.00,"Heat Treating Equipment Setters, Operators, and Tenders, Metal and Plastic",4.14,4.01,1.91,3.9,4.15,4.6,2.69
51-4192.00,"Layout Workers, Metal and Plastic",2.87,2.6,2.01,3.68,4.69,4.64,2.98
51-4193.00,"Plating Machine Setters, Operators, and Tenders, Metal and Plastic",3.49,3.43,2.23,3.47,4.22,4.94,2.54
51-4194.00,"Tool Grinders, Filers, and Sharpeners",2.79,4.12,2.16,4.07,4.61,4.05,3.26
51-5111.00,Prepress Technicians and Workers,3.72,2.43,3.08,3.64,4.64,4.92,2.45
51-5112.00,Printing Press Operators,3.61,4.04,2.61,3.82,4.7,4.8,2.67
51-5113.00,Print Binding and Finishing Workers,3.6,3.57,2.7,4.19,4.31,3.87,2.68
51-6011.00,Laundry and Dry-Cleaning Workers,3.07,4.12,3.27,4.13,3.93,3.91,3.43
51-6021.00,"Pressers, Textile, Garment, and Related Materials",2.84,4.19,2.55,3.68,4.07,3.94,3.38
51-6031.00,Sewing Machine Operators,2.61,3.03,1.88,4.44,3.98,3.76,2.59
51-6041.00,Shoe and Leather Workers and Repairers,2.39,2.82,2.01,4.29,4.19,4.03,3.04
51-6042.00,Shoe Machine Operators and Tenders,3.75,3.71,1.47,4.85,4.41,3.89,2.57
51-6051.00,"Sewers, Hand",3.13,3.82,2.12,4.3,4.75,3.21,3.12
51-6052.00,"Tailors, Dressmakers, and Custom Sewers",3.17,3.71,2.13,3.58,4.53,4.53,2.74
51-6061.00,Textile Bleaching and Dyeing Machine Operators and Tenders,3.51,4.29,2.7,3.31,4.19,3.82,3.04
51-6062.00,"Textile Cutting Machine Setters, Operators, and Tenders",3.27,4.1,2.56,3.39,4.36,3.88,2.09
51-6063.00,"Textile Knitting and Weaving Machine Setters, Operators, and Tenders",3.48,4.2,1.87,3.5,3.98,4.06,2.68
51-6064.00,"Textile Winding, Twisting, and Drawing Out Machine Setters, Operators, and Tenders",3.36,4.17,2.58,4.11,3.87,3.27,2.42
51-6091.00,"Extruding and Forming Machine Setters, Operators, and Tenders, Synthetic and Glass Fibers",3.31,3.61,3.11,3.01,4.04,3.88,3.1
51-6092.00,Fabric and Apparel Patternmakers,3.24,1.66,2.21,3.64,4.72,4.07,2.13
51-6093.00,Upholsterers,2.21,2.3,1.2,4.14,4.33,3.86,3.71
51-7011.00,Cabinetmakers and Bench Carpenters,2.67,2.31,2.13,3.48,4.11,4.11,3.01
51-7021.00,Furniture Finishers,2.08,2.07,1.36,3.63,4.22,3.82,2.45
51-7031.00,"Model Makers, Wood",3.3,2.78,1.87,2.61,4.24,4.16,2.41
51-7032.00,"Patternmakers, Wood",3.71,3.1,2.19,2.92,4.7,4.14,3.43
51-7041.00,"Sawing Machine Setters, Operators, and Tenders, Wood",2.85,4.21,2.52,3.85,4.6,4.18,2.78
51-7042.00,"Woodworking Machine Setters, Operators, and Tenders, Except Sawing",3.68,3.17,2.13,4.34,4.4,3.96,2.64
51-8011.00,Nuclear Power Reactor Operators,4.09,2.14,3.04,2.44,4.91,4.28,2.5
51-8012.00,Power Distributors and Dispatchers,4.35,2.16,2.78,3.3,4.6,3.94,3.54
51-8013.00,Power Plant Operators,3.56,2.85,2.96,2.96,4.07,3.6,2.7
51-8013.03,Biomass Plant Technicians,4.33,3.59,3.29,2.84,3.96,3.46,2.76
51-8013.04,Hydroelectric Plant Technicians,2.92,2.49,2.16,2.54,3.81,3.23,2.86
51-8021.00,Stationary Engineers and Boiler Operators,3.94,3.11,2.73,2.71,4.25,3.74,3.01
51-8031.00,Water and Wastewater Treatment Plant and System Operators,3.71,2.79,3.04,2.5,4.04,4.0,2.5
51-8091.00,Chemical Plant and System Operators,4.04,4.41,3.64,2.99,4.46,4.11,2.7
51-8092.00,Gas Plant Operators,3.86,3.13,3.24,2.77,4.52,3.6,2.62
51-8093.00,"Petroleum Pump System Operators, Refinery Operators, and Gaugers",3.79,3.48,3.31,2.94,4.05,3.75,2.67
51-8099.01,Biofuels Processing Technicians,3.89,4.3,3.57,2.82,4.39,3.93,2.93
51-9011.00,Chemical Equipment Operators and Tenders,3.86,4.15,2.88,3.06,4.28,4.02,3.08
51-9012.00,"Separating, Filtering, Clarifying, Precipitating, and Still Machine Setters, Operators, and Tenders",2.99,3.33,3.5,2.89,3.66,2.95,2.2
51-9021.00,"Crushing, Grinding, and Polishing Machine Setters, Operators, and Tenders",3.28,4.03,2.67,3.18,3.7,3.72,2.97
51-9022.00,"Grinding and Polishing Workers, Hand",3.57,3.04,2.18,3.86,4.21,4.05,2.07
51-9023.00,"Mixing and Blending Machine Setters, Operators, and Tenders",4.24,4.09,2.53,3.78,4.62,4.68,2.87
51-9031.00,"Cutters and Trimmers, Hand",2.6,2.7,2.22,4.04,4.57,3.75,1.86
51-9032.00,"Cutting and Slicing Machine Setters, Operators, and Tenders",3.84,3.97,2.92,4.07,4.53,3.93,2.62
51-9041.00,"Extruding, Forming, Pressing, and Compacting Machine Setters, Operators, and Tenders",3.66,4.34,3.23,3.32,4.2,3.92,2.64
51-9051.00,"Furnace, Kiln, Oven, Drier, and Kettle Operators and Tenders",3.37,3.55,2.82,3.51,3.99,2.84,2.83
51-9061.00,"Inspectors, Testers, Sorters, Samplers, and Weighers",3.63,3.13,2.15,3.17,4.55,3.72,2.52
51-9071.00,Jewelers and Precious Stone and Metal Workers,3.53,1.3,1.5,3.2,4.78,4.64,3.37
51-9071.06,Gem and Diamond Workers,4.51,1.4,2.57,3.8,4.85,3.7,1.78
51-9081.00,Dental Laboratory Technicians,3.75,2.69,1.97,4.09,4.79,4.81,3.22
51-9082.00,Medical Appliance Technicians,3.21,2.04,1.78,3.51,4.39,4.39,3.34
51-9083.00,Ophthalmic Laboratory Technicians,4.14,3.9,3.18,4.18,4.26,4.58,2.64
51-9111.00,Packaging and Filling Machine Operators and Tenders,3.97,4.6,2.56,4.11,4.41,4.44,3.42
51-9123.00,"Painting, Coating, and Decorating Workers",2.43,2.31,2.19,3.83,3.85,2.86,2.49
51-9124.00,"Coating, Painting, and Spraying Machine Setters, Operators, and Tenders",2.73,3.42,1.82,4.61,3.96,4.23,2.64
51-9141.00,Semiconductor Processing Technicians,3.79,3.49,2.83,3.14,4.25,3.86,3.05
51-9151.00,Photographic Process Workers and Processing Machine Operators,3.25,1.77,3.22,3.22,3.73,4.01,3.3
51-9161.00,Computer Numerically Controlled Tool Operators,4.01,3.94,3.26,3.33,4.79,4.41,2.8
51-9162.00,Computer Numerically Controlled Tool Programmers,3.97,3.81,2.79,2.92,4.43,4.2,3.21
51-9191.00,Adhesive Bonding Machine Operators and Tenders,3.65,4.0,2.84,3.73,3.88,4.11,2.59
51-9192.00,"Cleaning, Washing, and Metal Pickling Equipment Operators and Tenders",3.07,3.61,2.44,3.44,3.2,4.09,2.11
51-9193.00,Cooling and Freezing Equipment Operators and Tenders,3.74,3.87,2.98,2.4,4.09,4.06,3.2
51-9194.00,Etchers and Engravers,3.35,2.69,2.28,3.01,4.43,4.25,2.6
51-9195.00,"Molders, Shapers, and Casters, Except Metal and Plastic",3.49,3.77,2.73,4.28,4.11,4.11,3.1
51-9195.03,"Stone Cutters and Carvers, Manufacturing",3.32,3.43,2.33,4.34,4.38,4.23,3.2
51-9195.04,"Glass Blowers, Molders, Benders, and Finishers",3.01,3.51,2.42,3.8,4.36,3.37,2.49
51-9195.05,"Potters, Manufacturing",3.86,1.09,1.81,3.98,3.83,3.0,2.36
51-9196.00,"Paper Goods Machine Setters, Operators, and Tenders",3.43,4.11,2.36,3.62,4.12,4.27,3.53
51-9197.00,Tire Builders,3.75,3.67,2.09,4.66,3.53,4.15,2.24
51-9198.00,Helpers--Production Workers,3.21,3.87,2.62,4.06,3.88,4.09,2.76
53-1041.00,Aircraft Cargo Handling Supervisors,3.88,2.75,2.56,3.14,4.57,4.69,2.85
53-1042.00,"First-Line Supervisors of Helpers, Laborers, and Material Movers, Hand",3.54,2.72,2.71,2.82,4.59,4.52,3.72
53-1042.01,Recycling Coordinators,3.25,2.09,2.23,2.27,3.82,3.69,2.38
53-1043.00,First-Line Supervisors of Material-Moving Machine and Vehicle Operators,3.62,3.45,2.4,2.35,4.64,3.97,4.22
53-2011.00,"Airline Pilots, Copilots, and Flight Engineers",3.97,3.4,3.58,3.01,4.84,4.54,4.05
53-2012.00,Commercial Pilots,3.67,1.98,2.06,2.68,4.63,3.77,3.06
53-2021.00,Air Traffic Controllers,4.67,2.28,3.58,3.52,4.83,3.41,3.08
53-2022.00,Airfield Operations Specialists,4.45,2.13,2.61,2.87,4.67,4.1,2.84
53-2031.00,Flight Attendants,3.8,2.43,2.3,3.34,4.14,4.46,2.67
53-3011.00,"Ambulance Drivers and Attendants, Except Emergency Medical Technicians",3.86,1.59,2.24,2.98,4.4,3.78,3.05
53-3031.00,Driver/Sales Workers,4.41,2.25,2.13,4.24,4.18,4.92,3.01
53-3032.00,Heavy and Tractor-Trailer Truck Drivers,3.54,2.93,1.79,3.65,3.99,4.24,3.27
53-3033.00,Light Truck Drivers,3.43,2.4,2.67,2.76,4.34,4.19,3.04
53-3051.00,"Bus Drivers, School",2.51,2.62,1.67,3.85,4.11,3.77,1.61
53-3052.00,"Bus Drivers, Transit and Intercity",3.06,2.73,2.27,3.89,3.82,3.84,2.16
53-3053.00,Shuttle Drivers and Chauffeurs,3.26,2.42,1.48,3.33,4.12,4.13,2.31
53-4011.00,Locomotive Engineers,3.61,2.81,1.75,3.92,4.48,4.38,2.58
53-4013.00,"Rail Yard Engineers, Dinkey Operators, and Hostlers",3.27,2.02,1.88,3.85,3.54,3.48,1.8
53-4022.00,"Railroad Brake, Signal, and Switch Operators and Locomotive Firers",3.66,2.73,1.8,3.92,4.05,4.15,2.02
53-4031.00,Railroad Conductors and Yardmasters,3.68,2.87,2.21,3.0,4.06,3.41,2.43
53-4041.00,Subway and Streetcar Operators,4.0,3.73,2.06,4.39,4.42,3.82,2.47
53-5011.00,Sailors and Marine Oilers,3.42,3.03,1.52,3.64,4.32,4.0,2.82
53-5021.00,"Captains, Mates, and Pilots of Water Vessels",3.57,2.82,1.8,3.09,4.09,3.98,3.39
53-5022.00,Motorboat Operators,3.61,2.45,2.19,2.63,4.39,4.13,2.53
53-5031.00,Ship Engineers,3.86,2.55,2.28,2.87,3.62,3.81,2.72
53-6011.00,Bridge and Lock Tenders,3.53,2.26,2.89,2.6,3.95,3.1,2.26
53-6021.00,Parking Attendants,3.17,2.23,2.59,3.79,3.95,2.99,2.34
53-6031.00,Automotive and Watercraft Service Attendants,2.68,2.15,1.68,3.79,4.48,4.6,3.27
53-6041.00,Traffic Technicians,3.82,2.08,2.57,3.13,4.39,4.23,2.61
53-6051.00,Transportation Inspectors,3.43,1.71,2.17,2.1,4.63,3.78,2.85
53-6051.01,Aviation Inspectors,4.35,1.54,2.57,3.17,4.49,4.11,3.63
53-6051.07,"Transportation Vehicle, Equipment and Systems Inspectors, Except Aviation",3.27,2.93,1.77,3.08,4.33,4.24,3.52
53-6061.00,Passenger Attendants,2.42,1.37,2.06,2.72,3.42,2.92,2.21
53-7011.00,Conveyor Operators and Tenders,3.0,4.58,2.62,2.97,4.42,4.05,3.43
53-7021.00,Crane and Tower Operators,2.96,3.77,2.13,3.61,4.54,3.8,2.16
53-7031.00,Dredge Operators,2.41,2.35,3.0,3.8,3.09,3.01,2.51
53-7041.00,Hoist and Winch Operators,3.37,4.32,2.58,4.56,4.79,4.75,2.92
53-7051.00,Industrial Truck and Tractor Operators,2.97,3.64,1.98,4.2,4.65,4.49,3.59
53-7061.00,Cleaners of Vehicles and Equipment,3.12,1.95,1.65,4.43,3.82,4.2,2.61
53-7062.00,"Laborers and Freight, Stock, and Material Movers, Hand",4.06,3.29,2.05,3.91,4.31,3.74,2.99
53-7062.04,Recycling and Reclamation Workers,2.63,3.12,2.07,4.02,3.12,3.5,2.77
53-7063.00,Machine Feeders and Offbearers,3.18,4.11,2.89,3.68,3.99,3.71,2.72
53-7064.00,"Packers and Packagers, Hand",3.87,3.04,2.12,3.88,4.32,4.22,2.97
53-7065.00,Stockers and Order Fillers,3.68,1.47,1.98,3.46,3.96,3.44,2.33
53-7071.00,Gas Compressor and Gas Pumping Station Operators,3.74,3.61,2.77,2.49,4.17,3.76,3.11
53-7072.00,"Pump Operators, Except Wellhead Pumpers",4.0,2.64,2.11,3.7,3.84,3.31,2.78
53-7073.00,Wellhead Pumpers,3.55,2.35,2.0,2.71,3.74,3.52,3.2
53-7081.00,Refuse and Recyclable Material Collectors,3.41,2.78,2.33,4.32,2.96,3.74,2.65
53-7121.00,"Tank Car, Truck, and Ship Loaders",4.45,3.56,1.87,3.8,4.46,4.47,2.97
