O*NET-SOC Code,Title,_key,structured_codifiable_work,cognitive_complexity,physical_embodiment,social_emotional_intelligence,creativity_innovation,decision_impact_accountability,automation_potential,overall_score,rationale,scored_at
11-1011.00,Chief Executives,11-1011.00||Chief Executives,2.2,4.6,1.3,4.7,3.8,5,Low,2.3,"Chief executives operate in highly ambiguous, dynamic environments where goals, constraints, and success metrics shift, limiting how fully the work can be codified. While AI can strongly augment analysis (forecasting, scenario modeling, KPI monitoring, drafting communications, competitive intelligence), the role requires high-level judgment under uncertainty, integration of incomplete information, and prioritization across conflicting stakeholder interests. Social trust-building with boards, investors, regulators, employees, and partners—often involving negotiation and persuasion—is central and difficult to automate. Accountability and stakes are extremely high (legal, financial, reputational), making organizations reluctant to delegate final decisions to automated systems. Overall, AI is best suited as a decision-support and execution-acceleration layer, with humans retaining ultimate leadership, governance, and responsibility.",2026-02-24T07:16:07.691685
11-1011.03,Chief Sustainability Officers,11-1011.03||Chief Sustainability Officers,3.2,4.2,1.2,4.4,3.6,4.6,Medium,2.8,"The role includes some structured, codifiable components (e.g., ESG reporting support, data collection, benchmarking, policy drafting, and monitoring KPIs) that AI can automate or strongly augment. However, it requires high contextual judgment to balance financial, regulatory, reputational, and operational tradeoffs across the enterprise, often under uncertainty and changing standards. A large portion of the work depends on stakeholder influence, negotiation, and trust-building with executives, employees, investors, and external partners, which is difficult to automate end-to-end. Decision impact is high because sustainability commitments and disclosures carry legal, regulatory, and reputational accountability, increasing the need for human oversight. Overall, AI is best suited for analytics, scenario modeling, drafting communications, and compliance workflow support, while humans remain critical for strategy ownership, governance, and stakeholder alignment.",2026-02-24T07:16:13.418936
11-1021.00,General and Operations Managers,11-1021.00||General and Operations Managers,2.6,4.4,1.4,4.2,3.3,4.6,Medium,2.9,"General and Operations Managers do a mix of structured work (budgeting, reporting, KPI tracking, scheduling) and highly context-dependent work (strategy, tradeoffs across departments, handling exceptions), making only part of the role readily codifiable. The job demands substantial judgment under uncertainty, integrating financial, operational, legal, and market signals, which raises cognitive complexity and limits full automation. Success also depends heavily on leadership, persuasion, conflict resolution, and trust-building across stakeholders, which current AI can support but not reliably replace. Many analytical and administrative components (dashboards, forecasting, drafting policies/communications, process mining, scenario modeling) are highly augmentable, while accountability for high-stakes decisions, people management, and organizational change remains human-critical. Overall, AI is likely to automate/streamline significant portions of information processing and coordination, but end-to-end replacement is unlikely in the near term.",2026-02-24T07:16:19.488569
11-1031.00,Legislators,11-1031.00||Legislators,2.2,4.4,1.6,4.8,3.6,5,Low,2.4,"Legislative work includes some codifiable components (drafting language, summarizing bills, researching precedents, analyzing budgets and impacts) that AI can strongly augment, but the core role is not rule-based or standardized. It requires high contextual judgment about values, tradeoffs, and political feasibility, plus coalition-building, negotiation, persuasion, and trust with constituents and other officials. Physical embodiment is limited, but real-world presence for hearings, constituent meetings, and political events still matters. Stakes and accountability are extremely high because decisions shape law and public outcomes, and elected officials bear democratic legitimacy and responsibility that cannot be delegated to automation. Overall, AI can automate/accelerate analysis and drafting, but cannot replace the elected decision-making, representation, and relationship-driven governance functions.",2026-02-24T07:16:26.516279
11-2011.00,Advertising and Promotions Managers,11-2011.00||Advertising and Promotions Managers,3.2,4.0,1.2,4.1,4.2,4.0,Medium,3.1,"Advertising and Promotions Managers do a mix of structured work (budgets, timelines, channel planning, reporting) and less-codifiable work (brand positioning, campaign strategy, creative judgment). Many executional components—market/consumer research synthesis, copy and asset drafting, A/B test design, media plan optimization, and performance analytics—are highly augmentable by AI. However, the role relies heavily on stakeholder management, persuasion, cross-functional coordination, and nuanced brand stewardship, which are harder to automate end-to-end. Decisions often carry meaningful financial and reputational risk, increasing the need for human accountability and governance. Overall, AI can automate/accelerate large portions of planning and production, but humans remain critical for final strategy, approvals, and relationship-driven leadership.",2026-02-24T07:16:31.585148
11-2021.00,Marketing Managers,11-2021.00||Marketing Managers,3.4,4.1,1.2,3.8,3.6,4.2,Medium,3.4,"Marketing management includes many codifiable components (market research, segmentation, campaign measurement, pricing analytics) that AI can automate or strongly augment, especially in data-heavy environments. However, the role also requires high contextual judgment to align marketing strategy with brand positioning, competitive dynamics, and organizational constraints, which raises cognitive complexity. Significant social influence is needed to coordinate across product, sales, finance, and leadership, negotiate tradeoffs, and build trust around strategic choices. Creativity is important for positioning and messaging, but AI can assist with ideation and testing while humans typically own final brand judgment. Decisions often carry material revenue, reputational, and compliance risk (e.g., pricing, claims, targeting), limiting full automation and keeping humans accountable for final calls.",2026-02-24T07:16:36.725204
11-2022.00,Sales Managers,11-2022.00||Sales Managers,3.6,3.7,1.3,4.2,3.2,4.0,Medium,3.4,"Sales management includes many codifiable components (territory design, quota setting, pipeline reporting, forecasting, CRM hygiene) that are increasingly automatable with analytics and AI copilots. However, the role also relies heavily on relationship-building, coaching, negotiation strategy, and motivating teams—areas where trust, context, and emotional nuance still favor humans. Cognitive demands are moderate-to-high due to market dynamics, competitive positioning, and exception handling, but much of the analysis and reporting can be automated. Stakes are often significant (revenue targets, pricing/discount decisions, compliance), which tends to keep humans accountable for final calls even when AI provides recommendations. Overall, AI is likely to augment and partially automate planning/analysis and enablement content, while human managers remain critical for leadership, key-account interactions, and high-impact judgment.",2026-02-24T07:16:42.161397
11-2032.00,Public Relations Managers,11-2032.00||Public Relations Managers,3.2,4.1,1.2,4.4,3.8,4.3,Medium,3.2,"Public Relations Managers do substantial work that is digital and partially codifiable (media monitoring, drafting releases, reporting metrics), which AI can automate or strongly augment. However, the role requires high contextual judgment about reputational risk, timing, stakeholder dynamics, and organizational strategy, especially during crises. Relationship-building with journalists, executives, and community stakeholders, plus persuasion and trust, remains difficult to automate end-to-end. Creativity is important for messaging and campaign concepts, but AI can assist with ideation and content variants while humans set narrative direction and brand voice. Because errors can create significant reputational and legal/regulatory consequences, human accountability and final decision-making are typically required.",2026-02-24T07:16:46.798728
11-2033.00,Fundraising Managers,11-2033.00||Fundraising Managers,3.4,3.8,1.3,4.4,3.6,4.1,Medium,3.2,"Fundraising management includes many codifiable components (donor segmentation, campaign planning, CRM workflows, reporting, A/B testing, grant/proposal drafting) that AI can automate or strongly augment. However, the role relies heavily on relationship-building, trust, persuasion, and nuanced stakeholder management with major donors, boards, and community partners, which is harder to automate. Strategic judgment is needed to align messaging with mission, manage reputational risk, and adapt to shifting donor motivations and external events. High-stakes accountability (compliance, ethics, brand risk, and financial targets) limits full automation and keeps humans in the loop for final decisions. Overall, AI is likely to automate back-office analytics and content production while augmenting, not replacing, the human-facing cultivation and leadership aspects.",2026-02-24T07:16:52.633539
11-3012.00,Administrative Services Managers,11-3012.00||Administrative Services Managers,3.8,3.6,1.6,3.4,2.6,3.7,Medium,3.6,"Administrative Services Managers oversee a mix of standardized back-office processes (records, mail, facilities/office services) and variable coordination work, making many components amenable to workflow automation and AI-assisted monitoring. Planning, budgeting, vendor management, compliance, and policy implementation require contextual judgment and cross-functional tradeoffs, which limits full automation. The role often involves stakeholder management, negotiation, and handling employee issues, where trust and organizational nuance remain human-critical. Physical presence is sometimes needed for facilities/mailroom oversight, but much of the work is digital and can be centralized. AI can strongly augment reporting, scheduling, ticket triage, document/records classification, procurement comparisons, and compliance checklists, while final accountability for operational decisions and risk typically stays with humans.",2026-02-24T07:16:58.521605
11-3013.00,Facilities Managers,11-3013.00||Facilities Managers,3.2,3.8,2.6,3.4,2.7,4.2,Medium,3.3,"Facilities management includes many structured, codifiable components (preventive maintenance scheduling, work orders, vendor tracking, compliance documentation, budgeting) that are well-suited to software and AI-driven optimization. However, the role also requires contextual judgment across competing constraints (safety, uptime, cost, occupant needs) and handling novel incidents (equipment failures, emergencies), which raises cognitive complexity and limits full automation. Physical presence is often needed for inspections, coordinating on-site work, and verifying conditions, though some of this can be reduced via sensors, cameras, and contractor reporting. Significant interpersonal work—negotiating with vendors, coordinating internal stakeholders, and managing occupant expectations—remains human-critical. High accountability for safety, regulatory compliance, and operational continuity means AI is more likely to augment planning, monitoring, and documentation than replace decision ownership.",2026-02-24T07:17:05.910350
11-3013.01,Security Managers,11-3013.01||Security Managers,3.2,4.0,2.8,3.8,2.7,4.4,Medium,3.1,"Security Managers perform a mix of standardized work (policy enforcement, incident reporting, compliance checklists) and context-heavy judgment (risk assessment, threat response planning), making automation feasible for parts but not end-to-end. Many analytical components—monitoring dashboards, log review, anomaly detection, drafting policies, scheduling, and documentation—are highly augmentable by AI. However, the role often requires on-site coordination with facilities and staff, managing vendors/guards, and responding to evolving incidents where situational awareness and accountability are critical. Significant interpersonal work (training, persuasion, de-escalation, and trust-building with leadership and employees) remains human-centric. High stakes and liability in safety/security decisions limit full automation, favoring decision support rather than autonomous control.",2026-02-24T07:17:11.120412
11-3021.00,Computer and Information Systems Managers,11-3021.00||Computer and Information Systems Managers,3.2,4.2,1.2,4.1,3.3,4.4,Medium,3.1,"Computer and Information Systems Managers do a mix of structured work (budgeting, reporting, project tracking, compliance) and less-codifiable leadership work (prioritization, stakeholder alignment, risk tradeoffs). Many planning and coordination tasks can be heavily augmented by AI—e.g., generating status reports, analyzing logs/metrics, drafting policies, forecasting capacity, and supporting project management and vendor comparisons. However, the role requires substantial contextual judgment and accountability for high-impact decisions (security, outages, major spend, regulatory exposure), which limits full automation. Social influence, negotiation, and trust-building across executives, teams, and vendors remain human-critical, especially during incidents and organizational change. Overall, AI is likely to automate/streamline significant portions of analysis and documentation, while humans retain responsibility for strategy, people leadership, and final decision-making.",2026-02-24T07:17:17.526729
11-3031.00,Financial Managers,11-3031.00||Financial Managers,3.6,4.2,1.2,3.4,3.0,4.6,Medium,3.4,"Financial managers work is partly standardized (budgeting, reporting, forecasting, compliance) and therefore amenable to automation via analytics, anomaly detection, and automated reporting. However, the role also requires high contextual judgment in capital allocation, risk tradeoffs, and interpreting ambiguous market/business signals, which raises cognitive complexity and limits full automation. Much of the work is digital with low physical requirements, but it involves stakeholder management, persuasion, and trust-building with executives, auditors, and regulators. Decision stakes are high (material financial impact, regulatory exposure), so accountability and governance needs keep humans in the loop even when AI produces recommendations. The most automatable components are routine financial analysis, variance explanations, dashboarding, and first-draft policies; the most human-critical are strategic decisions, ethical/regulatory judgment, and leadership/coordination across teams.",2026-02-24T07:17:23.249595
11-3031.01,Treasurers and Controllers,11-3031.01||Treasurers and Controllers,3.6,4.2,1.1,3.4,2.6,4.7,Medium,3.2,"Treasurers and controllers do substantial structured work (reporting, forecasting, cash management routines, controls) that can be automated with modern ERP, analytics, and AI-assisted reconciliation and anomaly detection. However, the role also requires high contextual judgment around liquidity, capital structure, risk management, and interpreting ambiguous signals from markets and the business, which limits full automation. Social influence is material: coordinating with executives, auditors, banks, and regulators involves negotiation, trust, and explaining tradeoffs. Physical requirements are minimal, making digital augmentation easy, but accountability and stakes are high (compliance, solvency, fraud risk), keeping humans in the loop for approvals and governance. Overall, many workflows can be automated/augmented, while final decisions, policy setting, and stakeholder management remain human-critical.",2026-02-24T07:17:28.294666
11-3031.03,Investment Fund Managers,11-3031.03||Investment Fund Managers,3.2,4.4,1.1,4.0,3.6,4.8,Medium,3.1,"Investment fund management includes many codifiable components (data gathering, screening, portfolio optimization, risk analytics, reporting, compliance checks) that are highly amenable to AI automation/augmentation. However, the role also requires high-level judgment under uncertainty, regime shifts, and incomplete information, keeping cognitive complexity high and limiting full automation. Relationship management with clients/investment committees, persuasion, and trust-building are central in many settings and remain difficult to automate reliably. The work is largely digital (low physical embodiment), but decision stakes are very high due to fiduciary duty, regulatory scrutiny, and large financial consequences, which increases the need for human accountability and oversight. Overall, AI can automate substantial analysis and operational workflow, while humans remain critical for final risk-taking decisions, governance, and stakeholder management.",2026-02-24T07:17:33.702447
11-3051.00,Industrial Production Managers,11-3051.00||Industrial Production Managers,3.6,3.8,2.4,3.4,2.6,4.2,Medium,3.4,"Industrial Production Managers perform many structured, data-driven activities (scheduling, KPI tracking, inventory/resource planning, quality and cost monitoring) that are increasingly codifiable and amenable to AI/optimization tools. However, the role also requires contextual judgment under uncertainty (equipment failures, supply disruptions, shifting priorities) and coordination across functions, which limits full automation. Physical presence is sometimes needed for floor oversight, safety, and rapid response, though much work is digital and can be augmented by sensors/MES/ERP systems. Social and leadership demands (supervising teams, resolving conflicts, negotiating tradeoffs with engineering/quality/maintenance) remain human-critical. High accountability for safety, compliance, and production outcomes raises the bar for autonomous decision-making, making augmentation more likely than end-to-end automation.",2026-02-24T07:17:39.408001
11-3051.01,Quality Control Systems Managers,11-3051.01||Quality Control Systems Managers,3.8,3.6,1.6,3.2,2.6,4.2,Medium,3.4,"Quality Control Systems Managers work includes many standardized, measurable elements (SPC metrics, audits, CAPA workflows, documentation), which are well-suited to automation and AI-assisted monitoring and reporting. However, the role also requires contextual judgment to interpret ambiguous signals, balance cost/risk tradeoffs, and tailor quality systems to specific processes, suppliers, and regulatory environments. Physical presence is sometimes needed for plant/lab walk-throughs and investigations, but much of the coordination and analysis is digital and can be augmented by AI. Social skills matter for influencing production, negotiating corrective actions, and leading cross-functional quality culture initiatives. High accountability and compliance stakes limit full automation; AI can draft policies, detect anomalies, and recommend actions, while humans remain critical for final decisions, sign-off, and handling novel or high-risk incidents.",2026-02-24T07:17:44.459255
11-3051.02,Geothermal Production Managers,11-3051.02||Geothermal Production Managers,3.8,3.6,3.2,2.6,2.4,4.4,Medium,3.3,"Geothermal production management includes many standardized, measurable activities (monitoring KPIs, compliance checks, maintenance scheduling, alarm response), which are amenable to automation via SCADA analytics, predictive maintenance, and workflow tools. However, the role also requires contextual technical judgment during abnormal conditions, tradeoffs between output, equipment health, and safety, and coordination across operations and maintenance teams. Physical presence is often needed for inspections, troubleshooting, and overseeing field work, limiting full automation even if digital monitoring is highly augmentable. Decision impact is high due to safety, environmental compliance, and grid reliability, so human accountability and sign-off remain critical. AI can automate data analysis, anomaly detection, reporting, and parts of planning, while humans remain essential for incident command, safety culture, regulatory responsibility, and complex operational decisions.",2026-02-24T07:17:50.387731
11-3051.03,Biofuels Production Managers,11-3051.03||Biofuels Production Managers,3.6,3.8,3.2,3.0,2.8,4.2,Medium,3.4,"Biofuels production management includes many structured, measurable activities (tracking yields, downtime, quality metrics, maintenance schedules) that are amenable to automation via MES/SCADA analytics, anomaly detection, and automated reporting. However, diagnosing process upsets and designing corrective actions often requires contextual engineering judgment, integrating sensor data with tacit knowledge about equipment condition, feedstock variability, and safety constraints. The role also involves on-site oversight and coordination with operators, maintenance, and EHS, which limits full automation due to physical presence and human leadership needs. Decision stakes are relatively high (safety, environmental compliance, product quality, throughput), so organizations will keep humans accountable even if AI provides recommendations. Overall, AI can strongly augment monitoring, optimization suggestions, documentation, and scheduling, while humans remain critical for safety-critical decisions, incident response, and cross-team management.",2026-02-24T07:17:56.432486
11-3051.04,Biomass Power Plant Managers,11-3051.04||Biomass Power Plant Managers,3.6,3.8,2.7,3.2,2.4,4.4,Medium,3.2,"Biomass power plant management includes many standardized, measurable activities (scheduling, compliance reporting, maintenance planning, KPI tracking) that are amenable to software and AI-driven optimization, raising codifiability. However, the role requires contextual operational judgment under variable conditions (fuel quality variability, equipment degradation, outages), which limits full automation. Physical presence is often needed for walkdowns, safety oversight, and coordination during maintenance or incidents, though remote monitoring can reduce this. Significant human involvement remains critical for leadership, safety culture, labor supervision, and regulatory/accountability decisions where errors can have high safety, environmental, and financial consequences. Overall, AI can strongly augment monitoring, forecasting, documentation, and decision support, but end-to-end autonomous management is constrained by safety-critical accountability and on-site realities.",2026-02-24T07:18:01.758094
11-3051.06,Hydroelectric Production Managers,11-3051.06||Hydroelectric Production Managers,3.6,4.0,2.8,3.0,2.4,4.6,Medium,3.2,"Hydroelectric production management includes many structured, measurable activities (monitoring SCADA data, compliance checks, maintenance scheduling) that are amenable to automation and AI-driven decision support. However, the role also requires high contextual judgment for abnormal conditions, outage planning, safety tradeoffs, and coordination with grid operators and regulators, which raises cognitive complexity and limits full automation. Physical presence is sometimes required for inspections, lockout/tagout oversight, and incident response, though much routine monitoring can be remote. The stakes are high (public safety, environmental compliance, grid reliability), so accountability and risk management keep humans in the loop even if AI handles forecasting, anomaly detection, and optimization recommendations.",2026-02-24T07:18:06.592775
11-3061.00,Purchasing Managers,11-3061.00||Purchasing Managers,3.6,3.7,1.2,3.8,2.8,4.2,Medium,3.4,"Purchasing managers work includes many structured, data-driven activities (spend analysis, supplier comparisons, PO/workflow approvals, compliance checks) that are increasingly automatable with AI-enabled procurement suites. However, the role also requires contextual judgment around risk, total cost of ownership, and tradeoffs under changing market conditions, which limits full automation. Negotiation, relationship management, and internal stakeholder alignment demand social intelligence and trust-building that AI can support (drafting, scenario modeling) but not fully replace. Decision impact is often high due to budget responsibility, supply continuity, and regulatory/contractual exposure, keeping humans accountable for final approvals. Overall, AI is well-suited to augment sourcing analytics, contract review, forecasting, and routine approvals, while humans remain critical for strategy, escalations, and high-stakes supplier decisions.",2026-02-24T07:18:12.200648
11-3071.00,"Transportation, Storage, and Distribution Managers","11-3071.00||Transportation, Storage, and Distribution Managers",3.8,3.6,1.6,3.2,2.6,4.2,Medium,3.6,"Many core activities (routing, scheduling, inventory/warehouse optimization, carrier selection, compliance checks, KPI reporting) are structured and increasingly supported by optimization software and AI, making substantial portions automatable. However, the role requires contextual judgment under uncertainty (disruptions, capacity shocks, labor constraints) and cross-functional tradeoffs that are harder to fully codify. Human involvement remains important for vendor/customer negotiation, escalation handling, and leading teams through change, which depend on trust and organizational dynamics. Physical presence is not central, but on-site oversight and incident response can matter in some settings. High regulatory and safety/compliance stakes limit full automation and keep accountability with managers even when AI provides recommendations.",2026-02-24T07:18:17.728661
11-3071.04,Supply Chain Managers,11-3071.04||Supply Chain Managers,3.8,4.1,1.4,3.4,3.2,4.3,Medium,3.4,"Supply Chain Managers work with many structured processes (planning, purchasing, inventory, warehousing, distribution) that are increasingly data-driven and therefore amenable to optimization, forecasting, and workflow automation. However, the role also requires high contextual judgment under uncertainty (supplier disruptions, demand shocks, tradeoffs across cost/service/risk) and cross-functional decision-making that is harder to fully automate. Physical embodiment is low because most work is digital/coordination-based, though it interfaces with physical operations. Social skills matter for negotiating with suppliers, aligning stakeholders, and managing teams, and accountability is high due to financial, safety, and service-level impacts. AI can strongly automate analytics, forecasting, exception detection, and routine planning, while humans remain critical for strategic tradeoffs, relationship management, and high-stakes decisions during disruptions.",2026-02-24T07:18:22.722987
11-3111.00,Compensation and Benefits Managers,11-3111.00||Compensation and Benefits Managers,3.8,3.6,1.1,3.4,2.6,4.2,Medium,3.4,"Compensation and Benefits Managers work includes many structured, data-driven activities (market pricing, pay band administration, benefits enrollment oversight, compliance reporting) that are increasingly automatable with HRIS platforms and AI analytics. However, the role also requires contextual judgment on pay philosophy, internal equity tradeoffs, and aligning programs to business strategy, which raises cognitive complexity and limits full automation. Significant stakeholder management is typical (executives, managers, employees, unions/works councils), requiring negotiation, trust-building, and careful communication around sensitive topics. Decision impact is high due to legal/regulatory exposure (e.g., pay equity, ERISA/ACA where applicable), budget implications, and reputational risk, so humans remain accountable for final approvals. AI can strongly augment modeling, benchmarking, drafting policies/communications, and anomaly detection, while human-critical work centers on governance, ethical judgment, and high-stakes decisions.",2026-02-24T07:18:29.607866
11-3121.00,Human Resources Managers,11-3121.00||Human Resources Managers,3.2,3.8,1.2,4.4,3.0,4.2,Medium,3.1,"HR Managers perform a mix of standardized, data-driven work (policy administration, compliance tracking, reporting, recruiting workflows) and high-judgment people leadership (conflict resolution, performance management, culture, sensitive investigations). Many administrative and analytical components are increasingly automatable via HRIS platforms and AI (screening support, document generation, benefits Q&A, onboarding, workforce analytics), raising automation feasibility for routine tasks. However, the role relies heavily on trust-building, negotiation, coaching, and handling emotionally charged situations where nuance, credibility, and organizational context matter. Decision stakes are often high (legal/regulatory exposure, terminations, discrimination/harassment claims), which limits full automation and keeps humans accountable for final judgments. Overall, AI is likely to augment HR Managers substantially, but not replace the core interpersonal and accountability-heavy responsibilities.",2026-02-24T07:18:35.651392
11-3131.00,Training and Development Managers,11-3131.00||Training and Development Managers,3.2,3.8,1.3,4.1,3.4,3.9,Medium,3.3,"Training and Development Managers do a mix of structured work (needs assessments, scheduling, compliance training, tracking completion) and less-codifiable work (aligning programs to strategy and culture). Many components are highly automatable/augmentable: content drafting, curriculum mapping, LMS administration, analytics on skill gaps, personalized learning paths, and generating evaluation reports. However, the role relies heavily on stakeholder management, persuasion, coaching leaders, and building trust with employees—areas where human social judgment remains critical. Decisions can be moderately high-stakes (compliance, safety, workforce capability, budget allocation), increasing the need for human accountability and oversight. Overall, AI can substantially increase throughput and quality, but full automation is limited by organizational politics, change management, and responsibility for outcomes.",2026-02-24T07:18:40.654680
11-9013.00,"Farmers, Ranchers, and Other Agricultural Managers","11-9013.00||Farmers, Ranchers, and Other Agricultural Managers",3.2,4.1,3.8,3.4,3.3,4.4,Medium,3.1,"Many planning, recordkeeping, compliance, inventory, and scheduling tasks in agricultural management are structured enough to be automated or strongly AI-augmented (e.g., forecasting, budgeting, input optimization, documentation). However, the role requires substantial contextual judgment under uncertainty (weather, pests, market volatility), making full automation difficult and keeping cognitive complexity high. Physical embodiment remains significant because outcomes depend on real-world operations, equipment, and field conditions, even if sensors, drones, and robotics can reduce hands-on labor. Managing crews, contractors, and buyer/supplier relationships requires trust, negotiation, and local knowledge that AI can support but not fully replace. Decisions are high-stakes (financial risk, safety, animal welfare, regulatory liability), so humans typically retain accountability even when AI provides recommendations.",2026-02-24T07:18:45.994455
11-9021.00,Construction Managers,11-9021.00||Construction Managers,3.4,4.0,3.2,4.3,2.8,4.6,Medium,3.1,"Construction management includes many structured components (scheduling, budgeting, procurement tracking, compliance documentation) that are increasingly automatable with AI-enabled project controls and analytics. However, the role also requires high contextual judgment to resolve tradeoffs among cost, schedule, quality, safety, and changing site conditions, which limits full automation. Significant on-site presence and coordination are often needed to verify progress, manage subcontractors, and respond to physical constraints and safety issues. Social and emotional skills are central for negotiation, conflict resolution, and maintaining trust across owners, designers, inspectors, and trades. Because decisions are high-stakes (safety, contractual liability, regulatory compliance), AI is best positioned as decision support and automation of administrative/analytical tasks rather than end-to-end replacement.",2026-02-24T07:18:51.425228
11-9031.00,"Education and Childcare Administrators, Preschool and Daycare","11-9031.00||Education and Childcare Administrators, Preschool and Daycare",3.4,3.6,2.2,4.4,2.8,4.3,Medium,3.1,"This role mixes codifiable administrative processes (enrollment, scheduling, compliance documentation, billing, reporting) with high-trust human work (staff leadership, parent relationships, child-safety culture). Many back-office tasks are amenable to automation/augmentation via AI systems for drafting communications, generating schedules, tracking ratios, monitoring budgets, and preparing licensing/audit materials. However, day-to-day leadership requires nuanced social judgment, conflict resolution, and credibility with families and staff, which is harder to automate. Accountability is high due to child safety, regulatory compliance, and reputational risk, limiting full automation and favoring human oversight for final decisions. Physical presence is sometimes needed for facility walkthroughs, incident response, and observing classrooms, though some monitoring can be supported digitally.",2026-02-24T07:18:56.853220
11-9032.00,"Education Administrators, Kindergarten through Secondary","11-9032.00||Education Administrators, Kindergarten through Secondary",3.2,4.2,2.4,4.6,3.4,4.7,Medium,2.9,"K–12 education administrators perform a mix of standardized administrative work (scheduling, reporting, compliance documentation, budgeting support) and highly context-dependent leadership. Many back-office components are codifiable and can be automated or strongly augmented by AI (drafting communications, analyzing attendance/achievement data, generating schedules, policy/document templates, procurement comparisons). However, the role relies heavily on trust-building, conflict resolution, staff coaching, parent/community engagement, and nuanced judgment in student discipline and equity-sensitive decisions, which are difficult to automate reliably. Physical presence is often required for supervision, safety incidents, and on-site coordination, though not highly manual. Because decisions carry significant legal, ethical, and reputational stakes (student welfare, compliance, personnel actions), AI is more suitable as decision support than as an autonomous decision-maker.",2026-02-24T07:19:02.381910
11-9033.00,"Education Administrators, Postsecondary","11-9033.00||Education Administrators, Postsecondary",3.2,4.1,1.4,4.2,3.3,4.4,Medium,3.0,"Postsecondary education administrators do a mix of standardized administrative work (scheduling, reporting, compliance documentation, policy implementation) and high-context leadership (strategy, resource allocation, academic governance). Many back-office components are codifiable and can be automated or strongly augmented by AI (analytics dashboards, drafting communications/policies, workflow routing, enrollment and retention modeling). However, the role relies heavily on relationship management, negotiation, and trust-building with faculty, students, unions, boards, and external stakeholders, which is harder to automate. Decision-making is often high-stakes and accountable (accreditation, Title IX/FERPA compliance, budget and staffing, student outcomes), requiring human judgment, oversight, and sign-off. Overall, AI can substantially augment efficiency and decision support, but full automation is constrained by governance, accountability, and social complexity.",2026-02-24T07:19:07.988110
11-9039.00,"Education Administrators, All Other","11-9039.00||Education Administrators, All Other",3.1,4.0,1.4,4.3,3.2,4.4,Medium,3.0,"This catch-all category typically includes administrative leadership, policy implementation, compliance, budgeting, scheduling, reporting, and stakeholder coordination—many of which have standardized components that software and AI can automate or strongly augment. However, the role often requires high contextual judgment across competing constraints (students, staff, regulations, community expectations) and navigating ambiguous situations, which limits full automation. Social trust-building, conflict resolution, and sensitive personnel/student matters are central and remain human-critical. Decision stakes are often high (safety, equity, legal compliance, funding, reputational risk), increasing the need for accountable human oversight. AI is best suited for analytics, drafting communications/policies, workflow optimization, and compliance monitoring, while humans retain final judgment, relationship management, and high-stakes decisions.",2026-02-24T07:19:14.647218
11-9041.00,Architectural and Engineering Managers,11-9041.00||Architectural and Engineering Managers,3.2,4.4,1.2,4.3,3.6,4.6,Medium,3.0,"Architectural and Engineering Managers do a mix of standardized management work (budgets, schedules, reporting, compliance) and high-context leadership (technical tradeoffs, risk management, stakeholder alignment). Many planning, documentation, status tracking, resource forecasting, and routine communications can be strongly augmented or partially automated by AI tools. However, the role requires deep domain judgment to evaluate designs, manage uncertainty, and make cross-functional decisions under constraints, which is harder to fully automate. It also depends heavily on trust-building, negotiation, coaching, and accountability for safety, quality, and regulatory outcomes. As a result, AI is likely to automate/accelerate substantial administrative and analytical portions, while humans remain critical for final decisions, people leadership, and high-stakes sign-off.",2026-02-24T07:19:19.795590
11-9041.01,Biofuels/Biodiesel Technology and Product Development Managers,11-9041.01||Biofuels/Biodiesel Technology and Product Development Managers,3.2,4.4,2.2,3.6,4.1,4.3,Medium,3.3,"This role mixes structured program management (planning, budgeting, milestone tracking, documentation) with complex technical judgment about feedstocks, process technologies, scale-up risks, and commercial viability. AI can strongly augment literature review, patent/market scanning, experimental design suggestions, data analysis/modeling, reporting, and portfolio prioritization under defined criteria. However, high cognitive complexity remains in integrating uncertain lab/pilot results with real-world constraints (supply chains, regulatory pathways, plant operability) and making tradeoffs under ambiguity. Physical embodiment is moderate because work often depends on lab/pilot plant operations and safety/compliance oversight, which are harder to automate end-to-end. Human-critical elements include cross-functional leadership, stakeholder negotiation, accountability for high-stakes technical and investment decisions, and setting innovation direction.",2026-02-24T07:19:25.044862
11-9051.00,Food Service Managers,11-9051.00||Food Service Managers,3.6,3.4,2.2,3.8,2.6,3.9,Medium,3.3,"Food service management includes many structured, measurable activities (scheduling, inventory, ordering, compliance checklists, sales reporting) that are well-suited to software and AI optimization. However, the role also requires ongoing human judgment in handling staffing issues, customer complaints, and real-time operational disruptions, which raises social/emotional demands and contextual decision-making. Physical presence is often needed for floor oversight, quality control, and safety/hygiene enforcement, though not highly manual compared to kitchen roles. Creativity is moderate (menu/input to promotions and service improvements) but typically constrained by brand standards and cost targets. Accountability is meaningful due to food safety, labor compliance, and financial performance, making full automation unlikely; AI is best as decision support and workflow automation rather than a replacement.",2026-02-24T07:19:31.410703
11-9071.00,Gambling Managers,11-9071.00||Gambling Managers,3.6,3.4,2.2,3.3,2.4,4.4,Medium,3.2,"Gambling managers oversee casino operations with many standardized, measurable components (scheduling, table limits, compliance checks, reporting) that are amenable to automation via analytics and workflow systems. However, the role also requires contextual judgment around risk, fraud/cheating signals, customer disputes, and real-time operational tradeoffs, which reduces full automation. Physical presence is often needed to supervise floor operations and respond to incidents, though many monitoring tasks can be done digitally through surveillance and dashboards. Social skills matter for handling VIP relationships, staff management, and conflict resolution, which are harder to automate reliably. High regulatory and financial stakes (gaming compliance, anti-money-laundering, responsible gambling) increase accountability and favor human oversight even when AI assists with detection and decision support.",2026-02-24T07:19:39.453042
11-9072.00,"Entertainment and Recreation Managers, Except Gambling","11-9072.00||Entertainment and Recreation Managers, Except Gambling",3.2,3.8,2.6,4.2,3.6,3.9,Medium,3.1,"This role mixes schedulable, measurable work (staffing plans, budgets, ticketing/attendance reporting, compliance checklists) with high-variance operational judgment and guest-facing leadership. AI can strongly automate/augment forecasting demand, optimizing schedules, drafting run-of-show plans, vendor comparisons, marketing content, incident documentation, and KPI dashboards. However, real-time coordination during events, handling guest complaints, motivating staff, negotiating with performers/vendors, and maintaining brand experience rely heavily on human trust, presence, and situational awareness. Physical presence is often required at venues to supervise operations and respond to safety or service issues, limiting full automation. Because decisions affect safety, reputation, and revenue, accountability remains with human managers even when AI provides recommendations.",2026-02-24T07:19:44.920482
11-9081.00,Lodging Managers,11-9081.00||Lodging Managers,3.4,3.6,2.6,4.2,2.7,4.0,Medium,3.2,"Lodging management includes many standardized, measurable processes (reservations, pricing rules, staffing schedules, inventory, reporting) that are well-suited to software and AI-driven optimization, raising automatable potential for back-office and operational planning. However, the role also requires frequent high-trust human interaction—handling guest complaints, service recovery, staff leadership, and coordination with vendors—where empathy, persuasion, and situational judgment remain difficult to automate. Physical presence is often needed for walk-throughs, safety/security oversight, and on-the-ground coordination, though some monitoring can be digitized via sensors/cameras and remote tools. Decision-making carries meaningful accountability (guest safety, compliance, reputational risk, labor issues), which tends to keep humans in the loop even when AI provides recommendations. Overall, AI is likely to augment the job substantially (analytics, forecasting, dynamic pricing, workflow automation), while human managers remain critical for people leadership and exception handling.",2026-02-24T07:19:50.914269
11-9111.00,Medical and Health Services Managers,11-9111.00||Medical and Health Services Managers,3.4,4.1,1.3,4.2,3.2,4.6,Medium,3.1,"Medical and Health Services Managers do a mix of standardized administrative work (scheduling, reporting, billing/compliance documentation, KPI tracking) and complex, context-heavy leadership and operational decision-making. Many back-office components are highly augmentable by AI (forecasting demand, optimizing staffing, drafting policies, summarizing regulations, generating reports, monitoring quality metrics), raising automation of routine coordination and analytics. However, the role relies heavily on stakeholder management, negotiation, culture-setting, and trust-building with clinicians, staff, and external regulators/payers, which is harder to automate reliably. Decisions often carry high accountability (patient safety, legal/regulatory compliance, budget and staffing impacts), keeping humans in the loop for approvals and exception handling. Overall, AI is likely to significantly augment productivity and reduce administrative load, but full automation is constrained by leadership, accountability, and nuanced human coordination.",2026-02-24T07:19:57.096036
11-9121.00,Natural Sciences Managers,11-9121.00||Natural Sciences Managers,3.2,4.2,1.3,4.1,3.6,4.4,Medium,3.0,"Natural Sciences Managers do a mix of structured managerial work (budgeting, scheduling, reporting, compliance) and less-codifiable work (setting research direction, evaluating scientific uncertainty, and making tradeoffs under ambiguity). Many administrative and analytical components are highly augmentable by AI (drafting reports, summarizing literature, tracking milestones, forecasting budgets, and monitoring compliance documentation). However, the role relies heavily on human judgment, domain expertise, and accountability for high-stakes decisions about research priorities, safety/ethics, and resource allocation. It also requires substantial stakeholder management—persuasion, trust-building, and conflict resolution across scientists, executives, funders, and regulators—which is difficult to automate end-to-end. Overall, AI is likely to increase productivity and decision support, but full automation is constrained by leadership, accountability, and nuanced people/strategy work.",2026-02-24T07:20:02.585300
11-9121.01,Clinical Research Coordinators,11-9121.01||Clinical Research Coordinators,4.2,3.6,2.4,3.4,2.3,4.3,Medium,3.4,"Clinical Research Coordinators perform many standardized, protocol-driven activities (scheduling, documentation, regulatory checklists, data entry/cleaning, query resolution) that are highly amenable to workflow automation and AI-assisted document/data processing. However, the role also requires contextual judgment to interpret protocol nuances, manage deviations, and coordinate across investigators, sponsors, IRBs, and site staff, which limits full automation. Patient-facing interactions (consent support, visit coordination, addressing concerns) require trust, empathy, and situational awareness that current AI cannot reliably replicate, and some tasks require on-site presence for specimen handling or visit logistics. High compliance and auditability requirements raise the stakes of errors, favoring AI as decision support with human accountability rather than autonomous operation. Overall, substantial augmentation is feasible, but end-to-end automation is constrained by regulatory responsibility and human coordination needs.",2026-02-24T07:20:08.322151
11-9121.02,Water Resource Specialists,11-9121.02||Water Resource Specialists,3.6,4.1,1.8,3.2,3.4,4.4,Medium,3.3,"Water Resource Specialists combine codifiable tasks (data analysis, monitoring, reporting, compliance documentation) with complex, context-dependent judgment about hydrology, risk, and tradeoffs across stakeholders. Many components are amenable to AI augmentation—e.g., forecasting, anomaly detection in water-quality data, drafting permits/reports, and scenario modeling—raising automation for the analytical and documentation portions. However, work often requires integrating local conditions, uncertain models, and regulatory interpretation, plus coordinating with agencies and communities, which limits full automation. Physical fieldwork and sampling can be partially automated with sensors/remote monitoring but still often needs human oversight and site-specific troubleshooting. High stakes (public health, environmental impacts, legal compliance) increase the need for accountable human review and sign-off even when AI produces recommendations.",2026-02-24T07:20:12.933491
11-9131.00,Postmasters and Mail Superintendents,11-9131.00||Postmasters and Mail Superintendents,4.2,3.4,2.2,3.1,2.3,4.1,Medium,3.6,"Much of a postmaster’s work is operational management with standardized procedures (scheduling, routing oversight, compliance, reporting), which is relatively codifiable and amenable to workflow automation and AI decision support. However, the role also requires contextual judgment for exceptions (service disruptions, staffing shortages, customer escalations) and coordination across stakeholders, which limits full automation. Physical presence is sometimes needed for facility oversight, safety, and on-site problem resolution, though many administrative tasks are digital. Stakes are moderate-to-high due to regulatory compliance, security, and service reliability, so human accountability and sign-off remain important even when AI optimizes plans. The most automatable parts are forecasting volume, staffing optimization, performance analytics, and routine communications; the most human-critical parts are labor relations, incident response, and nuanced customer/community issues.",2026-02-24T07:20:17.948843
11-9141.00,"Property, Real Estate, and Community Association Managers","11-9141.00||Property, Real Estate, and Community Association Managers",3.4,3.6,2.2,4.2,2.8,4.1,Medium,3.2,"This occupation mixes standardized administrative workflows (rent collection, lease processing, maintenance ticketing, compliance documentation, budgeting/reporting) with high-touch stakeholder management. Many back-office components are codifiable and can be automated or heavily augmented by AI (document drafting, scheduling, vendor coordination, accounting reconciliation, policy/notice generation, and monitoring KPIs). However, core value often comes from social and emotional intelligence: handling disputes, negotiating with tenants/owners/boards, de-escalating conflicts, and building trust in governance decisions. Decision impact is relatively high due to legal/regulatory exposure, fair-housing considerations, safety issues, and financial stewardship, which keeps humans accountable for final judgments. Physical presence is sometimes needed for inspections and on-site issue resolution, though parts can be supported via remote monitoring, photos/video, and contractor networks.",2026-02-24T07:20:23.574191
11-9151.00,Social and Community Service Managers,11-9151.00||Social and Community Service Managers,3.2,4.1,1.4,4.6,3.4,4.4,Medium,2.9,"This role mixes administratively structured work (budgets, reporting, compliance, scheduling, policy documentation) with high-context leadership and stakeholder management. AI can strongly augment data-heavy tasks such as drafting policies and communications, summarizing case/program metrics, forecasting budgets, grant/report writing, and optimizing staffing/workflows. However, core responsibilities often require trust-building, negotiation with community partners, staff coaching, conflict resolution, and ethically sensitive judgment about participant needs and program tradeoffs. Accountability is typically high due to regulatory requirements, funding constraints, and potential harm from poor decisions, which limits full automation and favors human-in-the-loop oversight. Overall, many components are automatable/augmentable, but the job’s interpersonal and high-stakes decision elements keep end-to-end automation moderate.",2026-02-24T07:20:28.908360
11-9161.00,Emergency Management Directors,11-9161.00||Emergency Management Directors,3.2,4.4,2.6,4.3,3.4,4.8,Medium,2.8,"Emergency Management Directors do a mix of codifiable work (planning templates, compliance checklists, training materials, incident documentation) and highly context-dependent work (dynamic incident coordination under uncertainty). AI can strongly augment risk assessment, scenario modeling, resource tracking, drafting emergency plans, after-action reporting, and training content, raising efficiency in preparedness and administrative functions. However, real-time crisis leadership requires high-stakes judgment, interagency negotiation, public communication, and trust-building with communities and responders, which are difficult to automate reliably. Physical presence is sometimes required for site assessments, command center operations, and coordination with field teams, limiting full automation. Because errors can have severe consequences and accountability is high, AI is more suitable as decision support than as an autonomous director.",2026-02-24T07:20:33.415844
11-9171.00,Funeral Home Managers,11-9171.00||Funeral Home Managers,3.2,3.4,2.6,4.6,2.4,4.3,Medium,3.0,"Funeral home management includes many structured, codifiable components (scheduling, inventory/merchandise management, pricing templates, compliance documentation, billing) that are well-suited to software and AI augmentation. However, the role heavily depends on high-trust, emotionally sensitive interactions with grieving families, requiring empathy, judgment, and relationship management that current AI cannot reliably replicate. Some physical presence is typically required to oversee facilities, coordinate services, and handle on-site issues, limiting full automation even if back-office work is digitized. Decision-making carries meaningful legal, ethical, and reputational accountability (handling remains, permits, consumer protection, religious/cultural requirements), which tends to keep humans in the loop. Overall, AI can automate/assist administrative operations and decision support, but core client-facing counseling and accountable oversight remain human-critical.",2026-02-24T07:20:38.735506
11-9179.00,"Personal Service Managers, All Other","11-9179.00||Personal Service Managers, All Other",2.6,3.4,2.2,4.1,3.0,3.6,Medium,3.0,"This catch-all category spans many personal-service contexts, but typically involves coordinating staff, scheduling, customer service, and handling exceptions—some of which is standardized and measurable while much is situational. AI can strongly automate administrative components (booking/scheduling, staffing optimization, inventory/reordering, CRM follow-ups, reporting, policy reminders, and basic customer inquiries). However, the role often depends on trust-building, conflict resolution, service recovery, and tailoring experiences to individual clients, which requires high social/emotional judgment and context. Decision-making can be moderately high-stakes (safety, compliance, reputational risk, and personnel actions), limiting full automation and favoring human accountability. Overall, the work is well-suited to AI augmentation rather than end-to-end replacement, with automation highest in back-office coordination and lowest in nuanced client/staff interactions and exception handling.",2026-02-24T07:20:45.059317
