O*NET-SOC Code,Title,Degree of Automation,Importance of Repeating Same Tasks,Pace Determined by Speed of Equipment,Spend Time Making Repetitive Motions,Time Pressure
11-1011.00,Chief Executives,2.23,3.37,1.35,2.55,4.16
11-1011.03,Chief Sustainability Officers,1.56,1.81,1.19,2.0,3.48
11-1021.00,General and Operations Managers,2.31,3.11,1.19,2.42,4.08
11-2011.00,Advertising and Promotions Managers,2.01,2.7,1.0,2.5,4.4
11-2021.00,Marketing Managers,2.1,2.78,1.02,2.73,4.21
11-2022.00,Sales Managers,2.26,2.16,1.1,1.52,3.9
11-2033.00,Fundraising Managers,1.69,3.0,1.0,2.67,3.97
11-3012.00,Administrative Services Managers,2.14,3.36,1.48,2.76,3.7
11-3013.00,Facilities Managers,2.02,3.82,1.54,2.44,3.9
11-3013.01,Security Managers,2.21,3.26,1.58,2.58,3.8
11-3021.00,Computer and Information Systems Managers,2.56,3.88,1.28,3.61,3.37
11-3031.00,Financial Managers,2.8,4.37,1.07,2.38,4.54
11-3031.01,Treasurers and Controllers,2.58,3.68,1.12,2.76,4.36
11-3031.03,Investment Fund Managers,2.46,2.67,1.13,2.38,4.01
11-3051.00,Industrial Production Managers,2.02,3.16,3.22,1.92,4.2
11-3051.01,Quality Control Systems Managers,2.25,3.55,1.5,1.94,4.32
11-3051.02,Geothermal Production Managers,2.49,3.53,2.73,2.34,4.19
11-3051.03,Biofuels Production Managers,3.41,3.53,3.58,2.07,3.97
11-3051.04,Biomass Power Plant Managers,2.67,3.92,3.74,2.29,4.13
11-3051.06,Hydroelectric Production Managers,2.5,3.58,2.35,2.53,3.93
11-3061.00,Purchasing Managers,2.79,3.5,1.42,2.58,4.16
11-3071.00,"Transportation, Storage, and Distribution Managers",2.53,3.25,1.65,2.66,4.38
11-3071.04,Supply Chain Managers,2.5,2.7,2.0,2.19,4.43
11-3111.00,Compensation and Benefits Managers,2.71,3.71,1.0,2.95,3.62
11-3121.00,Human Resources Managers,2.68,3.23,1.05,2.55,3.91
11-3131.00,Training and Development Managers,1.96,2.71,1.07,2.54,3.64
11-9013.00,"Farmers, Ranchers, and Other Agricultural Managers",2.34,3.06,2.21,2.57,3.49
11-9021.00,Construction Managers,1.9,3.4,2.2,2.95,4.25
11-9031.00,"Education and Childcare Administrators, Preschool and Daycare",2.1,3.68,1.19,2.8,3.93
11-9032.00,"Education Administrators, Kindergarten through Secondary",1.04,1.89,1.02,1.89,3.46
11-9033.00,"Education Administrators, Postsecondary",1.88,2.35,1.01,2.61,3.95
11-9041.00,Architectural and Engineering Managers,2.04,3.48,1.14,2.25,3.79
11-9041.01,Biofuels/Biodiesel Technology and Product Development Managers,2.08,2.86,1.89,2.33,3.49
11-9051.00,Food Service Managers,1.71,3.35,1.64,3.21,4.12
11-9071.00,Gambling Managers,2.43,3.72,1.5,3.01,3.91
11-9072.00,"Entertainment and Recreation Managers, Except Gambling",1.65,2.6,1.78,1.68,3.44
11-9081.00,Lodging Managers,2.86,4.14,1.8,2.52,4.35
11-9111.00,Medical and Health Services Managers,2.86,3.79,1.29,3.37,3.93
11-9121.00,Natural Sciences Managers,1.5,2.95,1.22,2.44,3.28
11-9121.01,Clinical Research Coordinators,1.9,4.1,1.31,2.77,3.36
11-9121.02,Water Resource Specialists,2.05,2.1,1.29,1.76,3.5
11-9131.00,Postmasters and Mail Superintendents,2.62,3.73,2.59,2.41,4.92
11-9141.00,"Property, Real Estate, and Community Association Managers",2.2,2.9,1.15,1.84,3.95
11-9151.00,Social and Community Service Managers,2.23,3.43,1.18,2.05,3.91
11-9161.00,Emergency Management Directors,1.86,2.45,1.38,2.32,3.45
11-9171.00,Funeral Home Managers,2.15,3.68,1.37,2.69,4.39
11-9179.01,Fitness and Wellness Coordinators,1.96,2.85,1.12,2.48,3.15
11-9179.02,Spa Managers,2.06,3.36,1.01,2.96,3.52
11-9199.01,Regulatory Affairs Managers,2.0,3.22,1.0,2.87,3.65
11-9199.02,Compliance Managers,1.7,3.83,1.35,2.29,4.3
11-9199.08,Loss Prevention Managers,2.41,3.0,1.32,2.32,3.91
11-9199.09,Wind Energy Operations Managers,2.45,3.06,1.83,2.43,3.79
11-9199.10,Wind Energy Development Managers,1.55,2.27,1.14,2.11,3.5
11-9199.11,Brownfield Redevelopment Specialists and Site Managers,1.64,2.5,1.29,2.0,3.64
13-1011.00,"Agents and Business Managers of Artists, Performers, and Athletes",1.66,2.86,1.0,2.05,4.65
13-1021.00,"Buyers and Purchasing Agents, Farm Products",2.95,4.2,1.23,2.21,3.81
13-1022.00,"Wholesale and Retail Buyers, Except Farm Products",1.81,4.13,1.06,3.57,4.03
13-1023.00,"Purchasing Agents, Except Wholesale, Retail, and Farm Products",2.89,4.05,1.18,2.68,4.3
13-1031.00,"Claims Adjusters, Examiners, and Investigators",2.98,4.51,1.83,3.3,4.39
13-1032.00,"Insurance Appraisers, Auto Damage",3.25,3.79,1.28,3.54,4.55
13-1041.00,Compliance Officers,2.51,3.97,1.7,3.55,3.53
13-1041.01,Environmental Compliance Inspectors,1.6,3.3,1.2,1.85,3.65
13-1041.03,Equal Opportunity Representatives and Officers,2.34,3.0,1.35,2.83,3.51
13-1041.04,Government Property Inspectors and Investigators,2.18,3.31,1.59,2.14,3.92
13-1041.06,Coroners,1.55,3.35,1.05,2.6,4.45
13-1041.07,Regulatory Affairs Specialists,1.7,3.3,1.25,3.0,3.75
13-1041.08,Customs Brokers,3.45,4.3,2.1,2.75,4.8
13-1051.00,Cost Estimators,2.14,3.1,1.32,2.36,3.77
13-1071.00,Human Resources Specialists,2.97,3.87,1.0,3.5,3.76
13-1074.00,Farm Labor Contractors,2.2,4.49,2.51,1.88,4.45
13-1075.00,Labor Relations Specialists,1.9,2.25,1.15,1.76,3.71
13-1081.00,Logisticians,2.83,3.29,1.67,2.58,4.42
13-1081.01,Logistics Engineers,2.35,2.78,2.09,1.83,3.91
13-1081.02,Logistics Analysts,2.95,4.0,1.45,3.55,4.18
13-1111.00,Management Analysts,2.55,2.7,1.15,2.05,4.0
13-1121.00,"Meeting, Convention, and Event Planners",1.66,3.24,1.27,3.76,4.57
13-1131.00,Fundraisers,1.9,2.81,1.24,2.3,3.67
13-1141.00,"Compensation, Benefits, and Job Analysis Specialists",2.43,3.76,1.1,3.05,3.86
13-1151.00,Training and Development Specialists,1.96,2.52,1.09,2.23,3.7
13-1161.00,Market Research Analysts and Marketing Specialists,2.35,2.96,1.13,2.22,4.04
13-1161.01,Search Marketing Strategists,2.17,2.83,1.13,2.22,3.74
13-1199.04,Business Continuity Planners,2.43,2.45,1.23,2.09,3.26
13-1199.05,Sustainability Specialists,1.52,2.26,1.18,1.65,3.57
13-1199.06,Online Merchants,2.66,3.44,1.16,2.96,4.1
13-1199.07,Security Management Specialists,1.95,2.58,1.16,2.05,3.75
13-2011.00,Accountants and Auditors,3.05,3.85,1.08,2.58,4.19
13-2022.00,Appraisers of Personal and Business Property,1.73,3.39,1.22,2.22,3.87
13-2023.00,Appraisers and Assessors of Real Estate,2.39,3.22,1.09,2.21,4.54
13-2031.00,Budget Analysts,1.57,4.6,1.02,4.05,4.26
13-2041.00,Credit Analysts,2.4,4.1,1.05,3.05,4.2
13-2052.00,Personal Financial Advisors,2.44,3.08,1.08,1.92,3.69
13-2053.00,Insurance Underwriters,2.87,3.53,1.17,3.2,4.57
13-2061.00,Financial Examiners,2.3,2.7,1.22,2.09,3.61
13-2071.00,Credit Counselors,3.0,4.08,1.29,3.43,3.84
13-2072.00,Loan Officers,3.2,3.45,1.36,2.58,4.12
13-2081.00,"Tax Examiners and Collectors, and Revenue Agents",3.03,4.19,1.24,3.3,3.74
13-2082.00,Tax Preparers,2.81,4.24,1.0,3.21,4.05
13-2099.01,Financial Quantitative Analysts,2.79,2.74,1.39,2.6,3.75
13-2099.04,"Fraud Examiners, Investigators and Analysts",2.44,3.76,1.36,2.96,4.04
15-1211.00,Computer Systems Analysts,2.71,4.03,1.31,3.6,4.17
15-1211.01,Health Informatics Specialists,2.2,3.48,1.35,2.7,3.62
15-1212.00,Information Security Analysts,2.03,3.33,1.25,2.81,3.6
15-1221.00,Computer and Information Research Scientists,2.32,2.22,1.63,2.45,3.71
15-1231.00,Computer Network Support Specialists,2.28,3.71,1.75,3.33,3.9
15-1232.00,Computer User Support Specialists,2.06,3.5,1.32,4.05,3.65
15-1241.00,Computer Network Architects,2.45,3.25,1.7,2.75,3.6
15-1241.01,Telecommunications Engineering Specialists,2.24,2.86,1.33,1.9,4.05
15-1242.00,Database Administrators,2.63,3.39,1.2,3.89,2.99
15-1243.00,Database Architects,2.67,3.48,1.33,2.33,3.62
15-1243.01,Data Warehousing Specialists,2.39,3.39,1.0,3.09,3.3
15-1244.00,Network and Computer Systems Administrators,2.58,3.3,1.32,3.13,3.79
15-1251.00,Computer Programmers,2.29,3.15,1.13,3.28,4.04
15-1252.00,Software Developers,2.24,3.23,1.33,2.79,3.5
15-1253.00,Software Quality Assurance Analysts and Testers,2.88,3.66,1.61,3.26,3.88
15-1254.00,Web Developers,2.0,4.17,1.04,4.04,4.0
15-1255.01,Video Game Designers,1.79,3.4,1.1,4.05,4.05
15-1299.01,Web Administrators,2.7,3.55,1.35,3.2,3.75
15-1299.02,Geographic Information Systems Technologists and Technicians,2.9,3.98,1.58,3.73,3.46
15-1299.03,Document Management Specialists,3.0,3.37,1.89,2.2,3.7
15-1299.05,Information Security Engineers,3.11,3.0,1.5,2.78,3.95
15-1299.08,Computer Systems Engineers/Architects,2.71,3.7,1.55,3.27,3.82
15-1299.09,Information Technology Project Managers,2.14,3.52,1.86,2.24,4.33
15-2011.00,Actuaries,2.26,3.22,1.11,2.15,3.46
15-2021.00,Mathematicians,1.74,2.1,1.3,2.0,3.15
15-2031.00,Operations Research Analysts,2.29,2.1,1.33,1.65,3.57
15-2041.00,Statisticians,2.1,2.9,1.0,2.56,3.29
15-2041.01,Biostatisticians,1.92,2.71,1.33,2.42,3.38
15-2051.01,Business Intelligence Analysts,2.5,2.91,1.0,2.82,3.73
15-2051.02,Clinical Data Managers,2.5,3.8,1.15,2.9,3.95
15-2099.01,Bioinformatics Technicians,2.94,3.13,1.11,2.92,3.39
17-1011.00,"Architects, Except Landscape and Naval",2.05,3.1,1.16,3.1,3.62
17-1012.00,Landscape Architects,2.05,2.3,1.1,2.1,3.85
17-1021.00,Cartographers and Photogrammetrists,2.68,3.51,1.0,3.5,3.97
17-1022.00,Surveyors,2.35,3.75,1.8,2.8,4.3
17-1022.01,Geodetic Surveyors,2.8,3.2,1.67,2.31,3.23
17-2011.00,Aerospace Engineers,1.55,2.34,1.31,2.06,3.56
17-2021.00,Agricultural Engineers,1.95,2.75,2.05,2.0,3.4
17-2031.00,Bioengineers and Biomedical Engineers,2.35,2.43,1.74,2.26,3.48
17-2041.00,Chemical Engineers,2.35,2.48,1.3,1.86,3.57
17-2051.00,Civil Engineers,2.33,3.19,1.14,2.3,4.0
17-2051.01,Transportation Engineers,2.23,2.77,1.36,2.41,3.73
17-2051.02,Water/Wastewater Engineers,1.87,2.39,1.3,2.23,3.7
17-2061.00,Computer Hardware Engineers,2.71,3.11,1.32,2.38,3.66
17-2071.00,Electrical Engineers,2.18,3.78,2.33,2.71,3.92
17-2072.00,"Electronics Engineers, Except Computer",1.33,2.51,1.41,1.67,3.06
17-2072.01,Radio Frequency Identification Device Specialists,1.97,3.14,1.61,2.33,3.99
17-2081.00,Environmental Engineers,2.11,2.75,1.47,1.95,3.81
17-2111.00,"Health and Safety Engineers, Except Mining Safety Engineers and Inspectors",1.97,2.85,1.69,2.11,3.91
17-2111.02,Fire-Prevention and Protection Engineers,1.77,2.35,1.16,1.62,3.54
17-2112.00,Industrial Engineers,2.16,3.17,1.74,1.87,3.79
17-2112.01,Human Factors Engineers and Ergonomists,1.74,2.7,1.35,2.15,3.55
17-2112.02,Validation Engineers,1.89,3.6,1.7,2.0,4.0
17-2112.03,Manufacturing Engineers,2.56,2.54,2.19,2.19,3.62
17-2121.00,Marine Engineers and Naval Architects,1.89,3.33,1.72,2.61,3.67
17-2131.00,Materials Engineers,2.28,2.19,1.86,1.86,3.52
17-2141.00,Mechanical Engineers,2.01,3.05,1.73,2.37,3.51
17-2141.01,Fuel Cell Engineers,2.27,2.05,1.95,1.73,3.45
17-2141.02,Automotive Engineers,2.24,2.67,1.67,1.71,3.86
17-2151.00,"Mining and Geological Engineers, Including Mining Safety Engineers",1.79,3.47,1.69,2.29,3.57
17-2161.00,Nuclear Engineers,1.7,3.21,1.25,2.24,3.57
17-2171.00,Petroleum Engineers,1.94,2.87,1.53,2.01,3.67
17-2199.03,"Energy Engineers, Except Wind and Solar",2.05,2.73,1.27,1.86,3.36
17-2199.05,Mechatronics Engineers,1.83,3.22,1.86,1.72,3.65
17-2199.06,Microsystems Engineers,1.93,2.93,1.41,2.47,3.27
17-2199.07,Photonics Engineers,2.26,2.39,1.55,1.87,3.26
17-2199.08,Robotics Engineers,2.7,2.6,2.53,2.0,3.9
17-2199.09,Nanosystems Engineers,2.33,2.7,1.95,1.76,3.29
17-2199.10,Wind Energy Engineers,1.8,2.62,1.23,1.99,3.73
17-2199.11,Solar Energy Systems Engineers,2.0,2.46,1.29,2.32,3.89
17-3011.00,Architectural and Civil Drafters,2.48,3.59,1.28,3.41,4.38
17-3012.00,Electrical and Electronics Drafters,2.49,3.33,1.69,3.17,4.18
17-3013.00,Mechanical Drafters,1.88,3.54,1.33,3.57,3.75
17-3021.00,Aerospace Engineering and Operations Technologists and Technicians,1.79,3.35,1.66,2.61,4.47
17-3022.00,Civil Engineering Technologists and Technicians,2.77,3.06,1.44,3.7,3.39
17-3023.00,Electrical and Electronic Engineering Technologists and Technicians,2.03,3.2,1.68,2.53,3.56
17-3024.00,Electro-Mechanical and Mechatronics Technologists and Technicians,2.27,3.76,2.09,2.78,4.35
17-3024.01,Robotics Technicians,3.38,2.82,2.45,2.36,3.68
17-3025.00,Environmental Engineering Technologists and Technicians,1.97,3.43,1.73,2.97,3.5
17-3026.00,Industrial Engineering Technologists and Technicians,2.19,3.69,1.86,2.79,3.91
17-3026.01,Nanotechnology Engineering Technologists and Technicians,2.7,2.7,2.85,2.3,3.35
17-3027.00,Mechanical Engineering Technologists and Technicians,2.15,3.27,2.63,2.59,4.08
17-3027.01,Automotive Engineering Technicians,2.37,3.33,2.26,2.46,3.81
17-3029.01,Non-Destructive Testing Specialists,2.64,3.64,2.91,3.23,4.32
17-3029.08,Photonics Technicians,2.59,3.41,2.55,3.0,3.77
17-3031.00,Surveying and Mapping Technicians,2.59,3.83,1.82,3.67,3.7
19-1011.00,Animal Scientists,2.26,2.96,1.43,2.09,3.65
19-1012.00,Food Scientists and Technologists,2.24,2.9,2.52,2.36,3.86
19-1013.00,Soil and Plant Scientists,2.19,2.95,1.48,2.14,3.33
19-1021.00,Biochemists and Biophysicists,2.63,3.53,2.17,2.7,3.3
19-1022.00,Microbiologists,2.5,3.68,2.05,3.32,4.14
19-1023.00,Zoologists and Wildlife Biologists,1.26,3.46,1.56,2.62,3.3
19-1029.01,Bioinformatics Scientists,1.7,2.99,1.07,2.73,3.44
19-1029.02,Molecular and Cellular Biologists,2.12,3.04,2.08,2.85,3.31
19-1029.03,Geneticists,1.96,3.17,1.2,2.72,2.92
19-1029.04,Biologists,1.39,3.19,1.72,3.01,3.29
19-1031.00,Conservation Scientists,2.09,3.04,1.35,1.96,3.3
19-1031.02,Range Managers,2.23,2.82,1.37,2.58,3.31
19-1031.03,Park Naturalists,1.05,2.69,1.26,2.5,2.9
19-1032.00,Foresters,1.77,2.77,1.48,2.22,3.11
19-1041.00,Epidemiologists,2.21,2.61,1.16,2.21,3.58
19-1042.00,"Medical Scientists, Except Epidemiologists",2.2,3.96,2.3,3.0,3.69
19-2011.00,Astronomers,1.87,2.3,1.39,1.52,2.91
19-2012.00,Physicists,1.57,2.07,1.0,2.0,3.05
19-2021.00,Atmospheric and Space Scientists,2.6,2.63,1.47,2.8,3.95
19-2031.00,Chemists,2.02,3.48,2.12,2.34,3.79
19-2032.00,Materials Scientists,2.3,1.95,1.9,1.65,3.38
19-2041.00,"Environmental Scientists and Specialists, Including Health",1.5,3.05,1.02,2.51,3.79
19-2041.01,Climate Change Policy Analysts,1.43,2.13,1.09,2.04,3.26
19-2041.02,Environmental Restoration Planners,1.38,2.0,1.32,1.73,3.43
19-2041.03,Industrial Ecologists,1.59,2.57,1.1,2.3,3.35
19-2042.00,"Geoscientists, Except Hydrologists and Geographers",1.65,2.91,1.34,2.13,3.44
19-2043.00,Hydrologists,1.82,2.7,1.61,2.04,3.35
19-2099.01,Remote Sensing Scientists and Technologists,2.64,3.28,1.72,2.72,3.44
19-3011.00,Economists,1.92,2.25,1.0,1.46,3.62
19-3011.01,Environmental Economists,1.85,2.15,1.08,2.15,2.77
19-3022.00,Survey Researchers,2.23,2.92,1.08,2.19,4.0
19-3032.00,Industrial-Organizational Psychologists,1.77,2.5,1.04,2.3,3.73
19-3033.00,Clinical and Counseling Psychologists,1.48,1.84,1.0,1.68,3.56
19-3034.00,School Psychologists,1.66,2.4,1.03,1.67,4.1
19-3039.02,Neuropsychologists,1.76,2.92,1.12,2.09,3.92
19-3039.03,Clinical Neuropsychologists,1.88,3.08,1.12,2.38,4.33
19-3041.00,Sociologists,1.84,2.21,1.0,2.21,3.3
19-3051.00,Urban and Regional Planners,1.4,1.64,1.0,1.6,3.52
19-3091.00,Anthropologists and Archeologists,1.53,2.74,1.05,2.45,3.7
19-3092.00,Geographers,2.0,2.45,1.3,2.9,3.5
19-3093.00,Historians,1.16,2.68,1.18,1.97,3.21
19-3094.00,Political Scientists,1.64,2.16,1.08,1.85,3.27
19-3099.01,Transportation Planners,1.8,1.95,1.0,1.9,3.1
19-4012.00,Agricultural Technicians,2.69,3.12,2.88,3.23,3.21
19-4012.01,Precision Agriculture Technicians,2.39,3.26,2.17,2.17,3.39
19-4013.00,Food Science Technicians,2.31,4.49,3.57,2.74,4.37
19-4021.00,Biological Technicians,1.78,3.37,1.91,2.88,3.33
19-4031.00,Chemical Technicians,2.5,3.62,2.95,2.81,4.35
19-4042.00,"Environmental Science and Protection Technicians, Including Health",2.05,3.14,1.64,1.91,4.27
19-4043.00,"Geological Technicians, Except Hydrologic Technicians",2.67,3.7,1.89,2.68,3.52
19-4051.00,Nuclear Technicians,2.33,4.32,1.92,2.37,3.54
19-4051.02,Nuclear Monitoring Technicians,2.06,3.68,1.4,2.3,3.52
19-4061.00,Social Science Research Assistants,1.62,3.84,1.32,2.53,2.85
19-4071.00,Forest and Conservation Technicians,2.31,3.59,2.31,3.38,3.86
19-4092.00,Forensic Science Technicians,1.53,3.45,1.24,2.67,3.92
19-4099.01,Quality Control Analysts,1.97,4.06,2.32,2.94,3.81
19-4099.03,Remote Sensing Technicians,2.19,3.97,1.69,3.45,3.85
19-5011.00,Occupational Health and Safety Specialists,2.14,2.83,1.52,2.05,3.57
19-5012.00,Occupational Health and Safety Technicians,2.37,2.89,2.37,2.3,3.76
21-1011.00,Substance Abuse and Behavioral Disorder Counselors,1.56,4.11,1.13,1.81,4.46
21-1012.00,"Educational, Guidance, and Career Counselors and Advisors",1.52,3.44,1.04,2.32,3.76
21-1013.00,Marriage and Family Therapists,1.38,1.97,1.0,1.39,4.58
21-1014.00,Mental Health Counselors,1.32,2.21,1.11,1.89,3.86
21-1015.00,Rehabilitation Counselors,1.73,3.47,1.3,2.5,4.16
21-1021.00,"Child, Family, and School Social Workers",2.21,3.16,1.0,3.34,4.33
21-1022.00,Healthcare Social Workers,1.69,2.26,1.15,2.04,4.0
21-1023.00,Mental Health and Substance Abuse Social Workers,1.77,3.33,1.0,2.44,4.39
21-1091.00,Health Education Specialists,1.57,3.55,1.11,2.97,3.81
21-1092.00,Probation Officers and Correctional Treatment Specialists,2.66,4.0,1.36,2.55,4.4
21-1093.00,Social and Human Service Assistants,2.23,3.41,1.46,2.94,4.12
21-1094.00,Community Health Workers,2.21,3.03,1.19,2.39,3.42
21-2011.00,Clergy,1.71,2.87,1.0,2.02,3.87
21-2021.00,"Directors, Religious Activities and Education",1.44,1.57,1.0,1.59,2.61
23-1011.00,Lawyers,1.44,2.91,1.0,1.92,4.18
23-1012.00,Judicial Law Clerks,1.84,3.5,1.0,2.79,4.07
23-1021.00,"Administrative Law Judges, Adjudicators, and Hearing Officers",2.15,4.17,1.02,3.67,4.42
23-1022.00,"Arbitrators, Mediators, and Conciliators",2.1,2.2,1.0,1.65,3.8
23-1023.00,"Judges, Magistrate Judges, and Magistrates",2.13,3.31,1.0,2.68,4.73
23-2011.00,Paralegals and Legal Assistants,1.5,3.86,1.11,3.66,4.36
23-2093.00,"Title Examiners, Abstractors, and Searchers",3.03,4.36,1.14,3.53,4.41
25-1011.00,"Business Teachers, Postsecondary",2.22,2.63,1.03,1.41,3.68
25-1021.00,"Computer Science Teachers, Postsecondary",1.57,2.36,1.0,2.42,4.02
25-1022.00,"Mathematical Science Teachers, Postsecondary",1.62,2.51,1.02,2.21,3.6
25-1031.00,"Architecture Teachers, Postsecondary",1.72,1.94,1.68,2.12,3.47
25-1032.00,"Engineering Teachers, Postsecondary",1.32,2.22,1.41,2.13,3.55
25-1041.00,"Agricultural Sciences Teachers, Postsecondary",1.52,2.55,1.02,1.89,3.58
25-1042.00,"Biological Science Teachers, Postsecondary",1.35,2.28,1.01,1.95,4.05
25-1043.00,"Forestry and Conservation Science Teachers, Postsecondary",1.39,2.16,1.0,2.26,3.85
25-1051.00,"Atmospheric, Earth, Marine, and Space Sciences Teachers, Postsecondary",1.51,3.13,1.01,2.43,3.68
25-1052.00,"Chemistry Teachers, Postsecondary",1.52,3.12,1.05,1.91,3.78
25-1053.00,"Environmental Science Teachers, Postsecondary",1.64,2.31,1.15,2.36,3.59
25-1054.00,"Physics Teachers, Postsecondary",1.55,2.29,1.19,1.84,3.69
25-1061.00,"Anthropology and Archeology Teachers, Postsecondary",1.36,2.64,1.23,2.18,3.41
25-1062.00,"Area, Ethnic, and Cultural Studies Teachers, Postsecondary",1.38,1.76,1.01,1.9,4.03
25-1063.00,"Economics Teachers, Postsecondary",1.78,2.14,1.02,2.09,3.38
25-1064.00,"Geography Teachers, Postsecondary",1.54,2.3,1.07,2.4,3.76
25-1065.00,"Political Science Teachers, Postsecondary",1.18,1.98,1.0,2.57,3.57
25-1066.00,"Psychology Teachers, Postsecondary",1.95,3.0,1.0,2.39,3.39
25-1067.00,"Sociology Teachers, Postsecondary",1.4,3.17,1.02,2.74,3.72
25-1071.00,"Health Specialties Teachers, Postsecondary",1.57,2.15,1.03,2.67,3.79
25-1072.00,"Nursing Instructors and Teachers, Postsecondary",2.08,3.37,1.16,2.7,3.8
25-1081.00,"Education Teachers, Postsecondary",1.5,3.39,1.15,3.49,3.52
25-1082.00,"Library Science Teachers, Postsecondary",1.39,1.95,1.11,3.36,3.58
25-1111.00,"Criminal Justice and Law Enforcement Teachers, Postsecondary",2.05,3.03,1.04,2.41,3.72
25-1112.00,"Law Teachers, Postsecondary",1.53,1.83,1.04,2.01,3.45
25-1113.00,"Social Work Teachers, Postsecondary",1.54,2.11,1.14,2.14,3.51
25-1121.00,"Art, Drama, and Music Teachers, Postsecondary",1.23,2.39,1.04,2.66,3.41
25-1122.00,"Communications Teachers, Postsecondary",1.74,2.24,1.14,2.47,3.74
25-1123.00,"English Language and Literature Teachers, Postsecondary",1.62,2.62,1.04,1.74,3.78
25-1124.00,"Foreign Language and Literature Teachers, Postsecondary",1.37,1.42,1.05,1.5,3.27
25-1125.00,"History Teachers, Postsecondary",1.41,3.2,1.0,2.91,3.78
25-1126.00,"Philosophy and Religion Teachers, Postsecondary",1.75,2.62,1.0,2.37,3.64
25-1192.00,"Family and Consumer Sciences Teachers, Postsecondary",2.58,3.31,1.58,2.01,4.05
25-1193.00,"Recreation and Fitness Studies Teachers, Postsecondary",1.86,2.77,1.07,2.41,3.58
25-1194.00,"Career/Technical Education Teachers, Postsecondary",1.79,2.96,1.36,2.12,3.52
25-2011.00,"Preschool Teachers, Except Special Education",1.56,2.01,1.0,2.53,3.07
25-2012.00,"Kindergarten Teachers, Except Special Education",1.68,2.45,1.28,2.7,3.74
25-2021.00,"Elementary School Teachers, Except Special Education",1.91,2.42,1.03,2.22,3.76
25-2022.00,"Middle School Teachers, Except Special and Career/Technical Education",1.42,3.22,1.01,2.34,3.32
25-2023.00,"Career/Technical Education Teachers, Middle School",1.31,2.78,1.44,1.82,3.88
25-2031.00,"Secondary School Teachers, Except Special and Career/Technical Education",1.37,2.26,1.12,1.99,3.28
25-2032.00,"Career/Technical Education Teachers, Secondary School",1.41,3.13,1.66,2.43,3.95
25-2051.00,"Special Education Teachers, Preschool",1.55,2.41,1.07,3.06,3.09
25-2056.00,"Special Education Teachers, Elementary School",1.41,2.37,1.02,2.02,3.5
25-2057.00,"Special Education Teachers, Middle School",1.33,3.03,1.0,2.4,3.92
25-2058.00,"Special Education Teachers, Secondary School",1.47,2.41,1.04,2.21,3.82
25-2059.01,Adapted Physical Education Specialists,1.2,2.19,1.1,2.55,3.38
25-3011.00,"Adult Basic Education, Adult Secondary Education, and English as a Second Language Instructors",1.54,2.7,1.09,2.36,3.21
25-3021.00,Self-Enrichment Teachers,1.41,2.9,1.27,1.89,2.76
25-3031.00,"Substitute Teachers, Short-Term",1.59,2.85,1.17,2.62,2.92
25-3041.00,Tutors,1.48,2.1,1.14,2.05,3.5
25-4011.00,Archivists,2.14,3.72,1.17,2.97,2.94
25-4012.00,Curators,1.38,2.53,1.1,2.45,3.24
25-4013.00,Museum Technicians and Conservators,1.44,3.23,1.26,2.26,3.45
25-4022.00,Librarians and Media Collections Specialists,2.42,2.91,1.09,2.63,3.53
25-4031.00,Library Technicians,2.66,4.15,1.4,3.61,3.48
25-9021.00,Farm and Home Management Educators,1.59,2.3,1.07,2.0,3.22
25-9031.00,Instructional Coordinators,1.18,2.69,1.0,2.22,3.63
25-9042.00,"Teaching Assistants, Preschool, Elementary, Middle, and Secondary School, Except Special Education",2.07,2.9,1.4,2.62,2.45
25-9043.00,"Teaching Assistants, Special Education",1.09,1.76,1.0,1.94,3.07
25-9044.00,"Teaching Assistants, Postsecondary",1.31,2.55,1.02,2.49,3.46
27-1011.00,Art Directors,1.97,3.34,2.23,3.92,4.76
27-1012.00,Craft Artists,1.48,3.0,1.26,3.65,2.65
27-1013.00,"Fine Artists, Including Painters, Sculptors, and Illustrators",1.6,2.63,1.17,3.57,3.34
27-1014.00,Special Effects Artists and Animators,2.04,2.78,1.99,2.97,4.45
27-1021.00,Commercial and Industrial Designers,1.95,3.67,1.4,2.65,4.03
27-1022.00,Fashion Designers,2.05,2.94,2.66,3.0,4.09
27-1023.00,Floral Designers,1.73,2.71,1.0,3.39,4.13
27-1024.00,Graphic Designers,1.67,3.58,1.37,3.74,4.65
27-1025.00,Interior Designers,2.04,2.88,1.12,2.36,4.16
27-1026.00,Merchandise Displayers and Window Trimmers,1.46,2.83,1.15,3.13,3.77
27-1027.00,Set and Exhibit Designers,1.71,2.33,1.05,2.29,4.19
27-2011.00,Actors,1.35,2.59,1.22,2.41,4.59
27-2012.00,Producers and Directors,1.48,2.68,1.49,2.72,4.36
27-2012.03,Media Programming Directors,2.56,3.71,2.07,3.0,3.97
27-2012.04,Talent Directors,1.73,2.31,1.06,2.54,3.66
27-2012.05,Media Technical Directors/Managers,1.99,3.79,2.76,2.48,4.86
27-2021.00,Athletes and Sports Competitors,1.63,3.68,1.59,3.92,3.87
27-2022.00,Coaches and Scouts,1.44,2.35,1.28,2.66,3.67
27-2023.00,"Umpires, Referees, and Other Sports Officials",1.43,2.62,1.32,2.48,3.05
27-2031.00,Dancers,1.85,3.71,1.67,4.38,2.94
27-2032.00,Choreographers,1.1,2.9,1.2,4.19,3.9
27-2041.00,Music Directors and Composers,1.35,3.35,1.15,3.37,3.92
27-2042.00,Musicians and Singers,1.06,3.45,1.76,3.26,3.76
27-3011.00,Broadcast Announcers and Radio Disc Jockeys,2.58,3.4,2.66,2.53,4.85
27-3023.00,"News Analysts, Reporters, and Journalists",2.04,3.04,1.7,2.91,4.89
27-3031.00,Public Relations Specialists,2.14,2.36,1.09,2.29,4.55
27-3041.00,Editors,1.77,4.05,1.05,3.38,4.57
27-3042.00,Technical Writers,2.07,4.52,1.23,4.01,4.23
27-3043.00,Writers and Authors,1.31,3.13,1.01,2.17,4.7
27-3043.05,"Poets, Lyricists and Creative Writers",1.33,3.77,1.1,3.38,3.18
27-3091.00,Interpreters and Translators,1.8,4.46,1.59,2.62,4.02
27-3092.00,Court Reporters and Simultaneous Captioners,2.35,3.85,1.83,3.72,4.43
27-4011.00,Audio and Video Technicians,1.68,4.1,2.45,3.12,3.88
27-4012.00,Broadcast Technicians,2.69,3.07,2.24,2.21,3.92
27-4014.00,Sound Engineering Technicians,2.0,3.25,1.52,3.56,4.2
27-4021.00,Photographers,1.86,3.05,1.45,3.05,3.91
27-4031.00,"Camera Operators, Television, Video, and Film",1.8,3.54,2.03,3.32,3.91
27-4032.00,Film and Video Editors,2.09,2.76,1.19,2.24,4.7
29-1011.00,Chiropractors,2.07,4.26,1.13,3.7,3.58
29-1021.00,"Dentists, General",2.03,4.26,1.78,4.61,3.78
29-1022.00,Oral and Maxillofacial Surgeons,1.72,3.29,1.26,3.4,3.58
29-1023.00,Orthodontists,2.11,3.68,2.17,3.39,4.34
29-1024.00,Prosthodontists,1.74,3.96,1.41,4.22,3.85
29-1031.00,Dietitians and Nutritionists,1.72,2.5,1.1,1.72,3.83
29-1041.00,Optometrists,2.3,3.95,1.35,3.65,4.05
29-1051.00,Pharmacists,2.64,4.49,1.53,4.05,4.67
29-1071.00,Physician Assistants,1.54,3.16,1.16,2.49,4.35
29-1071.01,Anesthesiologist Assistants,1.52,3.89,2.25,3.19,3.8
29-1081.00,Podiatrists,1.82,3.45,1.02,2.88,4.38
29-1122.00,Occupational Therapists,1.14,2.68,1.0,2.09,3.95
29-1122.01,"Low Vision Therapists, Orientation and Mobility Specialists, and Vision Rehabilitation Therapists",1.3,2.04,1.0,1.96,2.96
29-1123.00,Physical Therapists,1.31,3.75,1.15,3.04,4.24
29-1124.00,Radiation Therapists,2.92,4.68,3.8,4.01,4.46
29-1125.00,Recreational Therapists,1.61,2.63,1.24,2.34,3.68
29-1126.00,Respiratory Therapists,2.38,3.63,1.96,2.81,4.09
29-1127.00,Speech-Language Pathologists,1.57,2.63,1.46,1.91,4.59
29-1128.00,Exercise Physiologists,1.64,2.95,1.41,2.59,3.14
29-1129.01,Art Therapists,1.32,2.39,1.03,2.1,3.68
29-1129.02,Music Therapists,1.19,2.65,1.23,3.28,3.42
29-1131.00,Veterinarians,1.79,3.17,1.64,2.96,4.21
29-1141.00,Registered Nurses,2.38,3.94,1.43,2.65,3.99
29-1141.01,Acute Care Nurses,1.48,3.62,1.76,3.1,4.52
29-1141.02,Advanced Practice Psychiatric Nurses,1.82,3.05,1.3,2.74,4.35
29-1141.03,Critical Care Nurses,1.79,3.5,1.74,2.7,4.25
29-1141.04,Clinical Nurse Specialists,1.52,2.95,1.33,2.52,3.48
29-1151.00,Nurse Anesthetists,2.23,4.15,1.85,3.07,4.11
29-1161.00,Nurse Midwives,1.62,3.09,1.09,2.52,3.82
29-1171.00,Nurse Practitioners,2.04,3.48,1.18,2.73,4.09
29-1181.00,Audiologists,2.14,2.41,1.23,2.29,3.55
29-1211.00,Anesthesiologists,2.35,3.78,1.99,2.26,4.0
29-1213.00,Dermatologists,1.69,2.47,1.04,2.39,3.81
29-1214.00,Emergency Medicine Physicians,1.7,3.6,1.2,2.67,4.2
29-1215.00,Family Medicine Physicians,2.33,2.77,1.04,1.5,4.72
29-1216.00,General Internal Medicine Physicians,2.22,3.64,1.68,2.36,4.08
29-1217.00,Neurologists,1.7,3.1,1.36,1.94,4.27
29-1218.00,Obstetricians and Gynecologists,1.96,3.02,1.4,2.34,3.92
29-1221.00,"Pediatricians, General",1.56,2.68,1.02,2.58,3.14
29-1222.00,"Physicians, Pathologists",2.23,4.1,2.27,3.88,4.9
29-1223.00,Psychiatrists,1.64,2.41,1.07,1.92,4.05
29-1224.00,Radiologists,2.26,4.43,1.19,4.21,4.43
29-1229.01,Allergists and Immunologists,1.84,3.18,1.47,2.84,4.04
29-1229.02,Hospitalists,1.72,2.92,1.24,2.13,4.44
29-1229.03,Urologists,2.37,4.42,2.33,1.84,4.77
29-1229.04,Physical Medicine and Rehabilitation Physicians,1.69,3.1,1.36,2.24,4.03
29-1229.05,Preventive Medicine Physicians,1.89,2.33,1.29,2.0,3.95
29-1229.06,Sports Medicine Physicians,1.45,3.11,1.09,1.88,3.87
29-1241.00,"Ophthalmologists, Except Pediatric",1.27,4.13,1.0,3.7,4.61
29-1291.00,Acupuncturists,1.18,3.04,1.04,3.21,3.03
29-1292.00,Dental Hygienists,1.71,4.3,1.41,5.0,3.74
29-1299.01,Naturopathic Physicians,1.64,2.64,1.08,2.04,3.88
29-1299.02,Orthoptists,1.48,3.37,1.11,3.19,3.56
29-2011.00,Medical and Clinical Laboratory Technologists,3.27,4.38,3.03,3.44,4.36
29-2011.01,Cytogenetic Technologists,2.71,4.71,1.86,4.33,4.81
29-2011.02,Cytotechnologists,2.5,4.5,1.41,4.68,3.77
29-2011.04,Histotechnologists,2.81,4.45,2.8,4.71,4.86
29-2012.00,Medical and Clinical Laboratory Technicians,3.12,4.33,2.91,3.89,3.78
29-2012.01,Histology Technicians,3.04,4.33,2.87,4.76,4.46
29-2031.00,Cardiovascular Technologists and Technicians,2.07,4.11,2.68,4.03,4.3
29-2032.00,Diagnostic Medical Sonographers,2.02,4.66,1.74,4.72,4.02
29-2033.00,Nuclear Medicine Technologists,2.49,3.48,3.23,2.53,4.1
29-2034.00,Radiologic Technologists and Technicians,2.39,3.89,2.13,3.69,3.66
29-2035.00,Magnetic Resonance Imaging Technologists,2.59,4.0,3.73,3.36,3.91
29-2036.00,Medical Dosimetrists,2.65,4.21,2.45,3.85,5.0
29-2051.00,Dietetic Technicians,2.75,3.37,1.41,3.19,4.31
29-2052.00,Pharmacy Technicians,2.44,4.39,2.29,4.06,4.26
29-2053.00,Psychiatric Technicians,2.16,2.95,1.2,2.32,3.46
29-2055.00,Surgical Technologists,1.89,4.01,1.89,3.68,3.82
29-2056.00,Veterinary Technologists and Technicians,1.98,3.4,1.52,2.83,3.96
29-2057.00,Ophthalmic Medical Technicians,2.73,3.62,1.23,3.82,3.32
29-2061.00,Licensed Practical and Licensed Vocational Nurses,2.21,3.9,1.77,3.27,4.38
29-2081.00,"Opticians, Dispensing",2.29,3.88,1.92,2.71,4.04
29-2091.00,Orthotists and Prosthetists,1.71,3.0,1.71,2.43,4.29
29-2092.00,Hearing Aid Specialists,1.98,3.02,1.4,2.24,3.94
29-2099.01,Neurodiagnostic Technologists,2.06,3.81,1.72,3.13,4.26
29-2099.05,Ophthalmic Medical Technologists,2.5,3.2,1.35,2.9,3.45
29-2099.08,Patient Representatives,2.72,4.53,1.59,3.31,3.09
29-9091.00,Athletic Trainers,2.14,3.63,1.26,2.71,3.6
29-9092.00,Genetic Counselors,1.57,2.57,1.0,1.74,3.91
29-9093.00,Surgical Assistants,2.0,3.69,1.82,2.98,3.33
29-9099.01,Midwives,1.23,2.75,1.01,1.74,2.8
31-1121.00,Home Health Aides,1.79,2.81,1.73,3.24,3.43
31-1122.00,Personal Care Aides,2.22,3.55,1.63,3.12,4.08
31-1131.00,Nursing Assistants,1.77,3.46,2.31,3.48,3.71
31-1132.00,Orderlies,2.66,4.13,2.49,4.25,4.23
31-1133.00,Psychiatric Aides,1.89,3.72,1.07,2.9,3.71
31-2011.00,Occupational Therapy Assistants,2.0,4.07,1.56,3.55,4.7
31-2012.00,Occupational Therapy Aides,1.46,3.13,1.17,2.97,4.11
31-2021.00,Physical Therapist Assistants,1.43,3.21,1.02,3.6,3.52
31-2022.00,Physical Therapist Aides,1.64,2.82,1.42,3.21,3.04
31-9011.00,Massage Therapists,1.31,3.23,1.08,4.35,2.28
31-9091.00,Dental Assistants,1.93,3.93,2.02,3.85,3.44
31-9092.00,Medical Assistants,2.06,4.04,1.05,3.31,3.8
31-9093.00,Medical Equipment Preparers,2.05,4.43,3.36,4.49,4.28
31-9094.00,Medical Transcriptionists,2.73,4.48,1.94,2.97,4.11
31-9095.00,Pharmacy Aides,2.89,3.79,1.95,3.63,3.47
31-9096.00,Veterinary Assistants and Laboratory Animal Caretakers,1.67,4.0,1.12,3.26,3.78
31-9097.00,Phlebotomists,2.33,4.23,2.5,4.45,4.45
31-9099.01,Speech-Language Pathology Assistants,1.87,2.83,1.0,2.13,3.46
31-9099.02,Endoscopy Technicians,2.58,3.92,3.12,3.88,3.73
33-1011.00,First-Line Supervisors of Correctional Officers,1.89,3.63,1.11,2.41,4.16
33-1012.00,First-Line Supervisors of Police and Detectives,1.94,3.4,1.25,2.77,3.5
33-1021.00,First-Line Supervisors of Firefighting and Prevention Workers,1.66,3.13,1.62,2.62,3.53
33-1091.00,First-Line Supervisors of Security Workers,3.24,3.68,1.17,2.92,3.41
33-2011.00,Firefighters,1.74,3.44,1.81,2.76,3.6
33-2021.00,Fire Inspectors and Investigators,2.01,3.08,1.13,2.65,3.94
33-2022.00,Forest Fire Inspectors and Prevention Specialists,2.28,3.56,2.14,3.37,3.81
33-3011.00,Bailiffs,1.64,3.04,1.0,2.22,3.24
33-3012.00,Correctional Officers and Jailers,2.17,4.25,1.63,2.59,4.45
33-3021.00,Detectives and Criminal Investigators,2.19,3.87,1.34,2.68,3.78
33-3021.02,Police Identification and Records Officers,1.92,3.25,1.24,2.67,3.17
33-3021.06,Intelligence Analysts,2.3,3.77,1.18,2.83,3.78
33-3031.00,Fish and Game Wardens,2.5,2.84,1.06,2.48,3.94
33-3041.00,Parking Enforcement Workers,2.53,3.45,2.94,3.97,2.83
33-3051.00,Police and Sheriff's Patrol Officers,2.0,3.67,1.31,2.65,3.96
33-3051.04,Customs and Border Protection Officers,3.3,4.13,1.83,3.54,3.86
33-3052.00,Transit and Railroad Police,1.92,3.28,1.78,2.97,3.8
33-9011.00,Animal Control Workers,1.35,3.54,1.15,2.81,3.96
33-9021.00,Private Detectives and Investigators,2.01,3.43,1.41,2.74,4.32
33-9031.00,Gambling Surveillance Officers and Gambling Investigators,2.16,4.53,2.14,3.43,3.14
33-9032.00,Security Guards,2.2,4.42,2.53,2.17,3.05
33-9091.00,Crossing Guards and Flaggers,1.44,2.09,1.13,3.79,2.21
33-9092.00,"Lifeguards, Ski Patrol, and Other Recreational Protective Service Workers",1.99,2.77,1.64,2.56,2.98
33-9093.00,Transportation Security Screeners,2.63,3.7,2.88,4.07,3.41
33-9099.02,Retail Loss Prevention Specialists,2.2,3.78,1.89,2.33,3.45
35-1011.00,Chefs and Head Cooks,1.78,3.79,1.96,4.38,4.75
35-1012.00,First-Line Supervisors of Food Preparation and Serving Workers,2.71,3.58,1.82,3.72,3.44
35-2011.00,"Cooks, Fast Food",2.18,2.1,2.05,2.42,3.26
35-2012.00,"Cooks, Institution and Cafeteria",2.0,2.61,2.23,3.72,4.4
35-2013.00,"Cooks, Private Household",1.54,2.77,1.31,3.65,4.15
35-2014.00,"Cooks, Restaurant",2.3,3.26,2.42,4.06,3.03
35-2015.00,"Cooks, Short Order",1.42,2.55,1.84,3.81,3.52
35-2021.00,Food Preparation Workers,2.5,3.27,2.17,3.25,3.91
35-3011.00,Bartenders,2.03,3.09,1.16,3.73,1.75
35-3023.00,Fast Food and Counter Workers,2.43,3.83,2.06,4.1,2.4
35-3023.01,Baristas,2.65,2.98,1.89,4.11,2.14
35-3031.00,Waiters and Waitresses,2.64,3.05,1.24,3.63,2.79
35-3041.00,"Food Servers, Nonrestaurant",2.09,3.67,2.55,3.59,4.43
35-9011.00,Dining Room and Cafeteria Attendants and Bartender Helpers,1.69,2.25,1.66,4.15,2.87
35-9021.00,Dishwashers,1.6,1.89,2.68,3.38,3.35
35-9031.00,"Hosts and Hostesses, Restaurant, Lounge, and Coffee Shop",2.08,2.71,1.23,4.2,2.18
37-1011.00,First-Line Supervisors of Housekeeping and Janitorial Workers,2.13,3.43,2.44,3.33,4.36
37-1012.00,"First-Line Supervisors of Landscaping, Lawn Service, and Groundskeeping Workers",2.37,2.95,2.67,2.76,4.29
37-2011.00,"Janitors and Cleaners, Except Maids and Housekeeping Cleaners",1.8,2.84,1.64,3.29,2.96
37-2012.00,Maids and Housekeeping Cleaners,2.06,2.74,1.8,4.77,3.9
37-2021.00,Pest Control Workers,2.04,3.42,1.87,3.72,4.14
37-3011.00,Landscaping and Groundskeeping Workers,2.49,2.28,3.85,3.18,3.28
37-3012.00,"Pesticide Handlers, Sprayers, and Applicators, Vegetation",1.7,3.16,2.34,3.42,4.17
37-3013.00,Tree Trimmers and Pruners,1.43,3.02,2.03,3.53,3.71
39-1013.00,First-Line Supervisors of Gambling Services Workers,2.55,4.35,2.44,3.14,4.0
39-1022.00,First-Line Supervisors of Personal Service Workers,1.99,3.54,1.27,2.88,4.4
39-2011.00,Animal Trainers,1.34,2.57,1.06,3.4,2.89
39-2021.00,Animal Caretakers,1.12,3.15,1.08,3.1,3.32
39-3011.00,Gambling Dealers,1.43,3.72,1.78,4.14,2.32
39-3012.00,Gambling and Sports Book Writers and Runners,2.76,4.28,2.57,4.04,2.71
39-3021.00,Motion Picture Projectionists,3.34,2.61,2.7,2.57,3.56
39-3031.00,"Ushers, Lobby Attendants, and Ticket Takers",2.19,2.91,1.88,3.31,2.46
39-3091.00,Amusement and Recreation Attendants,1.79,3.09,1.78,3.39,1.98
39-3092.00,Costume Attendants,1.51,3.18,1.72,3.67,4.21
39-3093.00,"Locker Room, Coatroom, and Dressing Room Attendants",1.65,2.78,1.25,3.38,3.24
39-4011.00,Embalmers,1.73,3.54,1.58,2.59,4.74
39-4021.00,Funeral Attendants,1.68,2.5,1.27,2.06,3.66
39-4031.00,"Morticians, Undertakers, and Funeral Arrangers",1.28,3.41,1.08,2.02,3.74
39-5011.00,Barbers,2.12,2.83,1.69,4.38,2.39
39-5012.00,"Hairdressers, Hairstylists, and Cosmetologists",1.6,3.61,1.49,4.71,3.41
39-5091.00,"Makeup Artists, Theatrical and Performance",1.29,2.38,1.33,3.76,4.5
39-5092.00,Manicurists and Pedicurists,1.07,1.85,1.68,4.54,2.23
39-5093.00,Shampooers,1.8,2.54,1.79,4.42,3.33
39-5094.00,Skincare Specialists,1.42,3.14,2.18,3.49,2.59
39-6011.00,Baggage Porters and Bellhops,1.91,3.12,1.99,2.54,2.38
39-6012.00,Concierges,2.0,2.45,1.09,2.24,3.86
39-7011.00,Tour Guides and Escorts,1.42,2.09,1.59,1.96,3.41
39-7012.00,Travel Guides,2.29,3.15,2.01,2.51,4.07
39-9011.00,Childcare Workers,1.79,2.33,1.18,2.96,3.49
39-9011.01,Nannies,1.2,2.8,1.08,2.84,2.88
39-9031.00,Exercise Trainers and Group Fitness Instructors,1.48,3.1,1.43,3.62,2.95
39-9032.00,Recreation Workers,1.77,3.44,1.08,2.24,3.3
39-9041.00,Residential Advisors,1.55,3.24,1.02,1.84,3.67
41-1011.00,First-Line Supervisors of Retail Sales Workers,1.95,3.59,1.22,2.71,4.22
41-1012.00,First-Line Supervisors of Non-Retail Sales Workers,2.11,3.69,1.78,3.23,4.64
41-2011.00,Cashiers,1.82,3.34,1.86,3.22,3.06
41-2012.00,Gambling Change Persons and Booth Cashiers,2.03,4.46,1.99,4.56,3.38
41-2021.00,Counter and Rental Clerks,2.12,3.68,1.45,2.82,3.27
41-2022.00,Parts Salespersons,1.8,4.01,1.36,3.1,4.07
41-2031.00,Retail Salespersons,2.16,3.53,1.14,2.76,3.42
41-3011.00,Advertising Sales Agents,1.7,2.67,1.28,1.99,4.46
41-3021.00,Insurance Sales Agents,2.76,3.79,1.0,2.16,4.52
41-3031.00,"Securities, Commodities, and Financial Services Sales Agents",2.59,3.17,1.24,2.2,3.86
41-3041.00,Travel Agents,3.8,3.12,1.22,3.08,3.73
41-4011.00,"Sales Representatives, Wholesale and Manufacturing, Technical and Scientific Products",2.16,2.8,1.72,2.1,3.93
41-4011.07,Solar Sales Representatives and Assessors,2.12,2.97,1.2,2.01,3.22
41-4012.00,"Sales Representatives, Wholesale and Manufacturing, Except Technical and Scientific Products",2.43,3.44,1.14,2.49,3.78
41-9011.00,Demonstrators and Product Promoters,1.45,2.91,1.48,3.68,3.82
41-9012.00,Models,1.33,2.57,1.09,1.93,1.67
41-9021.00,Real Estate Brokers,2.7,3.04,1.37,1.92,3.92
41-9022.00,Real Estate Sales Agents,2.25,2.9,1.15,1.95,4.52
41-9031.00,Sales Engineers,1.62,2.93,1.11,2.06,4.02
41-9041.00,Telemarketers,3.09,4.17,1.94,3.54,3.74
41-9091.00,"Door-to-Door Sales Workers, News and Street Vendors, and Related Workers",1.88,2.04,1.04,1.79,3.04
43-1011.00,First-Line Supervisors of Office and Administrative Support Workers,2.33,3.07,1.1,3.17,4.04
43-2011.00,"Switchboard Operators, Including Answering Service",2.31,3.58,1.08,3.61,3.22
43-2021.00,Telephone Operators,2.63,3.86,2.69,4.11,3.69
43-3011.00,Bill and Account Collectors,2.86,4.3,1.09,2.66,3.9
43-3021.00,Billing and Posting Clerks,2.19,4.34,1.65,3.45,3.93
43-3031.00,"Bookkeeping, Accounting, and Auditing Clerks",2.36,4.65,1.28,4.14,3.87
43-3041.00,Gambling Cage Workers,2.36,4.84,2.34,4.11,4.07
43-3051.00,Payroll and Timekeeping Clerks,2.79,4.57,1.32,3.0,4.25
43-3061.00,Procurement Clerks,1.99,4.57,1.18,2.62,3.42
43-3071.00,Tellers,2.45,4.72,1.86,4.57,3.53
43-4011.00,Brokerage Clerks,3.28,4.51,1.71,3.44,4.61
43-4021.00,Correspondence Clerks,3.04,4.6,1.84,3.62,3.83
43-4031.00,"Court, Municipal, and License Clerks",2.57,4.24,1.43,3.53,4.08
43-4041.00,"Credit Authorizers, Checkers, and Clerks",2.97,4.33,1.33,3.88,4.67
43-4051.00,Customer Service Representatives,2.26,4.45,1.4,4.2,4.55
43-4061.00,"Eligibility Interviewers, Government Programs",1.96,4.36,1.16,3.54,4.28
43-4071.00,File Clerks,2.02,4.06,1.83,3.06,4.15
43-4081.00,"Hotel, Motel, and Resort Desk Clerks",2.64,3.88,1.45,3.79,3.2
43-4111.00,"Interviewers, Except Eligibility and Loan",2.63,4.63,1.93,3.91,4.2
43-4121.00,"Library Assistants, Clerical",2.26,3.7,1.49,3.52,3.38
43-4131.00,Loan Interviewers and Clerks,2.96,4.31,1.51,3.15,4.53
43-4141.00,New Accounts Clerks,3.05,4.43,1.1,3.58,3.97
43-4151.00,Order Clerks,2.48,3.47,1.61,3.14,4.16
43-4161.00,"Human Resources Assistants, Except Payroll and Timekeeping",2.55,4.36,1.13,3.46,4.27
43-4171.00,Receptionists and Information Clerks,2.32,3.74,1.47,3.79,2.71
43-4181.00,Reservation and Transportation Ticket Agents and Travel Clerks,3.61,4.92,2.62,3.52,4.49
43-5011.00,Cargo and Freight Agents,1.84,2.89,1.72,2.78,3.96
43-5011.01,Freight Forwarders,2.22,4.27,2.25,2.4,4.95
43-5021.00,Couriers and Messengers,2.37,3.48,1.44,3.7,4.71
43-5031.00,Public Safety Telecommunicators,2.13,4.87,1.79,4.38,4.22
43-5032.00,"Dispatchers, Except Police, Fire, and Ambulance",2.43,4.5,2.0,3.83,4.48
43-5041.00,"Meter Readers, Utilities",2.63,3.9,3.12,4.09,3.97
43-5051.00,Postal Service Clerks,2.57,3.96,1.77,3.97,3.67
43-5052.00,Postal Service Mail Carriers,2.42,4.26,1.13,4.64,4.12
43-5053.00,"Postal Service Mail Sorters, Processors, and Processing Machine Operators",3.73,3.66,3.93,4.54,4.69
43-5061.00,"Production, Planning, and Expediting Clerks",1.91,3.48,3.39,3.19,4.55
43-5071.00,"Shipping, Receiving, and Inventory Clerks",2.74,4.37,3.08,2.7,4.57
43-5111.00,"Weighers, Measurers, Checkers, and Samplers, Recordkeeping",2.34,4.17,3.8,3.41,4.26
43-6011.00,Executive Secretaries and Executive Administrative Assistants,2.06,3.83,1.13,3.28,3.86
43-6012.00,Legal Secretaries and Administrative Assistants,1.94,4.19,1.53,3.06,4.01
43-6013.00,Medical Secretaries and Administrative Assistants,2.11,4.6,1.39,3.04,3.95
43-6014.00,"Secretaries and Administrative Assistants, Except Legal, Medical, and Executive",1.79,4.3,1.19,3.03,4.09
43-9021.00,Data Entry Keyers,2.85,4.81,1.85,4.58,4.21
43-9022.00,Word Processors and Typists,2.33,4.62,1.52,4.16,3.96
43-9031.00,Desktop Publishers,2.24,3.26,1.45,3.55,4.52
43-9041.00,Insurance Claims and Policy Processing Clerks,3.19,4.48,1.62,3.88,3.94
43-9051.00,"Mail Clerks and Mail Machine Operators, Except Postal Service",2.96,4.25,3.41,3.98,4.11
43-9061.00,"Office Clerks, General",2.1,4.22,1.45,3.64,3.77
43-9071.00,"Office Machine Operators, Except Computer",2.42,3.19,3.21,2.68,4.38
43-9081.00,Proofreaders and Copy Markers,2.41,4.67,1.02,4.48,4.7
43-9111.00,Statistical Assistants,2.65,3.44,1.11,3.66,3.63
45-1011.00,"First-Line Supervisors of Farming, Fishing, and Forestry Workers",2.2,2.97,2.56,3.03,3.88
45-2011.00,Agricultural Inspectors,2.36,3.92,2.79,3.41,3.9
45-2021.00,Animal Breeders,1.31,2.3,1.27,3.25,2.44
45-2041.00,"Graders and Sorters, Agricultural Products",2.32,2.03,4.04,4.42,4.18
45-2091.00,Agricultural Equipment Operators,2.04,2.41,3.59,2.11,3.4
45-2092.00,"Farmworkers and Laborers, Crop, Nursery, and Greenhouse",1.87,2.23,2.81,3.97,3.74
45-2093.00,"Farmworkers, Farm, Ranch, and Aquacultural Animals",1.82,2.76,1.52,3.0,2.37
45-3031.00,Fishing and Hunting Workers,1.45,2.5,2.0,3.6,3.05
45-4011.00,Forest and Conservation Workers,1.34,2.54,2.18,2.85,3.0
45-4021.00,Fallers,1.47,2.53,2.76,3.72,2.83
45-4022.00,Logging Equipment Operators,2.15,3.7,4.45,4.09,3.19
45-4023.00,Log Graders and Scalers,2.02,3.66,3.45,3.58,3.81
47-1011.00,First-Line Supervisors of Construction Trades and Extraction Workers,1.58,2.7,2.73,3.18,4.13
47-1011.03,Solar Energy Installation Managers,1.78,3.59,1.67,3.05,4.17
47-2011.00,Boilermakers,1.69,2.87,2.15,3.32,4.09
47-2021.00,Brickmasons and Blockmasons,1.6,2.6,2.11,4.56,4.08
47-2022.00,Stonemasons,1.48,3.3,2.24,4.11,3.67
47-2031.00,Carpenters,1.78,2.97,2.57,3.46,4.43
47-2041.00,Carpet Installers,1.21,2.53,1.42,4.07,4.24
47-2042.00,"Floor Layers, Except Carpet, Wood, and Hard Tiles",1.59,2.28,1.05,3.62,3.32
47-2043.00,Floor Sanders and Finishers,1.82,3.38,3.07,4.57,3.97
47-2044.00,Tile and Stone Setters,1.26,3.01,1.75,4.37,3.57
47-2051.00,Cement Masons and Concrete Finishers,2.46,3.09,4.39,4.5,3.77
47-2053.00,Terrazzo Workers and Finishers,1.5,2.76,3.32,3.82,4.29
47-2061.00,Construction Laborers,1.3,2.65,3.18,2.94,4.11
47-2071.00,"Paving, Surfacing, and Tamping Equipment Operators",2.54,2.96,3.8,3.94,3.46
47-2072.00,Pile Driver Operators,1.6,3.07,3.34,3.73,3.63
47-2073.00,Operating Engineers and Other Construction Equipment Operators,1.32,2.39,3.99,4.19,4.04
47-2081.00,Drywall and Ceiling Tile Installers,1.99,3.47,2.05,4.08,3.73
47-2082.00,Tapers,2.01,2.38,1.64,4.24,3.91
47-2111.00,Electricians,1.14,3.37,2.23,4.34,4.32
47-2121.00,Glaziers,1.43,3.08,2.4,3.64,3.93
47-2131.00,"Insulation Workers, Floor, Ceiling, and Wall",1.69,2.53,2.25,3.85,4.04
47-2132.00,"Insulation Workers, Mechanical",1.41,2.44,1.55,4.15,4.27
47-2141.00,"Painters, Construction and Maintenance",1.22,3.15,2.15,3.82,4.6
47-2142.00,Paperhangers,1.63,2.98,1.49,4.1,4.03
47-2151.00,Pipelayers,1.48,2.27,3.04,3.29,3.65
47-2152.00,"Plumbers, Pipefitters, and Steamfitters",1.35,3.09,2.15,3.49,4.27
47-2152.04,Solar Thermal Installers and Technicians,1.67,2.58,1.94,2.7,4.38
47-2161.00,Plasterers and Stucco Masons,2.16,2.31,3.06,4.0,3.24
47-2171.00,Reinforcing Iron and Rebar Workers,1.86,3.06,2.89,4.31,4.43
47-2181.00,Roofers,2.06,2.86,2.59,3.67,4.18
47-2211.00,Sheet Metal Workers,2.7,3.28,3.53,4.0,3.98
47-2221.00,Structural Iron and Steel Workers,1.41,2.5,2.83,3.57,4.24
47-2231.00,Solar Photovoltaic Installers,1.48,3.64,2.07,3.76,3.89
47-3011.00,"Helpers--Brickmasons, Blockmasons, Stonemasons, and Tile and Marble Setters",2.04,3.14,3.38,4.16,4.44
47-3012.00,Helpers--Carpenters,1.92,2.5,2.83,3.77,4.0
47-3013.00,Helpers--Electricians,1.5,3.28,1.8,3.84,3.91
47-3014.00,"Helpers--Painters, Paperhangers, Plasterers, and Stucco Masons",1.51,3.05,2.46,4.0,3.64
47-3015.00,"Helpers--Pipelayers, Plumbers, Pipefitters, and Steamfitters",1.38,2.78,2.65,3.73,3.84
47-3016.00,Helpers--Roofers,2.85,2.64,2.34,3.84,3.1
47-4011.00,Construction and Building Inspectors,2.04,2.84,1.68,2.28,4.08
47-4011.01,Energy Auditors,1.75,2.59,1.5,2.0,4.1
47-4021.00,Elevator and Escalator Installers and Repairers,2.0,3.64,2.54,3.55,4.08
47-4031.00,Fence Erectors,2.39,3.45,2.35,4.14,4.52
47-4041.00,Hazardous Materials Removal Workers,2.1,3.16,2.79,3.49,3.88
47-4051.00,Highway Maintenance Workers,2.29,3.51,3.35,4.22,3.72
47-4061.00,Rail-Track Laying and Maintenance Equipment Operators,2.15,3.3,3.64,3.91,3.9
47-4071.00,Septic Tank Servicers and Sewer Pipe Cleaners,1.56,2.97,2.87,3.54,3.82
47-4091.00,Segmental Pavers,2.61,3.23,1.86,3.35,4.06
47-4099.03,Weatherization Installers and Technicians,1.68,3.09,2.48,2.77,3.83
47-5011.00,"Derrick Operators, Oil and Gas",1.66,4.17,3.08,4.28,3.21
47-5012.00,"Rotary Drill Operators, Oil and Gas",1.83,4.39,3.79,3.72,4.1
47-5013.00,"Service Unit Operators, Oil and Gas",2.11,4.09,4.07,3.88,4.35
47-5022.00,"Excavating and Loading Machine and Dragline Operators, Surface Mining",1.73,3.27,3.9,4.1,3.58
47-5023.00,"Earth Drillers, Except Oil and Gas",1.87,2.64,2.95,4.21,3.0
47-5032.00,"Explosives Workers, Ordnance Handling Experts, and Blasters",2.18,3.38,3.3,3.48,4.35
47-5041.00,Continuous Mining Machine Operators,1.65,3.2,3.86,4.14,3.4
47-5043.00,"Roof Bolters, Mining",1.64,3.76,4.6,4.96,4.79
47-5044.00,"Loading and Moving Machine Operators, Underground Mining",2.16,2.53,3.79,4.04,3.68
47-5051.00,"Rock Splitters, Quarry",1.83,2.4,3.04,3.04,2.61
47-5071.00,"Roustabouts, Oil and Gas",1.92,3.31,2.81,3.7,4.28
47-5081.00,Helpers--Extraction Workers,1.52,3.13,3.91,4.08,3.47
49-1011.00,"First-Line Supervisors of Mechanics, Installers, and Repairers",1.46,3.87,1.64,2.91,3.93
49-2011.00,"Computer, Automated Teller, and Office Machine Repairers",2.46,3.65,1.91,2.78,4.24
49-2021.00,"Radio, Cellular, and Tower Equipment Installers and Repairers",1.48,2.88,1.54,2.8,3.48
49-2022.00,"Telecommunications Equipment Installers and Repairers, Except Line Installers",1.67,3.89,1.11,3.21,4.12
49-2091.00,Avionics Technicians,1.75,2.88,1.59,2.85,4.54
49-2092.00,"Electric Motor, Power Tool, and Related Repairers",1.51,3.25,2.94,3.68,4.04
49-2093.00,"Electrical and Electronics Installers and Repairers, Transportation Equipment",1.86,3.13,2.32,4.03,4.48
49-2094.00,"Electrical and Electronics Repairers, Commercial and Industrial Equipment",2.36,3.29,2.27,3.18,3.16
49-2095.00,"Electrical and Electronics Repairers, Powerhouse, Substation, and Relay",2.37,4.19,2.12,2.83,4.17
49-2096.00,"Electronic Equipment Installers and Repairers, Motor Vehicles",1.6,3.46,2.18,3.99,4.53
49-2097.00,Audiovisual Equipment Installers and Repairers,2.2,2.69,1.68,2.94,3.82
49-2098.00,Security and Fire Alarm Systems Installers,1.43,3.05,1.14,2.39,4.08
49-3011.00,Aircraft Mechanics and Service Technicians,1.27,3.71,1.99,3.51,4.24
49-3021.00,Automotive Body and Related Repairers,1.65,2.87,2.26,4.04,4.53
49-3022.00,Automotive Glass Installers and Repairers,1.07,3.17,1.44,3.51,4.41
49-3023.00,Automotive Service Technicians and Mechanics,1.53,3.42,1.81,3.56,4.48
49-3031.00,Bus and Truck Mechanics and Diesel Engine Specialists,1.55,3.2,2.36,4.14,4.07
49-3041.00,Farm Equipment Mechanics and Service Technicians,1.37,3.37,2.35,3.88,4.08
49-3042.00,"Mobile Heavy Equipment Mechanics, Except Engines",1.49,3.52,2.51,3.83,3.93
49-3043.00,Rail Car Repairers,1.44,2.8,2.23,3.37,3.99
49-3051.00,Motorboat Mechanics and Service Technicians,1.56,2.4,1.72,2.86,4.17
49-3052.00,Motorcycle Mechanics,1.06,3.78,1.83,3.96,4.54
49-3053.00,Outdoor Power Equipment and Other Small Engine Mechanics,1.36,3.07,1.32,3.1,3.66
49-3091.00,Bicycle Repairers,1.12,2.22,1.27,3.67,4.53
49-3092.00,Recreational Vehicle Service Technicians,1.71,2.33,1.28,2.77,3.46
49-3093.00,Tire Repairers and Changers,2.08,3.46,2.8,3.97,4.15
49-9011.00,Mechanical Door Repairers,1.68,3.18,1.65,3.41,4.0
49-9012.00,"Control and Valve Installers and Repairers, Except Mechanical Door",2.23,3.28,2.28,3.67,4.03
49-9021.00,"Heating, Air Conditioning, and Refrigeration Mechanics and Installers",1.97,3.49,2.12,3.1,3.8
49-9031.00,Home Appliance Repairers,1.81,3.04,1.83,3.08,3.74
49-9041.00,Industrial Machinery Mechanics,2.19,2.94,3.33,2.65,3.69
49-9043.00,"Maintenance Workers, Machinery",2.35,3.58,3.36,3.25,3.7
49-9044.00,Millwrights,1.86,3.91,3.09,3.55,4.59
49-9045.00,"Refractory Materials Repairers, Except Brickmasons",1.72,3.06,3.47,3.98,4.67
49-9051.00,Electrical Power-Line Installers and Repairers,1.48,2.79,2.77,3.37,4.11
49-9052.00,Telecommunications Line Installers and Repairers,1.8,3.56,2.39,3.7,4.54
49-9061.00,Camera and Photographic Equipment Repairers,1.21,2.96,1.04,3.34,3.67
49-9062.00,Medical Equipment Repairers,1.79,3.33,1.76,2.5,3.82
49-9063.00,Musical Instrument Repairers and Tuners,1.14,3.6,1.11,4.0,3.86
49-9064.00,Watch and Clock Repairers,1.05,2.52,1.13,2.72,3.81
49-9071.00,"Maintenance and Repair Workers, General",2.48,3.09,3.23,3.43,3.72
49-9081.00,Wind Turbine Service Technicians,2.12,4.18,2.71,4.44,4.21
49-9091.00,"Coin, Vending, and Amusement Machine Servicers and Repairers",1.88,4.05,2.0,3.49,3.03
49-9092.00,Commercial Divers,1.54,3.39,2.36,3.17,3.85
49-9094.00,Locksmiths and Safe Repairers,1.58,3.0,1.81,2.69,3.92
49-9095.00,Manufactured Building and Mobile Home Installers,1.05,2.65,2.64,4.25,4.24
49-9096.00,Riggers,1.96,3.55,3.7,3.86,4.61
49-9097.00,Signal and Track Switch Repairers,2.0,3.07,2.07,3.07,3.86
49-9098.00,"Helpers--Installation, Maintenance, and Repair Workers",2.1,3.12,2.36,2.94,3.44
49-9099.01,Geothermal Technicians,3.06,3.73,2.59,3.17,3.58
51-1011.00,First-Line Supervisors of Production and Operating Workers,2.3,3.34,3.83,2.77,4.5
51-2011.00,"Aircraft Structure, Surfaces, Rigging, and Systems Assemblers",2.17,3.65,2.39,3.96,3.53
51-2021.00,"Coil Winders, Tapers, and Finishers",1.64,3.63,2.41,4.65,4.14
51-2022.00,Electrical and Electronic Equipment Assemblers,1.75,2.94,2.75,3.78,4.48
51-2023.00,Electromechanical Equipment Assemblers,2.29,3.55,2.31,3.5,3.78
51-2031.00,Engine and Other Machine Assemblers,1.87,3.01,2.66,3.72,4.31
51-2041.00,Structural Metal Fabricators and Fitters,2.08,2.93,2.77,3.59,4.33
51-2051.00,Fiberglass Laminators and Fabricators,1.76,3.59,2.92,4.2,4.59
51-2061.00,Timing Device Assemblers and Adjusters,1.91,2.23,1.07,1.88,2.91
51-2092.00,Team Assemblers,2.09,2.81,2.86,3.88,4.5
51-3011.00,Bakers,2.5,3.08,3.27,3.66,4.32
51-3021.00,Butchers and Meat Cutters,2.44,3.0,3.58,4.26,4.12
51-3022.00,"Meat, Poultry, and Fish Cutters and Trimmers",2.89,3.52,4.22,4.76,4.59
51-3023.00,Slaughterers and Meat Packers,1.9,3.07,4.2,4.28,2.97
51-3091.00,"Food and Tobacco Roasting, Baking, and Drying Machine Operators and Tenders",3.22,3.58,3.83,3.41,4.03
51-3092.00,Food Batchmakers,2.77,4.09,4.29,3.86,4.19
51-3093.00,Food Cooking Machine Operators and Tenders,2.89,3.03,3.49,3.61,4.14
51-4021.00,"Extruding and Drawing Machine Setters, Operators, and Tenders, Metal and Plastic",2.73,3.46,4.76,3.37,4.41
51-4022.00,"Forging Machine Setters, Operators, and Tenders, Metal and Plastic",2.96,3.56,4.06,3.54,4.47
51-4023.00,"Rolling Machine Setters, Operators, and Tenders, Metal and Plastic",2.68,3.7,4.12,3.75,4.36
51-4031.00,"Cutting, Punching, and Press Machine Setters, Operators, and Tenders, Metal and Plastic",2.42,4.13,4.71,4.46,4.14
51-4032.00,"Drilling and Boring Machine Tool Setters, Operators, and Tenders, Metal and Plastic",2.67,3.41,3.87,3.4,4.32
51-4033.00,"Grinding, Lapping, Polishing, and Buffing Machine Tool Setters, Operators, and Tenders, Metal and Plastic",2.9,3.69,4.07,3.76,4.31
51-4034.00,"Lathe and Turning Machine Tool Setters, Operators, and Tenders, Metal and Plastic",2.62,2.88,3.12,3.45,3.26
51-4035.00,"Milling and Planing Machine Setters, Operators, and Tenders, Metal and Plastic",2.24,3.28,3.89,3.7,4.1
51-4041.00,Machinists,3.05,3.89,4.33,4.02,4.22
51-4051.00,Metal-Refining Furnace Operators and Tenders,2.91,3.83,4.41,4.01,3.39
51-4052.00,"Pourers and Casters, Metal",2.48,2.1,3.32,3.62,3.48
51-4061.00,"Model Makers, Metal and Plastic",2.33,3.73,3.46,3.29,4.24
51-4062.00,"Patternmakers, Metal and Plastic",2.12,3.04,3.48,3.37,4.51
51-4071.00,Foundry Mold and Coremakers,2.24,2.96,3.72,4.03,4.2
51-4072.00,"Molding, Coremaking, and Casting Machine Setters, Operators, and Tenders, Metal and Plastic",2.42,3.47,3.93,3.46,3.96
51-4081.00,"Multiple Machine Tool Setters, Operators, and Tenders, Metal and Plastic",3.02,2.93,3.95,2.89,4.46
51-4111.00,Tool and Die Makers,1.8,2.87,3.24,2.9,4.29
51-4121.00,"Welders, Cutters, Solderers, and Brazers",1.76,3.16,2.64,3.46,4.51
51-4122.00,"Welding, Soldering, and Brazing Machine Setters, Operators, and Tenders",2.41,3.26,3.35,4.22,4.28
51-4191.00,"Heat Treating Equipment Setters, Operators, and Tenders, Metal and Plastic",1.91,4.14,4.01,3.9,4.6
51-4192.00,"Layout Workers, Metal and Plastic",2.01,2.87,2.6,3.68,4.64
51-4193.00,"Plating Machine Setters, Operators, and Tenders, Metal and Plastic",2.23,3.49,3.43,3.47,4.94
51-4194.00,"Tool Grinders, Filers, and Sharpeners",2.16,2.79,4.12,4.07,4.05
51-5111.00,Prepress Technicians and Workers,3.08,3.72,2.43,3.64,4.92
51-5112.00,Printing Press Operators,2.61,3.61,4.04,3.82,4.8
51-5113.00,Print Binding and Finishing Workers,2.7,3.6,3.57,4.19,3.87
51-6011.00,Laundry and Dry-Cleaning Workers,3.27,3.07,4.12,4.13,3.91
51-6021.00,"Pressers, Textile, Garment, and Related Materials",2.55,2.84,4.19,3.68,3.94
51-6031.00,Sewing Machine Operators,1.88,2.61,3.03,4.44,3.76
51-6041.00,Shoe and Leather Workers and Repairers,2.01,2.39,2.82,4.29,4.03
51-6042.00,Shoe Machine Operators and Tenders,1.47,3.75,3.71,4.85,3.89
51-6051.00,"Sewers, Hand",2.12,3.13,3.82,4.3,3.21
51-6052.00,"Tailors, Dressmakers, and Custom Sewers",2.13,3.17,3.71,3.58,4.53
51-6061.00,Textile Bleaching and Dyeing Machine Operators and Tenders,2.7,3.51,4.29,3.31,3.82
51-6062.00,"Textile Cutting Machine Setters, Operators, and Tenders",2.56,3.27,4.1,3.39,3.88
51-6063.00,"Textile Knitting and Weaving Machine Setters, Operators, and Tenders",1.87,3.48,4.2,3.5,4.06
51-6064.00,"Textile Winding, Twisting, and Drawing Out Machine Setters, Operators, and Tenders",2.58,3.36,4.17,4.11,3.27
51-6091.00,"Extruding and Forming Machine Setters, Operators, and Tenders, Synthetic and Glass Fibers",3.11,3.31,3.61,3.01,3.88
51-6092.00,Fabric and Apparel Patternmakers,2.21,3.24,1.66,3.64,4.07
51-6093.00,Upholsterers,1.2,2.21,2.3,4.14,3.86
51-7011.00,Cabinetmakers and Bench Carpenters,2.13,2.67,2.31,3.48,4.11
51-7021.00,Furniture Finishers,1.36,2.08,2.07,3.63,3.82
51-7031.00,"Model Makers, Wood",1.87,3.3,2.78,2.61,4.16
51-7032.00,"Patternmakers, Wood",2.19,3.71,3.1,2.92,4.14
51-7041.00,"Sawing Machine Setters, Operators, and Tenders, Wood",2.52,2.85,4.21,3.85,4.18
51-7042.00,"Woodworking Machine Setters, Operators, and Tenders, Except Sawing",2.13,3.68,3.17,4.34,3.96
51-8011.00,Nuclear Power Reactor Operators,3.04,4.09,2.14,2.44,4.28
51-8012.00,Power Distributors and Dispatchers,2.78,4.35,2.16,3.3,3.94
51-8013.00,Power Plant Operators,2.96,3.56,2.85,2.96,3.6
51-8013.03,Biomass Plant Technicians,3.29,4.33,3.59,2.84,3.46
51-8013.04,Hydroelectric Plant Technicians,2.16,2.92,2.49,2.54,3.23
51-8021.00,Stationary Engineers and Boiler Operators,2.73,3.94,3.11,2.71,3.74
51-8031.00,Water and Wastewater Treatment Plant and System Operators,3.04,3.71,2.79,2.5,4.0
51-8091.00,Chemical Plant and System Operators,3.64,4.04,4.41,2.99,4.11
51-8092.00,Gas Plant Operators,3.24,3.86,3.13,2.77,3.6
51-8093.00,"Petroleum Pump System Operators, Refinery Operators, and Gaugers",3.31,3.79,3.48,2.94,3.75
51-8099.01,Biofuels Processing Technicians,3.57,3.89,4.3,2.82,3.93
51-9011.00,Chemical Equipment Operators and Tenders,2.88,3.86,4.15,3.06,4.02
51-9012.00,"Separating, Filtering, Clarifying, Precipitating, and Still Machine Setters, Operators, and Tenders",3.5,2.99,3.33,2.89,2.95
51-9021.00,"Crushing, Grinding, and Polishing Machine Setters, Operators, and Tenders",2.67,3.28,4.03,3.18,3.72
51-9022.00,"Grinding and Polishing Workers, Hand",2.18,3.57,3.04,3.86,4.05
51-9023.00,"Mixing and Blending Machine Setters, Operators, and Tenders",2.53,4.24,4.09,3.78,4.68
51-9031.00,"Cutters and Trimmers, Hand",2.22,2.6,2.7,4.04,3.75
51-9032.00,"Cutting and Slicing Machine Setters, Operators, and Tenders",2.92,3.84,3.97,4.07,3.93
51-9041.00,"Extruding, Forming, Pressing, and Compacting Machine Setters, Operators, and Tenders",3.23,3.66,4.34,3.32,3.92
51-9051.00,"Furnace, Kiln, Oven, Drier, and Kettle Operators and Tenders",2.82,3.37,3.55,3.51,2.84
51-9061.00,"Inspectors, Testers, Sorters, Samplers, and Weighers",2.15,3.63,3.13,3.17,3.72
51-9071.00,Jewelers and Precious Stone and Metal Workers,1.5,3.53,1.3,3.2,4.64
51-9071.06,Gem and Diamond Workers,2.57,4.51,1.4,3.8,3.7
51-9081.00,Dental Laboratory Technicians,1.97,3.75,2.69,4.09,4.81
51-9082.00,Medical Appliance Technicians,1.78,3.21,2.04,3.51,4.39
51-9083.00,Ophthalmic Laboratory Technicians,3.18,4.14,3.9,4.18,4.58
51-9111.00,Packaging and Filling Machine Operators and Tenders,2.56,3.97,4.6,4.11,4.44
51-9123.00,"Painting, Coating, and Decorating Workers",2.19,2.43,2.31,3.83,2.86
51-9124.00,"Coating, Painting, and Spraying Machine Setters, Operators, and Tenders",1.82,2.73,3.42,4.61,4.23
51-9141.00,Semiconductor Processing Technicians,2.83,3.79,3.49,3.14,3.86
51-9151.00,Photographic Process Workers and Processing Machine Operators,3.22,3.25,1.77,3.22,4.01
51-9161.00,Computer Numerically Controlled Tool Operators,3.26,4.01,3.94,3.33,4.41
51-9162.00,Computer Numerically Controlled Tool Programmers,2.79,3.97,3.81,2.92,4.2
51-9191.00,Adhesive Bonding Machine Operators and Tenders,2.84,3.65,4.0,3.73,4.11
51-9192.00,"Cleaning, Washing, and Metal Pickling Equipment Operators and Tenders",2.44,3.07,3.61,3.44,4.09
51-9193.00,Cooling and Freezing Equipment Operators and Tenders,2.98,3.74,3.87,2.4,4.06
51-9194.00,Etchers and Engravers,2.28,3.35,2.69,3.01,4.25
51-9195.00,"Molders, Shapers, and Casters, Except Metal and Plastic",2.73,3.49,3.77,4.28,4.11
51-9195.03,"Stone Cutters and Carvers, Manufacturing",2.33,3.32,3.43,4.34,4.23
51-9195.04,"Glass Blowers, Molders, Benders, and Finishers",2.42,3.01,3.51,3.8,3.37
51-9195.05,"Potters, Manufacturing",1.81,3.86,1.09,3.98,3.0
51-9196.00,"Paper Goods Machine Setters, Operators, and Tenders",2.36,3.43,4.11,3.62,4.27
51-9197.00,Tire Builders,2.09,3.75,3.67,4.66,4.15
51-9198.00,Helpers--Production Workers,2.62,3.21,3.87,4.06,4.09
53-1041.00,Aircraft Cargo Handling Supervisors,2.56,3.88,2.75,3.14,4.69
53-1042.00,"First-Line Supervisors of Helpers, Laborers, and Material Movers, Hand",2.71,3.54,2.72,2.82,4.52
53-1042.01,Recycling Coordinators,2.23,3.25,2.09,2.27,3.69
53-1043.00,First-Line Supervisors of Material-Moving Machine and Vehicle Operators,2.4,3.62,3.45,2.35,3.97
53-2011.00,"Airline Pilots, Copilots, and Flight Engineers",3.58,3.97,3.4,3.01,4.54
53-2012.00,Commercial Pilots,2.06,3.67,1.98,2.68,3.77
53-2021.00,Air Traffic Controllers,3.58,4.67,2.28,3.52,3.41
53-2022.00,Airfield Operations Specialists,2.61,4.45,2.13,2.87,4.1
53-2031.00,Flight Attendants,2.3,3.8,2.43,3.34,4.46
53-3011.00,"Ambulance Drivers and Attendants, Except Emergency Medical Technicians",2.24,3.86,1.59,2.98,3.78
53-3031.00,Driver/Sales Workers,2.13,4.41,2.25,4.24,4.92
53-3032.00,Heavy and Tractor-Trailer Truck Drivers,1.79,3.54,2.93,3.65,4.24
53-3033.00,Light Truck Drivers,2.67,3.43,2.4,2.76,4.19
53-3051.00,"Bus Drivers, School",1.67,2.51,2.62,3.85,3.77
53-3052.00,"Bus Drivers, Transit and Intercity",2.27,3.06,2.73,3.89,3.84
53-3053.00,Shuttle Drivers and Chauffeurs,1.48,3.26,2.42,3.33,4.13
53-4011.00,Locomotive Engineers,1.75,3.61,2.81,3.92,4.38
53-4013.00,"Rail Yard Engineers, Dinkey Operators, and Hostlers",1.88,3.27,2.02,3.85,3.48
53-4022.00,"Railroad Brake, Signal, and Switch Operators and Locomotive Firers",1.8,3.66,2.73,3.92,4.15
53-4031.00,Railroad Conductors and Yardmasters,2.21,3.68,2.87,3.0,3.41
53-4041.00,Subway and Streetcar Operators,2.06,4.0,3.73,4.39,3.82
53-5011.00,Sailors and Marine Oilers,1.52,3.42,3.03,3.64,4.0
53-5021.00,"Captains, Mates, and Pilots of Water Vessels",1.8,3.57,2.82,3.09,3.98
53-5022.00,Motorboat Operators,2.19,3.61,2.45,2.63,4.13
53-5031.00,Ship Engineers,2.28,3.86,2.55,2.87,3.81
53-6011.00,Bridge and Lock Tenders,2.89,3.53,2.26,2.6,3.1
53-6021.00,Parking Attendants,2.59,3.17,2.23,3.79,2.99
53-6031.00,Automotive and Watercraft Service Attendants,1.68,2.68,2.15,3.79,4.6
53-6041.00,Traffic Technicians,2.57,3.82,2.08,3.13,4.23
53-6051.00,Transportation Inspectors,2.17,3.43,1.71,2.1,3.78
53-6051.01,Aviation Inspectors,2.57,4.35,1.54,3.17,4.11
53-6051.07,"Transportation Vehicle, Equipment and Systems Inspectors, Except Aviation",1.77,3.27,2.93,3.08,4.24
53-6061.00,Passenger Attendants,2.06,2.42,1.37,2.72,2.92
53-7011.00,Conveyor Operators and Tenders,2.62,3.0,4.58,2.97,4.05
53-7021.00,Crane and Tower Operators,2.13,2.96,3.77,3.61,3.8
53-7031.00,Dredge Operators,3.0,2.41,2.35,3.8,3.01
53-7041.00,Hoist and Winch Operators,2.58,3.37,4.32,4.56,4.75
53-7051.00,Industrial Truck and Tractor Operators,1.98,2.97,3.64,4.2,4.49
53-7061.00,Cleaners of Vehicles and Equipment,1.65,3.12,1.95,4.43,4.2
53-7062.00,"Laborers and Freight, Stock, and Material Movers, Hand",2.05,4.06,3.29,3.91,3.74
53-7062.04,Recycling and Reclamation Workers,2.07,2.63,3.12,4.02,3.5
53-7063.00,Machine Feeders and Offbearers,2.89,3.18,4.11,3.68,3.71
53-7064.00,"Packers and Packagers, Hand",2.12,3.87,3.04,3.88,4.22
53-7065.00,Stockers and Order Fillers,1.98,3.68,1.47,3.46,3.44
53-7071.00,Gas Compressor and Gas Pumping Station Operators,2.77,3.74,3.61,2.49,3.76
53-7072.00,"Pump Operators, Except Wellhead Pumpers",2.11,4.0,2.64,3.7,3.31
53-7073.00,Wellhead Pumpers,2.0,3.55,2.35,2.71,3.52
53-7081.00,Refuse and Recyclable Material Collectors,2.33,3.41,2.78,4.32,3.74
53-7121.00,"Tank Car, Truck, and Ship Loaders",1.87,4.45,3.56,3.8,4.47
