Member ID,Country,Full Name,Given Names,Surnames,EU Political Group,National Political Group,Multi-Part Given Name,Multi-Part Surname
256810,Finland,Mika AALTOLA,Mika,AALTOLA,Group of the European People's Party (Christian Democrats),Kansallinen Kokoomus,0,0
257043,Spain,Maravillas ABADÍA JOVER,Maravillas,ABADÍA JOVER,Group of the European People's Party (Christian Democrats),Partido Popular,0,1
197490,Poland,Magdalena ADAMOWICZ,Magdalena,ADAMOWICZ,Group of the European People's Party (Christian Democrats),Independent,0,0
256820,Greece,Georgios AFTIAS,Georgios,AFTIAS,Group of the European People's Party (Christian Democrats),Nea Demokratia,0,0
256987,Spain,Oihane AGIRREGOITIA MARTÍNEZ,Oihane,AGIRREGOITIA MARTÍNEZ,Renew Europe Group,Partido Nacionalista Vasco,0,1
113523,Malta,Peter AGIUS,Peter,AGIUS,Group of the European People's Party (Christian Democrats),Partit Nazzjonalista,0,0
197403,Malta,Alex AGIUS SALIBA,Alex,AGIUS SALIBA,Group of the Progressive Alliance of Socialists and Democrats in the European Parliament,Partit Laburista,0,1
256956,Greece,Galato ALEXANDRAKI,Galato,ALEXANDRAKI,European Conservatives and Reformists Group,Elliniki Lusi-Greek Solution,0,0
256869,France,Grégory ALLIONE,Grégory,ALLIONE,Renew Europe Group,Renaissance,0,0
197400,Sweden,Abir AL-SAHLANI,Abir,AL-SAHLANI,Renew Europe Group,Centerpartiet,0,0
256858,Greece,Nikolaos ANADIOTIS,Nikolaos,ANADIOTIS,Non-attached Members,Dimokratikó Patriotikó Kínima «NIKI»,0,0
197475,Germany,Christine ANDERSON,Christine,ANDERSON,Europe of Sovereign Nations Group,Alternative für Deutschland,0,0
256805,Finland,Li ANDERSSON,Li,ANDERSSON,The Left group in the European Parliament - GUE/NGL,Vasemmistoliitto,0,0
197448,Germany,Rasmus ANDRESEN,Rasmus,ANDRESEN,Group of the Greens/European Free Alliance,Bündnis 90/Die Grünen,0,0
204332,Ireland,Barry ANDREWS,Barry,ANDREWS,Renew Europe Group,Fianna Fáil Party,0,0
130881,Netherlands,Mieke ANDRIESE,Mieke,ANDRIESE,Patriots for Europe Group,Partij voor de Vrijheid,0,0
119652,Lithuania,Vytenis Povilas ANDRIUKAITIS,Vytenis Povilas,ANDRIUKAITIS,Group of the Progressive Alliance of Socialists and Democrats in the European Parliament,Lietuvos socialdemokratų partija,1,0
197691,France,Mathilde ANDROUËT,Mathilde,ANDROUËT,Patriots for Europe Group,Rassemblement national,0,0
202073,Luxembourg,Marc ANGEL,Marc,ANGEL,Group of the Progressive Alliance of Socialists and Democrats in the European Parliament,Parti ouvrier socialiste luxembourgeois,0,0
124973,Belgium,Gerolf ANNEMANS,Gerolf,ANNEMANS,Patriots for Europe Group,Vlaams Belang,0,0
257123,Italy,Lucia ANNUNZIATA,Lucia,ANNUNZIATA,Group of the Progressive Alliance of Socialists and Democrats in the European Parliament,Partito Democratico,0,0
257138,Italy,Giuseppe ANTOCI,Giuseppe,ANTOCI,The Left group in the European Parliament - GUE/NGL,Movimento 5 Stelle,0,0
96808,Spain,Pablo ARIAS ECHEVERRÍA,Pablo,ARIAS ECHEVERRÍA,Group of the European People's Party (Christian Democrats),Partido Popular,0,1
24922,Belgium,Pascal ARIMONT,Pascal,ARIMONT,Group of the European People's Party (Christian Democrats),Christlich Soziale Partei,0,0
197492,Poland,Bartosz ARŁUKOWICZ,Bartosz,ARŁUKOWICZ,Group of the European People's Party (Christian Democrats),Platforma Obywatelska,0,0
256829,Greece,Sakis ARNAOUTOGLOU,Sakis,ARNAOUTOGLOU,Group of the Progressive Alliance of Socialists and Democrats in the European Parliament,PASOK-KINAL,0,0
256951,Germany,Anja ARNDT,Anja,ARNDT,Europe of Sovereign Nations Group,Alternative für Deutschland,0,0
197701,Greece,Konstantinos ARVANITIS,Konstantinos,ARVANITIS,The Left group in the European Parliament - GUE/NGL,Coalition of the Radical Left,0,0
257015,Spain,Jaume ASENS LLODRÀ,Jaume,ASENS LLODRÀ,Group of the Greens/European Free Alliance,Comuns,0,1
28307,Portugal,Francisco ASSIS,Francisco,ASSIS,Group of the Progressive Alliance of Socialists and Democrats in the European Parliament,Partido Socialista,0,0
256934,Malta,Daniel ATTARD,Daniel,ATTARD,Group of the Progressive Alliance of Socialists and Democrats in the European Parliament,Partit Laburista,0,0
197533,France,Manon AUBRY,Manon,AUBRY,The Left group in the European Parliament - GUE/NGL,La France Insoumise,0,0
256929,Germany,René AUST,René,AUST,Europe of Sovereign Nations Group,Alternative für Deutschland,0,0
124766,Lithuania,Petras AUŠTREVIČIUS,Petras,AUŠTREVIČIUS,Renew Europe Group,Liberalų sąjūdis,0,0
257117,Romania,Adrian-George AXINIA,Adrian-George,AXINIA,European Conservatives and Reformists Group,Alianța pentru Unirea Românilor,0,0
197781,Netherlands,Malik AZMANI,Malik,AZMANI,Renew Europe Group,Volkspartij voor Vrijheid en Democratie,0,0
256936,Malta,Thomas BAJADA,Thomas,BAJADA,Group of the Progressive Alliance of Socialists and Democrats in the European Parliament,Partit Laburista,0,0
257003,Netherlands,Jeannette BALJEU,Jeannette,BALJEU,Renew Europe Group,Volkspartij voor Vrijheid en Democratie,0,0
247735,Spain,Laura BALLARÍN CEREZA,Laura,BALLARÍN CEREZA,Group of the Progressive Alliance of Socialists and Democrats in the European Parliament,Partido Socialista Obrero Español,0,1
131580,France,Jordan BARDELLA,Jordan,BARDELLA,Patriots for Europe Group,Rassemblement national,0,0
197433,Germany,Katarina BARLEY,Katarina,BARLEY,Group of the Progressive Alliance of Socialists and Democrats in the European Parliament,Sozialdemokratische Partei Deutschlands,0,0
257110,Romania,Dan BARNA,Dan,BARNA,Renew Europe Group,Uniunea Salvați România,0,0
197684,Spain,Pernando BARRENA ARZA,Pernando,BARRENA ARZA,The Left group in the European Parliament - GUE/NGL,EH BILDU,0,1
257000,Croatia,Stephen Nikola BARTULICA,Stephen Nikola,BARTULICA,European Conservatives and Reformists Group,Dom i nacionalno okupljanje,1,0
256852,Czechia,Nikola BARTŮŠEK,Nikola,BARTŮŠEK,Non-attached Members,Přísaha,0,0
256948,Germany,Arno BAUSEMER,Arno,BAUSEMER,Europe of Sovereign Nations Group,Alternative für Deutschland,0,0
124760,France,Nicolas BAY,Nicolas,BAY,European Conservatives and Reformists Group,Identité Libertés,0,0
261797,France,Christophe BAY,Christophe,BAY,Patriots for Europe Group,Rassemblement national,0,0
256887,Belgium,Wouter BEKE,Wouter,BEKE,Group of the European People's Party (Christian Democrats),Christen-Democratisch & Vlaams,0,0
256947,Greece,Fredis BELERIS,Fredis,BELERIS,Group of the European People's Party (Christian Democrats),Nea Demokratia,0,0
197534,France,François-Xavier BELLAMY,François-Xavier,BELLAMY,Group of the European People's Party (Christian Democrats),Les Républicains,0,0
197658,Romania,Dragoş BENEA,Dragoş,BENEA,Group of the Progressive Alliance of Socialists and Democrats in the European Parliament,Partidul Social Democrat,0,0
124867,Italy,Brando BENIFEI,Brando,BENIFEI,Group of the Progressive Alliance of Socialists and Democrats in the European Parliament,Partito Democratico,0,0
197679,Spain,Isabel BENJUMEA BENJUMEA,Isabel,BENJUMEA BENJUMEA,Group of the European People's Party (Christian Democrats),Partido Popular,0,1
23868,Slovakia,Monika BEŇOVÁ,Monika,BEŇOVÁ,Non-attached Members,SMER-Sociálna demokracia,0,0
197408,Germany,Hildegard BENTELE,Hildegard,BENTELE,Group of the European People's Party (Christian Democrats),Christlich Demokratische Union Deutschlands,0,0
197778,Netherlands,Tom BERENDSEN,Tom,BERENDSEN,Group of the European People's Party (Christian Democrats),Christen Democratisch Appèl,0,0
197410,Germany,Stefan BERGER,Stefan,BERGER,Group of the European People's Party (Christian Democrats),Christlich Demokratische Union Deutschlands,0,0
256960,Germany,Sibylle BERG,Sibylle,BERG,Non-attached Members,Die PARTEI,0,0
4746,Italy,Sergio BERLATO,Sergio,BERLATO,European Conservatives and Reformists Group,FRATELLI D' ITALIA,0,0
197648,Austria,Alexander BERNHUBER,Alexander,BERNHUBER,Group of the European People's Party (Christian Democrats),Österreichische Volkspartei,0,0
197498,Poland,Robert BIEDROŃ,Robert,BIEDROŃ,Group of the Progressive Alliance of Socialists and Democrats in the European Parliament,Nowa Lewica,0,0
23788,Poland,Adam BIELAN,Adam,BIELAN,European Conservatives and Reformists Group,Prawo i Sprawiedliwość,0,0
197435,Germany,Gabriele BISCHOFF,Gabriele,BISCHOFF,Group of the Progressive Alliance of Socialists and Democrats in the European Parliament,Sozialdemokratische Partei Deutschlands,0,0
257005,Slovakia,Ľuboš BLAHA,Ľuboš,BLAHA,Non-attached Members,SMER-Sociálna demokracia,0,0
96681,Lithuania,Vilija BLINKEVIČIŪTĖ,Vilija,BLINKEVIČIŪTĖ,Group of the Progressive Alliance of Socialists and Democrats in the European Parliament,Lietuvos socialdemokratų partija,0,0
256998,Netherlands,Rachel BLOM,Rachel,BLOM,Patriots for Europe Group,Partij voor de Vrijheid,0,0
197449,Germany,Michael BLOSS,Michael,BLOSS,Group of the Greens/European Free Alliance,Bündnis 90/Die Grünen,0,0
257073,Poland,Tobiasz BOCHEŃSKI,Tobiasz,BOCHEŃSKI,European Conservatives and Reformists Group,Prawo i Sprawiedliwość,0,0
197439,Germany,Damian BOESELAGER,Damian,BOESELAGER,Group of the Greens/European Free Alliance,Volt,0,0
197636,Romania,Ioan-Rareş BOGDAN,Ioan-Rareş,BOGDAN,Group of the European People's Party (Christian Democrats),Partidul Naţional Liberal,0,0
257108,Italy,Stefano BONACCINI,Stefano,BONACCINI,Group of the Progressive Alliance of Socialists and Democrats in the European Parliament,Partito Democratico,0,0
256881,Belgium,Barbara BONTE,Barbara,BONTE,Patriots for Europe Group,Vlaams Belang,0,0
101039,Italy,Paolo BORCHIA,Paolo,BORCHIA,Patriots for Europe Group,Lega,0,0
257024,Spain,Mireia BORRÁS PABÓN,Mireia,BORRÁS PABÓN,Patriots for Europe Group,VOX,0,1
257457,Hungary,Zsuzsanna BORVENDÉG,Zsuzsanna,BORVENDÉG,Europe of Sovereign Nations Group,Mi Hazánk Mozgalom,0,0
112748,Croatia,Biljana BORZAN,Biljana,BORZAN,Group of the Progressive Alliance of Socialists and Democrats in the European Parliament,Socijaldemokratska partija Hrvatske,0,0
256995,Croatia,Gordan BOSANAC,Gordan,BOSANAC,Group of the Greens/European Free Alliance,Možemo!,0,0
256945,Germany,Irmhild BOẞDORF,Irmhild,BOẞDORF,Europe of Sovereign Nations Group,Alternative für Deutschland,0,0
257020,Denmark,Stine BOSSE,Stine,BOSSE,Renew Europe Group,Moderaterne,0,0
187917,Belgium,Marc BOTENGA,Marc,BOTENGA,The Left group in the European Parliament - GUE/NGL,PVDA-PTB,0,0
197577,France,Gilles BOYER,Gilles,BOYER,Renew Europe Group,Horizons,0,0
124984,Ireland,Lynn BOYLAN,Lynn,BOYLAN,The Left group in the European Parliament - GUE/NGL,Sinn Féin,0,0
256841,Austria,Helmut BRANDSTÄTTER,Helmut,BRANDSTÄTTER,Renew Europe Group,NEOS – Das Neue Österreich,0,0
256878,France,Marie-Luce BRASIER-CLAIN,Marie-Luce,BRASIER-CLAIN,Patriots for Europe Group,Rassemblement national,0,0
257067,Poland,Grzegorz BRAUN,Grzegorz,BRAUN,Non-attached Members,Konfederacja Korony Polskiej,0,0
251324,Poland,Krzysztof BREJZA,Krzysztof,BREJZA,Group of the European People's Party (Christian Democrats),Platforma Obywatelska,0,0
197470,Belgium,Saskia BRICMONT,Saskia,BRICMONT,Group of the Greens/European Free Alliance,Ecologistes Confédérés pour l'Organisation de Luttes Originales,0,0
204129,Croatia,Nikolina BRNJAC,Nikolina,BRNJAC,Group of the European People's Party (Christian Democrats),Hrvatska demokratska zajednica,0,0
197501,Poland,Joachim Stanisław BRUDZIŃSKI,Joachim Stanisław,BRUDZIŃSKI,European Conservatives and Reformists Group,Prawo i Sprawiedliwość,1,0
257064,Poland,Anna BRYŁKA,Anna,BRYŁKA,Patriots for Europe Group,Konfederacja Wolność i Niepodległość,0,0
128483,Germany,Markus BUCHHEIT,Markus,BUCHHEIT,Europe of Sovereign Nations Group,Alternative für Deutschland,0,0
257072,Poland,Tomasz BUCZEK,Tomasz,BUCZEK,Patriots for Europe Group,Konfederacja Wolność i Niepodległość,0,0
125012,Romania,Daniel BUDA,Daniel,BUDA,Group of the European People's Party (Christian Democrats),Partidul Naţional Liberal,0,0
99878,Poland,Waldemar BUDA,Waldemar,BUDA,European Conservatives and Reformists Group,Prawo i Sprawiedliwość,0,0
257047,Poland,Borys BUDKA,Borys,BUDKA,Group of the European People's Party (Christian Democrats),Platforma Obywatelska,0,0
257081,Portugal,Sebastião BUGALHO,Sebastião,BUGALHO,Group of the European People's Party (Christian Democrats),Partido Social Democrata,0,0
257051,Poland,Andrzej BUŁA,Andrzej,BUŁA,Group of the European People's Party (Christian Democrats),Platforma Obywatelska,0,0
4267,Germany,Udo BULLMANN,Udo,BULLMANN,Group of the Progressive Alliance of Socialists and Democrats in the European Parliament,Sozialdemokratische Partei Deutschlands,0,0
197440,Germany,Delara BURKHARDT,Delara,BURKHARDT,Group of the Progressive Alliance of Socialists and Democrats in the European Parliament,Sozialdemokratische Partei Deutschlands,0,0
197829,Spain,Jorge BUXADÉ VILLALBA,Jorge,BUXADÉ VILLALBA,Patriots for Europe Group,VOX,0,1
256928,Germany,Petr BYSTRON,Petr,BYSTRON,Europe of Sovereign Nations Group,Alternative für Deutschland,0,0
220840,Czechia,Jaroslav BŽOCH,Jaroslav,BŽOCH,Patriots for Europe Group,ANO 2011,0,0
256915,France,Mélissa CAMARA,Mélissa,CAMARA,Group of the Greens/European Free Alliance,Les Écologistes,0,0
96711,France,Pascal CANFIN,Pascal,CANFIN,Renew Europe Group,Renaissance,0,0
257296,Ireland,Nina CARBERRY,Nina,CARBERRY,Group of the European People's Party (Christian Democrats),Fine Gael Party,0,0
257100,Romania,Gheorghe CÂRCIU,Gheorghe,CÂRCIU,Group of the Progressive Alliance of Socialists and Democrats in the European Parliament,Partidul Social Democrat,0,0
197574,France,Damien CARÊME,Damien,CARÊME,The Left group in the European Parliament - GUE/NGL,La France Insoumise,0,0
28122,Malta,David CASA,David,CASA,Group of the European People's Party (Christian Democrats),Partit Nazzjonalista,0,0
28219,Germany,Daniel CASPARY,Daniel,CASPARY,Group of the European People's Party (Christian Democrats),Christlich Demokratische Union Deutschlands,0,0
256891,Belgium,Benoit CASSART,Benoit,CASSART,Renew Europe Group,Mouvement Réformateur,0,0
256921,France,Laurent CASTILLO,Laurent,CASTILLO,Patriots for Europe Group,Union des droites pour la République,0,0
28390,Spain,Pilar DEL CASTILLO VERA,Pilar,DEL CASTILLO VERA,Group of the European People's Party (Christian Democrats),Partido Popular,0,1
86793,Germany,Anna CAVAZZINI,Anna,CAVAZZINI,Group of the Greens/European Free Alliance,Bündnis 90/Die Grünen,0,0
257096,Italy,Stefano CAVEDAGNA,Stefano,CAVEDAGNA,European Conservatives and Reformists Group,FRATELLI D' ITALIA,0,0
197786,Italy,Susanna CECCARDI,Susanna,CECCARDI,Patriots for Europe Group,Lega,0,0
257002,Spain,José CEPEDA,José,CEPEDA,Group of the Progressive Alliance of Socialists and Democrats in the European Parliament,Partido Socialista Obrero Español,0,0
256880,Belgium,Estelle CEULEMANS,Estelle,CEULEMANS,Group of the Progressive Alliance of Socialists and Democrats in the European Parliament,Parti Socialiste,0,0
197782,Netherlands,Mohammed CHAHIM,Mohammed,CHAHIM,Group of the Progressive Alliance of Socialists and Democrats in the European Parliament,GroenLinks-PvdA,0,0
197529,France,Leila CHAIBI,Leila,CHAIBI,The Left group in the European Parliament - GUE/NGL,La France Insoumise,0,0
197463,Belgium,Olivier CHASTEL,Olivier,CHASTEL,Renew Europe Group,Mouvement Réformateur,0,0
124861,Italy,Caterina CHINNICI,Caterina,CHINNICI,Group of the European People's Party (Christian Democrats),Forza Italia,0,0
197558,Denmark,Asger CHRISTENSEN,Asger,CHRISTENSEN,Renew Europe Group,"Venstre, Danmarks Liberale Parti",0,0
257093,Italy,Carlo CICCIOLI,Carlo,CICCIOLI,European Conservatives and Reformists Group,FRATELLI D' ITALIA,0,0
257014,Slovakia,Veronika CIFROVÁ OSTRIHOŇOVÁ,Veronika,CIFROVÁ OSTRIHOŇOVÁ,Renew Europe Group,Progresívne Slovensko,0,1
257147,Italy,Alessandro CIRIANI,Alessandro,CIRIANI,European Conservatives and Reformists Group,FRATELLI D' ITALIA,0,0
257131,Italy,Anna Maria CISINT,Anna Maria,CISINT,Patriots for Europe Group,Lega,1,0
257023,Denmark,Per CLAUSEN,Per,CLAUSEN,The Left group in the European Parliament - GUE/NGL,Enhedslisten,0,0
245018,France,Christophe CLERGEAU,Christophe,CLERGEAU,Group of the Progressive Alliance of Socialists and Democrats in the European Parliament,Parti socialiste,0,0
197503,France,David CORMAND,David,CORMAND,Group of the Greens/European Free Alliance,Les Écologistes,0,0
257169,Italy,Annalisa CORRADO,Annalisa,CORRADO,Group of the Progressive Alliance of Socialists and Democrats in the European Parliament,Partito Democratico,0,0
256937,Germany,Vivien COSTANZO,Vivien,COSTANZO,Group of the Progressive Alliance of Socialists and Democrats in the European Parliament,Sozialdemokratische Partei Deutschlands,0,0
257057,Portugal,João COTRIM DE FIGUEIREDO,João,COTRIM DE FIGUEIREDO,Renew Europe Group,Iniciativa Liberal,0,1
257297,Ireland,Barry COWEN,Barry,COWEN,Renew Europe Group,Fianna Fáil Party,0,0
256938,Germany,Tobias CREMER,Tobias,CREMER,Group of the Progressive Alliance of Socialists and Democrats in the European Parliament,Sozialdemokratische Partei Deutschlands,0,0
257034,Spain,Carmen CRESPO DÍAZ,Carmen,CRESPO DÍAZ,Group of the European People's Party (Christian Democrats),Partido Popular,0,1
40224,Romania,Andi CRISTEA,Andi,CRISTEA,Group of the Progressive Alliance of Socialists and Democrats in the European Parliament,Partidul Social Democrat,0,0
257094,Italy,Giovanni CROSETTO,Giovanni,CROSETTO,European Conservatives and Reformists Group,FRATELLI D' ITALIA,0,0
257078,Portugal,Paulo CUNHA,Paulo,CUNHA,Group of the European People's Party (Christian Democrats),Partido Social Democrata,0,0
257028,Denmark,Henrik DAHL,Henrik,DAHL,Group of the European People's Party (Christian Democrats),Liberal Alliance,0,0
38542,Sweden,Johan DANIELSSON,Johan,DANIELSSON,Group of the Progressive Alliance of Socialists and Democrats in the European Parliament,Arbetarepartiet- Socialdemokraterna,0,0
236050,France,Marie DAUCHY,Marie,DAUCHY,Patriots for Europe Group,Rassemblement national,0,0
256862,Hungary,Dóra DÁVID,Dóra,DÁVID,Group of the European People's Party (Christian Democrats),Tisztelet és Szabadság Párt,0,0
197556,Czechia,Ivan DAVID,Ivan,DAVID,Europe of Sovereign Nations Group,Svoboda a přímá demokracie,0,0
257122,Italy,Antonio DECARO,Antonio,DECARO,Group of the Progressive Alliance of Socialists and Democrats in the European Parliament,Partito Democratico,0,0
197504,France,Jérémy DECERLE,Jérémy,DECERLE,Renew Europe Group,Renaissance,0,0
257030,Spain,Raúl DE LA HOZ QUINTANO,Raúl,DE LA HOZ QUINTANO,Group of the European People's Party (Christian Democrats),Partido Popular,0,1
257155,Italy,Danilo DELLA VALLE,Danilo,DELLA VALLE,The Left group in the European Parliament - GUE/NGL,Movimento 5 Stelle,0,1
256886,France,Valérie DELOGE,Valérie,DELOGE,Patriots for Europe Group,Rassemblement national,0,0
124858,Germany,Fabio DE MASI,Fabio,DE MASI,Non-attached Members,Bündnis Sahra Wagenknecht – Vernunft und Gerechtigkeit,0,1
204333,Italy,Salvatore DE MEO,Salvatore,DE MEO,Group of the European People's Party (Christian Democrats),Forza Italia,0,1
197468,Germany,Özlem DEMIREL,Özlem,DEMIREL,The Left group in the European Parliament - GUE/NGL,DIE LINKE.,0,0
96826,Hungary,Tamás DEUTSCH,Tamás,DEUTSCH,Patriots for Europe Group,Fidesz-Magyar Polgári Szövetség-Kereszténydemokrata Néppárt,0,0
256870,France,Valérie DEVAUX,Valérie,DEVAUX,Renew Europe Group,Union des démocrates et indépendants,0,0
257087,Sweden,Adnan DIBRANI,Adnan,DIBRANI,Group of the Progressive Alliance of Socialists and Democrats in the European Parliament,Arbetarepartiet- Socialdemokraterna,0,0
256981,Netherlands,Ton DIEPEVEEN,Ton,DIEPEVEEN,Patriots for Europe Group,Partij voor de Vrijheid,0,0
256834,Austria,Elisabeth DIERINGER,Elisabeth,DIERINGER,Patriots for Europe Group,Freiheitliche Partei Österreichs,0,0
33998,Romania,Vasile DÎNCU,Vasile,DÎNCU,Group of the Progressive Alliance of Socialists and Democrats in the European Parliament,Partidul Social Democrat,0,0
1294,Belgium,Elio DI RUPO,Elio,DI RUPO,Group of the Progressive Alliance of Socialists and Democrats in the European Parliament,Parti Socialiste,0,1
256874,France,Mélanie DISDIER,Mélanie,DISDIER,Patriots for Europe Group,Rassemblement national,0,0
197579,Hungary,Klára DOBREV,Klára,DOBREV,Group of the Progressive Alliance of Socialists and Democrats in the European Parliament,Demokratikus Koalíció,0,0
257237,Ireland,Regina DOHERTY,Regina,DOHERTY,Group of the European People's Party (Christian Democrats),Fine Gael Party,0,0
197473,Germany,Christian DOLESCHAL,Christian,DOLESCHAL,Group of the European People's Party (Christian Democrats),Christlich-Soziale Union in Bayern e.V.,0,0
260724,Hungary,Csaba DÖMÖTÖR,Csaba,DÖMÖTÖR,Patriots for Europe Group,Fidesz-Magyar Polgári Szövetség-Kereszténydemokrata Néppárt,0,0
257048,Portugal,Paulo DO NASCIMENTO CABRAL,Paulo,DO NASCIMENTO CABRAL,Group of the European People's Party (Christian Democrats),Aliança Democrática,0,1
257095,Italy,Elena DONAZZAN,Elena,DONAZZAN,European Conservatives and Reformists Group,FRATELLI D' ITALIA,0,0
96787,Italy,Herbert DORFMANN,Herbert,DORFMANN,Group of the European People's Party (Christian Democrats),Südtiroler Volkspartei,0,0
256853,Czechia,Klara DOSTALOVA,Klara,DOSTALOVA,Patriots for Europe Group,ANO 2011,0,0
256851,Czechia,Ondřej DOSTÁL,Ondřej,DOSTÁL,Non-attached Members,Independent,0,0
256949,Germany,Siegbert Frank DROESE,Siegbert Frank,DROESE,Europe of Sovereign Nations Group,Alternative für Deutschland,1,0
99945,Germany,Lena DÜPONT,Lena,DÜPONT,Group of the European People's Party (Christian Democrats),Christlich Demokratische Union Deutschlands,0,0
257076,Poland,Michał DWORCZYK,Michał,DWORCZYK,European Conservatives and Reformists Group,Prawo i Sprawiedliwość,0,0
237465,Germany,Matthias ECKE,Matthias,ECKE,Group of the Progressive Alliance of Socialists and Democrats in the European Parliament,Sozialdemokratische Partei Deutschlands,0,0
28226,Germany,Christian EHLER,Christian,EHLER,Group of the European People's Party (Christian Democrats),Christlich Demokratische Union Deutschlands,0,0
192254,Netherlands,Marieke EHLERS,Marieke,EHLERS,Patriots for Europe Group,Partij voor de Vrijheid,0,0
96725,Netherlands,Bas EICKHOUT,Bas,EICKHOUT,Group of the Greens/European Free Alliance,GroenLinks-PvdA,0,0
257088,Sweden,Sofie ERIKSSON,Sofie,ERIKSSON,Group of the Progressive Alliance of Socialists and Democrats in the European Parliament,Arbetarepartiet- Socialdemokraterna,0,0
257091,Sweden,Dick ERIXON,Dick,ERIXON,European Conservatives and Reformists Group,Sverigedemokraterna,0,0
197430,Germany,Engin EROGLU,Engin,EROGLU,Renew Europe Group,Freie Wähler,0,0
96811,Spain,Rosa ESTARÀS FERRAGUT,Rosa,ESTARÀS FERRAGUT,Group of the European People's Party (Christian Democrats),Partido Popular,0,1
256961,Germany,Sebastian EVERDING,Sebastian,EVERDING,The Left group in the European Parliament - GUE/NGL,Partei Mensch Umwelt Tierschutz,0,0
257035,Spain,Alma EZCURRA ALMANSA,Alma,EZCURRA ALMANSA,Group of the European People's Party (Christian Democrats),Partido Popular,0,1
197649,Romania,Gheorghe FALCĂ,Gheorghe,FALCĂ,Group of the European People's Party (Christian Democrats),Partidul Naţional Liberal,0,0
257137,Italy,Marco FALCONE,Marco,FALCONE,Group of the European People's Party (Christian Democrats),Forza Italia,0,0
256823,Greece,Nikolas FARANTOURIS,Nikolas,FARANTOURIS,The Left group in the European Parliament - GUE/NGL,Coalition of the Radical Left,0,0
197589,France,Laurence FARRENG,Laurence,FARRENG,Renew Europe Group,Mouvement Démocrate,0,0
256840,Czechia,Jan FARSKÝ,Jan,FARSKÝ,Group of the European People's Party (Christian Democrats),Starostové a nezávisli,0,0
1917,Germany,Markus FERBER,Markus,FERBER,Group of the European People's Party (Christian Democrats),Christlich-Soziale Union in Bayern e.V.,0,0
256857,Hungary,Viktória FERENC,Viktória,FERENC,Patriots for Europe Group,Fidesz-Magyar Polgári Szövetség-Kereszténydemokrata Néppárt,0,0
125046,Spain,Jonás FERNÁNDEZ,Jonás,FERNÁNDEZ,Group of the Progressive Alliance of Socialists and Democrats in the European Parliament,Partido Socialista Obrero Español,0,0
96810,Italy,Carlo FIDANZA,Carlo,FIDANZA,European Conservatives and Reformists Group,FRATELLI D' ITALIA,0,0
197607,Italy,Pietro FIOCCHI,Pietro,FIOCCHI,European Conservatives and Reformists Group,FRATELLI D' ITALIA,0,0
257098,Romania,Gabriela FIREA,Gabriela,FIREA,Group of the Progressive Alliance of Socialists and Democrats in the European Parliament,Partidul Social Democrat,0,0
25758,Germany,Ruth FIRMENICH,Ruth,FIRMENICH,Non-attached Members,Bündnis Sahra Wagenknecht – Vernunft und Gerechtigkeit,0,0
256906,France,Claire FITA,Claire,FITA,Group of the Progressive Alliance of Socialists and Democrats in the European Parliament,Parti socialiste,0,0
124985,Ireland,Luke Ming FLANAGAN,Luke Ming,FLANAGAN,The Left group in the European Parliament - GUE/NGL,Independent,1,0
197414,Cyprus,Loucas FOURLAS,Loucas,FOURLAS,Group of the European People's Party (Christian Democrats),Democratic Rally,0,0
256913,France,Emma FOURREAU,Emma,FOURREAU,The Left group in the European Parliament - GUE/NGL,La France Insoumise,0,0
198490,Greece,Emmanouil FRAGKOS,Emmanouil,FRAGKOS,European Conservatives and Reformists Group,Elliniki Lusi-Greek Solution,0,0
257066,Portugal,André FRANQUEIRA RODRIGUES,André,FRANQUEIRA RODRIGUES,Group of the Progressive Alliance of Socialists and Democrats in the European Parliament,Partido Socialista,0,1
106936,Germany,Daniel FREUND,Daniel,FREUND,Group of the Greens/European Free Alliance,Bündnis 90/Die Grünen,0,0
256876,France,Anne-Sophie FRIGOUT,Anne-Sophie,FRIGOUT,Patriots for Europe Group,Rassemblement national,0,0
257038,Denmark,Sigrid FRIIS,Sigrid,FRIIS,Renew Europe Group,Det Radikale Venstre,0,0
197391,Sweden,Heléne FRITZON,Heléne,FRITZON,Group of the Progressive Alliance of Socialists and Democrats in the European Parliament,Arbetarepartiet- Socialdemokraterna,0,0
190574,Germany,Tomasz FROELICH,Tomasz,FROELICH,Europe of Sovereign Nations Group,Alternative für Deutschland,0,0
101585,Denmark,Niels FUGLSANG,Niels,FUGLSANG,Group of the Progressive Alliance of Socialists and Democrats in the European Parliament,Socialdemokratiet,0,0
257299,Ireland,Kathleen FUNCHION,Kathleen,FUNCHION,The Left group in the European Parliament - GUE/NGL,Sinn Féin,0,0
256896,France,Angéline FURET,Angéline,FURET,Patriots for Europe Group,Rassemblement national,0,0
197795,Italy,Mario FURORE,Mario,FURORE,The Left group in the European Parliament - GUE/NGL,Movimento 5 Stelle,0,0
2341,Germany,Michael GAHLER,Michael,GAHLER,Group of the European People's Party (Christian Democrats),Christlich Demokratische Union Deutschlands,0,0
28150,Hungary,Kinga GÁL,Kinga,GÁL,Patriots for Europe Group,Fidesz-Magyar Polgári Szövetség-Kereszténydemokrata Néppárt,0,0
257012,Spain,Estrella GALÁN,Estrella,GALÁN,The Left group in the European Parliament - GUE/NGL,Movimiento Sumar,0,0
197702,Spain,Lina GÁLVEZ,Lina,GÁLVEZ,Group of the Progressive Alliance of Socialists and Democrats in the European Parliament,Partido Socialista Obrero Español,0,0
257097,Italy,Alberico GAMBINO,Alberico,GAMBINO,European Conservatives and Reformists Group,FRATELLI D' ITALIA,0,0
28298,Spain,Iratxe GARCÍA PÉREZ,Iratxe,GARCÍA PÉREZ,Group of the Progressive Alliance of Socialists and Democrats in the European Parliament,Partido Socialista Obrero Español,0,1
256970,Netherlands,Raquel GARCÍA HERMIDA-VAN DER WALLE,Raquel,GARCÍA HERMIDA-VAN DER WALLE,Renew Europe Group,Democraten 66,0,1
197628,France,Jean-Paul GARRAUD,Jean-Paul,GARRAUD,Patriots for Europe Group,Rassemblement national,0,0
257032,Poland,Kamila GASIUK-PIHOWICZ,Kamila,GASIUK-PIHOWICZ,Group of the European People's Party (Christian Democrats),Platforma Obywatelska,0,0
256986,Cyprus,Geadis GEADI,Geadis,GEADI,European Conservatives and Reformists Group,Εθνικό Λαϊκό Μέτωπο,0,0
257092,Sweden,Hanna GEDIN,Hanna,GEDIN,The Left group in the European Parliament - GUE/NGL,Vänsterpartiet,0,0
183916,Germany,Alexandra GEESE,Alexandra,GEESE,Group of the Greens/European Free Alliance,Bündnis 90/Die Grünen,0,0
96833,Germany,Jens GEIER,Jens,GEIER,Group of the Progressive Alliance of Socialists and Democrats in the European Parliament,Sozialdemokratische Partei Deutschlands,0,0
256939,Germany,Thomas GEISEL,Thomas,GEISEL,Non-attached Members,Bündnis Sahra Wagenknecht – Vernunft und Gerechtigkeit,0,0
197794,Italy,Chiara GEMMA,Chiara,GEMMA,European Conservatives and Reformists Group,FRATELLI D' ITALIA,0,0
197416,Cyprus,Giorgos GEORGIOU,Giorgos,GEORGIOU,The Left group in the European Parliament - GUE/NGL,Progressive Party of Working People - Left - New Forces,0,0
96940,Netherlands,Gerben-Jan GERBRANDY,Gerben-Jan,GERBRANDY,Renew Europe Group,Democraten 66,0,0
256901,France,Jean-Marc GERMAIN,Jean-Marc,GERMAIN,Group of the Progressive Alliance of Socialists and Democrats in the European Parliament,Parti socialiste,0,0
256866,Hungary,Gabriella GERZSENYI,Gabriella,GERZSENYI,Group of the European People's Party (Christian Democrats),Tisztelet és Szabadság Párt,0,0
251874,Germany,Niels GEUKING,Niels,GEUKING,Group of the European People's Party (Christian Democrats),Familien-Partei Deutschlands,0,0
124807,Germany,Jens GIESEKE,Jens,GIESEKE,Group of the European People's Party (Christian Democrats),Christlich Demokratische Union Deutschlands,0,0
125204,Spain,Borja GIMÉNEZ LARRAZ,Borja,GIMÉNEZ LARRAZ,Group of the European People's Party (Christian Democrats),Partido Popular,0,1
125052,Spain,Juan Carlos GIRAUTA VIDAL,Juan Carlos,GIRAUTA VIDAL,Patriots for Europe Group,VOX,1,1
202036,Croatia,Sunčana GLAVAK,Sunčana,GLAVAK,Group of the European People's Party (Christian Democrats),Hrvatska demokratska zajednica,0,0
197443,Germany,Andreas GLÜCK,Andreas,GLÜCK,Renew Europe Group,Freie Demokratische Partei,0,0
197694,France,Raphaël GLUCKSMANN,Raphaël,GLUCKSMANN,Group of the Progressive Alliance of Socialists and Democrats in the European Parliament,Place publique,0,0
840,Luxembourg,Charles GOERENS,Charles,GOERENS,Renew Europe Group,Parti démocratique,0,0
256919,France,Christophe GOMART,Christophe,GOMART,Group of the European People's Party (Christian Democrats),Les Républicains,0,0
257075,Portugal,Isilda GOMES,Isilda,GOMES,Group of the Progressive Alliance of Socialists and Democrats in the European Parliament,Partido Socialista,0,0
256997,Spain,Sandra GÓMEZ LÓPEZ,Sandra,GÓMEZ LÓPEZ,Group of the Progressive Alliance of Socialists and Democrats in the European Parliament,Partido Socialista Obrero Español,0,1
257059,Portugal,Bruno GONÇALVES,Bruno,GONÇALVES,Group of the Progressive Alliance of Socialists and Democrats in the European Parliament,Partido Socialista,0,0
257079,Portugal,Sérgio GONÇALVES,Sérgio,GONÇALVES,Group of the Progressive Alliance of Socialists and Democrats in the European Parliament,Partido Socialista,0,0
197718,Spain,Nicolás GONZÁLEZ CASARES,Nicolás,GONZÁLEZ CASARES,Group of the Progressive Alliance of Socialists and Democrats in the European Parliament,Partido Socialista Obrero Español,0,1
125027,Spain,Esteban GONZÁLEZ PONS,Esteban,GONZÁLEZ PONS,Group of the European People's Party (Christian Democrats),Partido Popular,0,1
257102,Italy,Giorgio GORI,Giorgio,GORI,Group of the Progressive Alliance of Socialists and Democrats in the European Parliament,Partito Democratico,0,0
257055,Poland,Małgorzata GOSIEWSKA,Małgorzata,GOSIEWSKA,European Conservatives and Reformists Group,Prawo i Sprawiedliwość,0,0
97399,Netherlands,Dirk GOTINK,Dirk,GOTINK,Group of the European People's Party (Christian Democrats),Nieuw Sociaal Contract,0,0
204419,France,Sandro GOZI,Sandro,GOZI,Renew Europe Group,Mouvement Démocrate,0,0
124785,Romania,Maria GRAPINI,Maria,GRAPINI,Group of the Progressive Alliance of Socialists and Democrats in the European Parliament,Partidul Umanist Social Liberal,0,0
256808,Lithuania,Petras GRAŽULIS,Petras,GRAŽULIS,Europe of Sovereign Nations Group,Tautos ir teisingumo sąjunga,0,0
197549,Czechia,Markéta GREGOROVÁ,Markéta,GREGOROVÁ,Group of the Greens/European Free Alliance,PIRÁTI,0,0
220908,Slovenia,Branko GRIMS,Branko,GRIMS,Group of the European People's Party (Christian Democrats),Slovenska demokratska stranka,0,0
94649,France,Catherine GRISET,Catherine,GRISET,Patriots for Europe Group,Rassemblement national,0,0
262021,Poland,Hanna GRONKIEWICZ-WALTZ,Hanna,GRONKIEWICZ-WALTZ,Group of the European People's Party (Christian Democrats),Platforma Obywatelska,0,0
197780,Netherlands,Bart GROOTHUIS,Bart,GROOTHUIS,Renew Europe Group,Volkspartij voor Vrijheid en Democratie,0,0
256830,Austria,Elisabeth GROSSMANN,Elisabeth,GROSSMANN,Group of the Progressive Alliance of Socialists and Democrats in the European Parliament,Sozialdemokratische Partei Österreichs,0,0
197557,France,Christophe GRUDLER,Christophe,GRUDLER,Renew Europe Group,Mouvement Démocrate,0,0
197618,Italy,Elisabetta GUALMINI,Elisabetta,GUALMINI,Group of the Progressive Alliance of Socialists and Democrats in the European Parliament,Partito Democratico,0,0
257130,Italy,Cristina GUARDA,Cristina,GUARDA,Group of the Greens/European Free Alliance,Europa Verde - Verdi,0,0
197543,France,Bernard GUETTA,Bernard,GUETTA,Renew Europe Group,Sans parti,0,0
270719,Germany,Martin GÜNTHER,Martin,GÜNTHER,The Left group in the European Parliament - GUE/NGL,DIE LINKE.,0,0
256803,Finland,Maria GUZENINA,Maria,GUZENINA,Group of the Progressive Alliance of Socialists and Democrats in the European Parliament,Suomen Sosialidemokraattinen Puolue/Finlands Socialdemokratiska Parti,0,0
96830,Hungary,Enikő GYŐRI,Enikő,GYŐRI,Patriots for Europe Group,Fidesz-Magyar Polgári Szövetség-Kereszténydemokrata Néppárt,0,0
23816,Hungary,András GYÜRK,András,GYÜRK,Patriots for Europe Group,Fidesz-Magyar Polgári Szövetség-Kereszténydemokrata Néppárt,0,0
256985,Cyprus,Michalis HADJIPANTELA,Michalis,HADJIPANTELA,Group of the European People's Party (Christian Democrats),Democratic Rally,0,0
197444,Germany,Svenja HAHN,Svenja,HAHN,Renew Europe Group,Freie Demokratische Partei,0,0
198176,Austria,Roman HAIDER,Roman,HAIDER,Patriots for Europe Group,Freiheitliche Partei Österreichs,0,0
197514,Poland,Andrzej HALICKI,Andrzej,HALICKI,Group of the European People's Party (Christian Democrats),Platforma Obywatelska,0,0
257033,Denmark,Niels Flemming HANSEN,Niels Flemming,HANSEN,Group of the European People's Party (Christian Democrats),Det Konservative Folkeparti,1,0
256912,France,Rima HASSAN,Rima,HASSAN,The Left group in the European Parliament - GUE/NGL,La France Insoumise,0,0
256842,Austria,Gerald HAUSER,Gerald,HAUSER,Patriots for Europe Group,Freiheitliche Partei Österreichs,0,0
96752,Germany,Martin HÄUSLING,Martin,HÄUSLING,Group of the Greens/European Free Alliance,Bündnis 90/Die Grünen,0,0
197646,Romania,Mircea-Gheorghe HAVA,Mircea-Gheorghe,HAVA,Group of the European People's Party (Christian Democrats),Partidul Naţional Liberal,0,0
135511,France,Valérie HAYER,Valérie,HAYER,Renew Europe Group,Renaissance,0,0
125023,Netherlands,Anja HAZEKAMP,Anja,HAZEKAMP,The Left group in the European Parliament - GUE/NGL,Partij voor de Dieren,0,0
197682,Austria,Hannes HEIDE,Hannes,HEIDE,Group of the Progressive Alliance of Socialists and Democrats in the European Parliament,Sozialdemokratische Partei Österreichs,0,0
197800,Finland,Eero HEINÄLUOMA,Eero,HEINÄLUOMA,Group of the Progressive Alliance of Socialists and Democrats in the European Parliament,Suomen Sosialidemokraattinen Puolue/Finlands Socialdemokratiska Parti,0,0
198073,Finland,Anna-Maja HENRIKSSON,Anna-Maja,HENRIKSSON,Renew Europe Group,Svenska folkpartiet,0,0
197412,Germany,Niclas HERBST,Niclas,HERBST,Group of the European People's Party (Christian Democrats),Christlich Demokratische Union Deutschlands,0,0
22418,Spain,Esther HERRANZ GARCÍA,Esther,HERRANZ GARCÍA,Group of the European People's Party (Christian Democrats),Partido Popular,0,1
124895,Poland,Krzysztof HETMAN,Krzysztof,HETMAN,Group of the European People's Party (Christian Democrats),Polskie Stronnictwo Ludowe,0,0
96780,Germany,Monika HOHLMEIER,Monika,HOHLMEIER,Group of the European People's Party (Christian Democrats),Christlich-Soziale Union in Bayern e.V.,0,0
197770,Slovakia,Martin HOJSÍK,Martin,HOJSÍK,Renew Europe Group,Progresívne Slovensko,0,0
197398,Sweden,Pär HOLMGREN,Pär,HOLMGREN,Group of the Greens/European Free Alliance,Miljöpartiet de gröna,0,0
124715,Hungary,György HÖLVÉNYI,György,HÖLVÉNYI,Patriots for Europe Group,Kereszténydemokrata Néppárt,0,0
122978,Spain,Alicia HOMS GINEL,Alicia,HOMS GINEL,Group of the Progressive Alliance of Socialists and Democrats in the European Parliament,Partido Socialista Obrero Español,0,1
257065,Portugal,Sérgio HUMBERTO,Sérgio,HUMBERTO,Group of the European People's Party (Christian Democrats),Aliança Democrática,0,0
197624,Latvia,Ivars IJABS,Ivars,IJABS,Renew Europe Group,Latvijas attīstībai,0,0
256918,France,Céline IMART,Céline,IMART,Group of the European People's Party (Christian Democrats),Les Républicains,0,0
197392,Sweden,Evin INCIR,Evin,INCIR,Group of the Progressive Alliance of Socialists and Democrats in the European Parliament,Arbetarepartiet- Socialdemokraterna,0,0
257144,Italy,Paolo INSELVINI,Paolo,INSELVINI,European Conservatives and Reformists Group,FRATELLI D' ITALIA,0,0
257120,Romania,Diana IOVANOVICI ŞOŞOACĂ,Diana,IOVANOVICI ŞOŞOACĂ,Non-attached Members,S.O.S. România,0,1
197516,Poland,Patryk JAKI,Patryk,JAKI,European Conservatives and Reformists Group,Solidarna Polska Zbigniewa Ziobro,0,0
256992,Spain,Hana JALLOUL MURO,Hana,JALLOUL MURO,Group of the Progressive Alliance of Socialists and Democrats in the European Parliament,Partido Socialista Obrero Español,0,1
189065,France,France JAMET,France,JAMET,Patriots for Europe Group,Rassemblement national,0,0
197517,Poland,Adam JARUBAS,Adam,JARUBAS,Group of the European People's Party (Christian Democrats),Polskie Stronnictwo Ludowe,0,0
112747,Croatia,Romana JERKOVIĆ,Romana,JERKOVIĆ,Group of the Progressive Alliance of Socialists and Democrats in the European Parliament,Socijaldemokratska partija Hrvatske,0,0
256942,Germany,Marc JONGEN,Marc,JONGEN,Europe of Sovereign Nations Group,Alternative für Deutschland,0,0
257031,Poland,Dariusz JOŃSKI,Dariusz,JOŃSKI,Group of the European People's Party (Christian Democrats),Koalicja Obywatelska,0,0
197627,France,Virginie JORON,Virginie,JORON,Patriots for Europe Group,Rassemblement national,0,0
256898,France,Pierre JOUVET,Pierre,JOUVET,Group of the Progressive Alliance of Socialists and Democrats in the European Parliament,Parti socialiste,0,0
197447,Slovenia,Irena JOVEVA,Irena,JOVEVA,Renew Europe Group,Gibanje Svoboda,0,0
197840,Lithuania,Rasa JUKNEVIČIENĖ,Rasa,JUKNEVIČIENĖ,Group of the European People's Party (Christian Democrats),Tėvynės sąjunga-Lietuvos krikščionys demokratai,0,0
257022,Spain,Nora JUNCO GARCÍA,Nora,JUNCO GARCÍA,European Conservatives and Reformists Group,Independiente,0,1
256941,Germany,Alexander JUNGBLUTH,Alexander,JUNGBLUTH,Europe of Sovereign Nations Group,Alternative für Deutschland,0,0
257256,Bulgaria,Taner KABILOV,Taner,KABILOV,Non-attached Members,Movement for Rights and Freedoms,0,0
256908,France,François KALFON,François,KALFON,Group of the Progressive Alliance of Socialists and Democrats in the European Parliament,Parti socialiste,0,0
257007,Slovakia,Erik KALIŇÁK,Erik,KALIŇÁK,Non-attached Members,SMER-Sociálna demokracia,0,0
197491,Estonia,Marina KALJURAND,Marina,KALJURAND,Group of the Progressive Alliance of Socialists and Democrats in the European Parliament,Sotsiaaldemokraatlik Erakond,0,0
96934,Latvia,Sandra KALNIETE,Sandra,KALNIETE,Group of the European People's Party (Christian Democrats),Jaunā Vienotība,0,0
257056,Poland,Mariusz KAMIŃSKI,Mariusz,KAMIŃSKI,European Conservatives and Reformists Group,Prawo i Sprawiedliwość,0,0
197839,Bulgaria,Radan KANEV,Radan,KANEV,Group of the European People's Party (Christian Democrats),Democrats for Strong Bulgaria,0,0
197469,Belgium,Assita KANKO,Assita,KANKO,European Conservatives and Reformists Group,Nieuw-Vlaamse Alliantie,0,0
197401,Sweden,Karin KARLSBRO,Karin,KARLSBRO,Renew Europe Group,Liberalerna,0,0
256900,Luxembourg,Fernand KARTHEISER,Fernand,KARTHEISER,Non-attached Members,Alternativ Demokratesch Reformpartei,0,0
257013,Slovakia,Ľubica KARVAŠOVÁ,Ľubica,KARVAŠOVÁ,Renew Europe Group,Progresívne Slovensko,0,0
191693,Finland,Elsi KATAINEN,Elsi,KATAINEN,Renew Europe Group,Suomen Keskusta,0,0
125068,Greece,Emmanouil KEFALOGIANNIS,Emmanouil,KEFALOGIANNIS,Group of the European People's Party (Christian Democrats),Nea Demokratia,0,0
197818,Ireland,Billy KELLEHER,Billy,KELLEHER,Renew Europe Group,Fianna Fáil Party,0,0
22858,France,Fabienne KELLER,Fabienne,KELLER,Renew Europe Group,Renaissance,0,0
96668,Ireland,Seán KELLY,Seán,KELLY,Group of the European People's Party (Christian Democrats),Fine Gael Party,0,0
249603,Luxembourg,Martine KEMP,Martine,KEMP,Group of the European People's Party (Christian Democrats),Parti chrétien social luxembourgeois,0,0
256890,Belgium,Rudi KENNES,Rudi,KENNES,The Left group in the European Parliament - GUE/NGL,Independent,0,0
256957,Germany,Mary KHAN,Mary,KHAN,Europe of Sovereign Nations Group,Alternative für Deutschland,0,0
256831,Austria,Sophia KIRCHER,Sophia,KIRCHER,Group of the European People's Party (Christian Democrats),Österreichische Volkspartei,0,0
256924,France,Sarah KNAFO,Sarah,KNAFO,Europe of Sovereign Nations Group,Reconquête!,0,0
197528,Czechia,Ondřej KNOTEK,Ondřej,KNOTEK,Patriots for Europe Group,ANO 2011,0,0
270261,Czechia,Jaroslav KNOT,Jaroslav,KNOT,Patriots for Europe Group,ANO 2011,0,0
257037,Poland,Michał KOBOSKO,Michał,KOBOSKO,Renew Europe Group,Polska 2050,0,0
256973,Germany,Stefan KÖHLER,Stefan,KÖHLER,Group of the European People's Party (Christian Democrats),Christlich-Soziale Union in Bayern e.V.,0,0
197523,Poland,Łukasz KOHUT,Łukasz,KOHUT,Group of the European People's Party (Christian Democrats),Independent,0,0
197406,Sweden,Arba KOKALARI,Arba,KOKALARI,Group of the European People's Party (Christian Democrats),Moderaterna,0,0
256846,Czechia,Ondřej KOLÁŘ,Ondřej,KOLÁŘ,Group of the European People's Party (Christian Democrats),TOP 09 a Starostové,0,0
256861,Hungary,Kinga KOLLÁR,Kinga,KOLLÁR,Group of the European People's Party (Christian Democrats),Tisztelet és Szabadság Párt,0,0
220871,Latvia,Rihards KOLS,Rihards,KOLS,European Conservatives and Reformists Group,"Nacionālā apvienība ""Visu Latvijai!"" - ""Tēvzemei un Brīvībai/LNNK""",0,0
23699,Czechia,Kateřina KONEČNÁ,Kateřina,KONEČNÁ,Non-attached Members,Komunistická strana Čech a Moravy,0,0
197525,Poland,Ewa KOPACZ,Ewa,KOPACZ,Group of the European People's Party (Christian Democrats),Platforma Obywatelska,0,0
197445,Germany,Moritz KÖRNER,Moritz,KÖRNER,Renew Europe Group,Freie Demokratische Partei,0,0
197699,Greece,Elena KOUNTOURA,Elena,KOUNTOURA,The Left group in the European Parliament - GUE/NGL,Coalition of the Radical Left,0,0
97968,Bulgaria,Andrey KOVATCHEV,Andrey,KOVATCHEV,Group of the European People's Party (Christian Democrats),Citizens for European Development of Bulgaria,0,0
256909,Latvia,Vilis KRIŠTOPANS,Vilis,KRIŠTOPANS,Patriots for Europe Group,Latvija pirmajā vietā,0,0
256996,Netherlands,Sebastian KRUIS,Sebastian,KRUIS,Patriots for Europe Group,Partij voor de Vrijheid,0,0
256845,Czechia,Ondřej KRUTÍLEK,Ondřej,KRUTÍLEK,European Conservatives and Reformists Group,Občanská demokratická strana,0,0
261038,Czechia,Tomáš KUBÍN,Tomáš,KUBÍN,Patriots for Europe Group,ANO 2011,0,0
197395,Sweden,Alice KUHNKE,Alice,KUHNKE,Group of the Greens/European Free Alliance,Miljöpartiet de gröna,0,0
256864,Hungary,András Tivadar KULJA,András Tivadar,KULJA,Group of the European People's Party (Christian Democrats),Tisztelet és Szabadság Párt,1,0
198084,Finland,Katri KULMUNI,Katri,KULMUNI,Renew Europe Group,Suomen Keskusta,0,0
124736,Finland,Merja KYLLÖNEN,Merja,KYLLÖNEN,The Left group in the European Parliament - GUE/NGL,Vasemmistoliitto,0,0
124866,Bulgaria,Ilhan KYUCHYUK,Ilhan,KYUCHYUK,Renew Europe Group,Movement for Rights and Freedoms,0,0
197460,Germany,Sergey LAGODINSKY,Sergey,LAGODINSKY,Group of the Greens/European Free Alliance,Bündnis 90/Die Grünen,0,0
256865,Hungary,Eszter LAKOS,Eszter,LAKOS,Group of the European People's Party (Christian Democrats),Tisztelet és Szabadság Párt,0,0
197697,France,Aurore LALUCQ,Aurore,LALUCQ,Group of the Progressive Alliance of Socialists and Democrats in the European Parliament,Place publique,0,0
1909,Germany,Bernd LANGE,Bernd,LANGE,Group of the Progressive Alliance of Socialists and Democrats in the European Parliament,Sozialdemokratische Partei Deutschlands,0,0
197461,Germany,Katrin LANGENSIEPEN,Katrin,LANGENSIEPEN,Group of the Greens/European Free Alliance,Bündnis 90/Die Grünen,0,0
198373,Slovakia,Judita LAŠŠÁKOVÁ,Judita,LAŠŠÁKOVÁ,Non-attached Members,SMER-Sociálna demokracia,0,0
256860,Hungary,András LÁSZLÓ,András,LÁSZLÓ,Patriots for Europe Group,Fidesz-Magyar Polgári Szövetség-Kereszténydemokrata Néppárt,0,0
256954,Greece,Afroditi LATINOPOULOU,Afroditi,LATINOPOULOU,Patriots for Europe Group,Foní Loyikís,0,0
256899,France,Murielle LAURENT,Murielle,LAURENT,Group of the Progressive Alliance of Socialists and Democrats in the European Parliament,Parti socialiste,0,0
230085,Italy,Camilla LAURETI,Camilla,LAURETI,Group of the Progressive Alliance of Socialists and Democrats in the European Parliament,Partito Democratico,0,0
257262,Bulgaria,Rada LAYKOVA,Rada,LAYKOVA,Europe of Sovereign Nations Group,Revival,0,0
257261,Bulgaria,Ilia LAZAROV,Ilia,LAZAROV,Group of the European People's Party (Christian Democrats),Union of Democratic Forces,0,0
257118,Romania,Luis-Vicențiu LAZARUS,Luis-Vicențiu,LAZARUS,Non-attached Members,Dreptate și Frăție,0,0
256920,France,Isabelle LE CALLENNEC,Isabelle,LE CALLENNEC,Group of the European People's Party (Christian Democrats),Les Républicains,0,1
256872,France,Fabrice LEGGERI,Fabrice,LEGGERI,Patriots for Europe Group,Rassemblement national,0,0
95074,Netherlands,Jeroen LENAERS,Jeroen,LENAERS,Group of the European People's Party (Christian Democrats),Christen Democratisch Appèl,0,0
256895,France,Julien LEONARDELLI,Julien,LEONARDELLI,Patriots for Europe Group,Rassemblement national,0,0
23781,Poland,Janusz LEWANDOWSKI,Janusz,LEWANDOWSKI,Group of the European People's Party (Christian Democrats),Platforma Obywatelska,0,0
204336,Slovakia,Miriam LEXMANN,Miriam,LEXMANN,Group of the European People's Party (Christian Democrats),Kresťanskodemokratické hnutie,0,0
1927,Germany,Peter LIESE,Peter,LIESE,Group of the European People's Party (Christian Democrats),Christlich Demokratische Union Deutschlands,0,0
124808,Germany,Norbert LINS,Norbert,LINS,Group of the European People's Party (Christian Democrats),Christlich Demokratische Union Deutschlands,0,0
197494,France,Nathalie LOISEAU,Nathalie,LOISEAU,Renew Europe Group,Horizons,0,0
96709,Denmark,Morten LØKKEGAARD,Morten,LØKKEGAARD,Renew Europe Group,"Venstre, Danmarks Liberale Parti",0,0
220896,Austria,Reinhold LOPATKA,Reinhold,LOPATKA,Group of the European People's Party (Christian Democrats),Österreichische Volkspartei,0,0
125042,Spain,Javi LÓPEZ,Javi,LÓPEZ,Group of the Progressive Alliance of Socialists and Democrats in the European Parliament,Partit dels Socialistes de Catalunya (PSC-PSOE),0,0
96812,Spain,Juan Fernando LÓPEZ AGUILAR,Juan Fernando,LÓPEZ AGUILAR,Group of the Progressive Alliance of Socialists and Democrats in the European Parliament,Partido Socialista Obrero Español,1,1
28399,Spain,Antonio LÓPEZ-ISTÚRIZ WHITE,Antonio,LÓPEZ-ISTÚRIZ WHITE,Group of the European People's Party (Christian Democrats),Partido Popular,0,1
96675,Sweden,Isabella LÖVIN,Isabella,LÖVIN,Group of the Greens/European Free Alliance,Miljöpartiet de gröna,0,0
257129,Italy,Mimmo LUCANO,Mimmo,LUCANO,The Left group in the European Parliament - GUE/NGL,Alleanza Verdi e Sinistra,0,0
197721,Spain,César LUENA,César,LUENA,Group of the Progressive Alliance of Socialists and Democrats in the European Parliament,Partido Socialista Obrero Español,0,0
96791,Poland,Elżbieta Katarzyna ŁUKACIJEWSKA,Elżbieta Katarzyna,ŁUKACIJEWSKA,Group of the European People's Party (Christian Democrats),Platforma Obywatelska,1,0
257124,Italy,Giuseppe LUPO,Giuseppe,LUPO,Group of the Progressive Alliance of Socialists and Democrats in the European Parliament,Partito Democratico,0,0
124806,Germany,David MCALLISTER,David,MCALLISTER,Group of the European People's Party (Christian Democrats),Christlich Demokratische Union Deutschlands,0,0
197493,Estonia,Jaak MADISON,Jaak,MADISON,European Conservatives and Reformists Group,Eesti Keskerakond,0,0
197719,Spain,Cristina MAESTRE,Cristina,MAESTRE,Group of the Progressive Alliance of Socialists and Democrats in the European Parliament,Partido Socialista Obrero Español,0,0
257149,Italy,Lara MAGONI,Lara,MAGONI,European Conservatives and Reformists Group,FRATELLI D' ITALIA,0,0
256868,Hungary,Péter MAGYAR,Péter,MAGYAR,Group of the European People's Party (Christian Democrats),Tisztelet és Szabadság Párt,0,0
91636,Netherlands,Marit MAIJ,Marit,MAIJ,Group of the Progressive Alliance of Socialists and Democrats in the European Parliament,GroenLinks-PvdA,0,0
257077,Poland,Marlena MALĄG,Marlena,MALĄG,European Conservatives and Reformists Group,Prawo i Sprawiedliwość,0,0
197653,Romania,Claudiu MANDA,Claudiu,MANDA,Group of the Progressive Alliance of Socialists and Democrats in the European Parliament,Partidul Social Democrat,0,0
190713,Austria,Lukas MANDL,Lukas,MANDL,Group of the European People's Party (Christian Democrats),Österreichische Volkspartei,0,0
256824,Greece,Yannis MANIATIS,Yannis,MANIATIS,Group of the Progressive Alliance of Socialists and Democrats in the European Parliament,PASOK-KINAL,0,0
4395,Italy,Mario MANTOVANI,Mario,MANTOVANI,European Conservatives and Reformists Group,FRATELLI D' ITALIA,0,0
257727,Italy,Pierfrancesco MARAN,Pierfrancesco,MARAN,Group of the Progressive Alliance of Socialists and Democrats in the European Parliament,Partito Democratico,0,0
257082,Poland,Jagna MARCZUŁAJTIS-WALCZAK,Jagna,MARCZUŁAJTIS-WALCZAK,Group of the European People's Party (Christian Democrats),Platforma Obywatelska,0,0
256922,France,Marion MARÉCHAL,Marion,MARÉCHAL,European Conservatives and Reformists Group,Identité Libertés,0,0
197623,France,Thierry MARIANI,Thierry,MARIANI,Patriots for Europe Group,Rassemblement national,0,0
257132,Italy,Ignazio Roberto MARINO,Ignazio Roberto,MARINO,Group of the Greens/European Free Alliance,Independent,1,0
197462,Germany,Erik MARQUARDT,Erik,MARQUARDT,Group of the Greens/European Free Alliance,Bündnis 90/Die Grünen,0,0
257029,Spain,Jorge MARTÍN FRÍAS,Jorge,MARTÍN FRÍAS,Patriots for Europe Group,VOX,0,1
257063,Portugal,Catarina MARTINS,Catarina,MARTINS,The Left group in the European Parliament - GUE/NGL,Bloco de Esquerda,0,0
124828,Italy,Fulvio MARTUSCIELLO,Fulvio,MARTUSCIELLO,Group of the European People's Party (Christian Democrats),Forza Italia,0,0
257016,Spain,Vicent MARZÀ IBÁÑEZ,Vicent,MARZÀ IBÁÑEZ,Group of the Greens/European Free Alliance,Compromís,0,1
96936,Spain,Gabriel MATO,Gabriel,MATO,Group of the European People's Party (Christian Democrats),Partido Popular,0,0
208722,Belgium,Sara MATTHIEU,Sara,MATTHIEU,Group of the Greens/European Free Alliance,Groen,0,0
124691,Cyprus,Costas MAVRIDES,Costas,MAVRIDES,Group of the Progressive Alliance of Socialists and Democrats in the European Parliament,Democratic Party,0,0
98341,Bulgaria,Eva MAYDELL,Eva,MAYDELL,Group of the European People's Party (Christian Democrats),Citizens for European Development of Bulgaria,0,0
38511,Austria,Georg MAYER,Georg,MAYER,Patriots for Europe Group,Freiheitliche Partei Österreichs,0,0
249982,Slovakia,Milan MAZUREK,Milan,MAZUREK,Europe of Sovereign Nations Group,Hnutie Republika,0,0
197841,Lithuania,Liudas MAŽYLIS,Liudas,MAŽYLIS,Group of the European People's Party (Christian Democrats),Tėvynės sąjunga-Lietuvos krikščionys demokratai,0,0
257300,Ireland,Michael MCNAMARA,Michael,MCNAMARA,Renew Europe Group,Independent,0,0
204418,France,Nora MEBAREK,Nora,MEBAREK,Group of the Progressive Alliance of Socialists and Democrats in the European Parliament,Parti socialiste,0,0
256980,Germany,Alexandra MEHNERT,Alexandra,MEHNERT,Group of the European People's Party (Christian Democrats),Christlich Demokratische Union Deutschlands,0,0
197662,Greece,Vangelis MEIMARAKIS,Vangelis,MEIMARAKIS,Group of the European People's Party (Christian Democrats),Nea Demokratia,0,0
256943,Greece,Eleonora MELETI,Eleonora,MELETI,Group of the European People's Party (Christian Democrats),Nea Demokratia,0,0
257053,Portugal,Ana Catarina MENDES,Ana Catarina,MENDES,Group of the Progressive Alliance of Socialists and Democrats in the European Parliament,Partido Socialista,1,0
256994,Spain,Idoia MENDIA,Idoia,MENDIA,Group of the Progressive Alliance of Socialists and Democrats in the European Parliament,Partido Socialista Obrero Español,0,0
256974,Germany,Verena MERTENS,Verena,MERTENS,Group of the European People's Party (Christian Democrats),Christlich Demokratische Union Deutschlands,0,0
236053,France,Marina MESURE,Marina,MESURE,The Left group in the European Parliament - GUE/NGL,La France Insoumise,0,0
118859,Malta,Roberta METSOLA,Roberta,METSOLA,Group of the European People's Party (Christian Democrats),Partit Nazzjonalista,0,0
193292,Luxembourg,Tilly METZ,Tilly,METZ,Group of the Greens/European Free Alliance,Déi Gréng - Les Verts,0,0
197497,Estonia,Sven MIKSER,Sven,MIKSER,Group of the Progressive Alliance of Socialists and Democrats in the European Parliament,Sotsiaaldemokraatlik Erakond,0,0
197824,Italy,Giuseppe MILAZZO,Giuseppe,MILAZZO,European Conservatives and Reformists Group,FRATELLI D' ITALIA,0,0
28400,Spain,Francisco José MILLÁN MON,Francisco José,MILLÁN MON,Group of the European People's Party (Christian Democrats),Partido Popular,1,1
257259,Bulgaria,Nikola MINCHEV,Nikola,MINCHEV,Renew Europe Group,We continue the change – Democratic Bulgaria,0,0
24942,Spain,Ana MIRANDA PAZ,Ana,MIRANDA PAZ,Group of the Greens/European Free Alliance,Bloque Nacionalista Galego,0,1
124722,Hungary,Csaba MOLNÁR,Csaba,MOLNÁR,Group of the Progressive Alliance of Socialists and Democrats in the European Parliament,Demokratikus Koalíció,0,0
245770,Spain,Irene MONTERO,Irene,MONTERO,The Left group in the European Parliament - GUE/NGL,PODEMOS,0,0
197711,Spain,Dolors MONTSERRAT,Dolors,MONTSERRAT,Group of the European People's Party (Christian Democrats),Partido Popular,0,0
257140,Italy,Carolina MORACE,Carolina,MORACE,The Left group in the European Parliament - GUE/NGL,Movimento 5 Stelle,0,0
72779,France,Nadine MORANO,Nadine,MORANO,Group of the European People's Party (Christian Democrats),Les Républicains,0,0
257151,Italy,Letizia MORATTI,Letizia,MORATTI,Group of the European People's Party (Christian Democrats),Forza Italia,0,0
257054,Portugal,Tiago MOREIRA DE SÁ,Tiago,MOREIRA DE SÁ,Patriots for Europe Group,Chega,0,1
28347,Spain,Javier MORENO SÁNCHEZ,Javier,MORENO SÁNCHEZ,Group of the Progressive Alliance of Socialists and Democrats in the European Parliament,Partido Socialista Obrero Español,0,1
124799,Italy,Alessandra MORETTI,Alessandra,MORETTI,Group of the Progressive Alliance of Socialists and Democrats in the European Parliament,Partito Democratico,0,0
197647,Romania,Dan-Ştefan MOTREANU,Dan-Ştefan,MOTREANU,Group of the European People's Party (Christian Democrats),Partidul Naţional Liberal,0,0
257060,Poland,Arkadiusz MULARCZYK,Arkadiusz,MULARCZYK,European Conservatives and Reformists Group,Prawo i Sprawiedliwość,0,0
257080,Poland,Piotr MÜLLER,Piotr,MÜLLER,European Conservatives and Reformists Group,Prawo i Sprawiedliwość,0,0
257298,Ireland,Ciaran MULLOOLY,Ciaran,MULLOOLY,Renew Europe Group,Independent,0,0
124802,Romania,Siegfried MUREŞAN,Siegfried,MUREŞAN,Group of the European People's Party (Christian Democrats),Partidul Naţional Liberal,0,0
257103,Romania,Ştefan MUŞOIU,Ştefan,MUŞOIU,Group of the Progressive Alliance of Socialists and Democrats in the European Parliament,Partidul Social Democrat,0,0
256843,Czechia,Jana NAGYOVÁ,Jana,NAGYOVÁ,Patriots for Europe Group,ANO 2011,0,0
257111,Italy,Dario NARDELLA,Dario,NARDELLA,Group of the Progressive Alliance of Socialists and Democrats in the European Parliament,Partito Democratico,0,0
257027,Spain,Fernando NAVARRETE ROJAS,Fernando,NAVARRETE ROJAS,Group of the European People's Party (Christian Democrats),Partido Popular,0,1
88882,Romania,Victor NEGRESCU,Victor,NEGRESCU,Group of the Progressive Alliance of Socialists and Democrats in the European Parliament,Partidul Social Democrat,0,0
233862,Slovenia,Matjaž NEMEC,Matjaž,NEMEC,Group of the Progressive Alliance of Socialists and Democrats in the European Parliament,Socialni demokrati,0,0
256847,Czechia,Danuše NERUDOVÁ,Danuše,NERUDOVÁ,Group of the European People's Party (Christian Democrats),Starostové a nezávisli,0,0
239260,Italy,Denis NESCI,Denis,NESCI,European Conservatives and Reformists Group,FRATELLI D' ITALIA,0,0
256944,Germany,Hans NEUHOFF,Hans,NEUHOFF,Europe of Sovereign Nations Group,Alternative für Deutschland,0,0
197464,Germany,Hannah NEUMANN,Hannah,NEUMANN,Group of the Greens/European Free Alliance,Bündnis 90/Die Grünen,0,0
257039,Spain,Elena NEVADO DEL CAMPO,Elena,NEVADO DEL CAMPO,Group of the European People's Party (Christian Democrats),Partido Popular,0,1
124784,Romania,Dan NICA,Dan,NICA,Group of the Progressive Alliance of Socialists and Democrats in the European Parliament,Partidul Social Democrat,0,0
4289,Germany,Angelika NIEBLER,Angelika,NIEBLER,Group of the European People's Party (Christian Democrats),Christlich-Soziale Union in Bayern e.V.,0,0
124701,Czechia,Luděk NIEDERMAYER,Luděk,NIEDERMAYER,Group of the European People's Party (Christian Democrats),TOP 09 a Starostové,0,0
197802,Finland,Ville NIINISTÖ,Ville,NIINISTÖ,Group of the Greens/European Free Alliance,Vihreä liitto,0,0
197734,Greece,Lefteris NIKOLAOU-ALAVANOS,Lefteris,NIKOLAOU-ALAVANOS,Non-attached Members,Communist Party of Greece,0,0
256883,France,Aleksandar NIKOLIC,Aleksandar,NIKOLIC,Patriots for Europe Group,Rassemblement national,0,0
257301,Ireland,Cynthia NÍ MHURCHÚ,Cynthia,NÍ MHURCHÚ,Renew Europe Group,Fianna Fáil Party,0,1
124836,Germany,Maria NOICHL,Maria,NOICHL,Group of the Progressive Alliance of Socialists and Democrats in the European Parliament,Sozialdemokratische Partei Deutschlands,0,0
257044,Denmark,Rasmus NORDQVIST,Rasmus,NORDQVIST,Group of the Greens/European Free Alliance,Socialistisk Folkeparti,0,0
107212,Bulgaria,Andrey NOVAKOV,Andrey,NOVAKOV,Group of the European People's Party (Christian Democrats),Citizens for European Development of Bulgaria,0,0
257049,Poland,Mirosława NYKIEL,Mirosława,NYKIEL,Group of the European People's Party (Christian Democrats),Platforma Obywatelska,0,0
257058,Poland,Daniel OBAJTEK,Daniel,OBAJTEK,European Conservatives and Reformists Group,Prawo i Sprawiedliwość,0,0
257010,Slovakia,Ľudovít ÓDOR,Ľudovít,ÓDOR,Renew Europe Group,Progresívne Slovensko,0,0
197432,Germany,Jan-Christoph OETJEN,Jan-Christoph,OETJEN,Renew Europe Group,Freie Demokratische Partei,0,0
198076,Finland,Maria OHISALO,Maria,OHISALO,Group of the Greens/European Free Alliance,Vihreä liitto,0,0
257083,Portugal,João OLIVEIRA,João,OLIVEIRA,The Left group in the European Parliament - GUE/NGL,Partido Comunista Português,0,0
197687,France,Philippe OLIVIER,Philippe,OLIVIER,Patriots for Europe Group,Rassemblement national,0,0
30482,France,Younous OMARJEE,Younous,OMARJEE,The Left group in the European Parliament - GUE/NGL,La France Insoumise,0,0
257018,Slovakia,Branislav ONDRUŠ,Branislav,ONDRUŠ,Non-attached Members,Hlas – sociálna demokracia,0,0
257238,Ireland,Aodhán Ó RÍORDÁIN,Aodhán,Ó RÍORDÁIN,Group of the Progressive Alliance of Socialists and Democrats in the European Parliament,Labour Party,0,1
2152,Italy,Leoluca ORLANDO,Leoluca,ORLANDO,Group of the Greens/European Free Alliance,Independent,0,0
257086,Poland,Jacek OZDOBA,Jacek,OZDOBA,European Conservatives and Reformists Group,Prawo i Sprawiedliwość,0,0
129073,Estonia,Urmas PAET,Urmas,PAET,Renew Europe Group,Eesti Reformierakond,0,0
256993,Spain,Leire PAJÍN,Leire,PAJÍN,Group of the Progressive Alliance of Socialists and Democrats in the European Parliament,Partido Socialista Obrero Español,0,0
257135,Italy,Valentina PALMISANO,Valentina,PALMISANO,The Left group in the European Parliament - GUE/NGL,Movimento 5 Stelle,0,0
256989,Cyprus,Fidias PANAYIOTOU,Fidias,PANAYIOTOU,Non-attached Members,Independent,0,0
125093,Greece,Kostas PAPADAKIS,Kostas,PAPADAKIS,Non-attached Members,Communist Party of Greece,0,0
244571,Greece,Nikos PAPANDREOU,Nikos,PAPANDREOU,Group of the Progressive Alliance of Socialists and Democrats in the European Parliament,PASOK-KINAL,0,0
256952,Greece,Nikos PAPPAS,Nikos,PAPPAS,The Left group in the European Parliament - GUE/NGL,Coalition of the Radical Left,0,0
257040,Spain,Nicolás PASCUAL DE LA PARTE,Nicolás,PASCUAL DE LA PARTE,Group of the European People's Party (Christian Democrats),Partido Popular,0,1
36392,Italy,Aldo PATRICIELLO,Aldo,PATRICIELLO,Patriots for Europe Group,Lega,0,0
197466,Germany,Jutta PAULUS,Jutta,PAULUS,Group of the Greens/European Free Alliance,Bündnis 90/Die Grünen,0,0
110673,Portugal,Ana Miguel PEDRO,Ana Miguel,PEDRO,Group of the European People's Party (Christian Democrats),Partido do Centro Democrático Social-Partido Popular,1,0
257126,Italy,Gaetano PEDULLA',Gaetano,PEDULLA',The Left group in the European Parliament - GUE/NGL,Movimento 5 Stelle,0,0
256903,France,Thomas PELLERIN-CARLIN,Thomas,PELLERIN-CARLIN,Group of the Progressive Alliance of Socialists and Democrats in the European Parliament,Place publique,0,0
30123,France,Guillaume PELTIER,Guillaume,PELTIER,European Conservatives and Reformists Group,Identité Libertés,0,0
197845,Bulgaria,Tsvetelina PENKOVA,Tsvetelina,PENKOVA,Group of the Progressive Alliance of Socialists and Democrats in the European Parliament,Bulgarian Socialist Party,0,0
126699,France,Gilles PENNELLE,Gilles,PENNELLE,Patriots for Europe Group,Rassemblement national,0,0
197738,Portugal,Lídia PEREIRA,Lídia,PEREIRA,Group of the European People's Party (Christian Democrats),Partido Social Democrata,0,0
257019,Spain,Alvise PÉREZ,Alvise,PÉREZ,Non-attached Members,Se Acabó la Fiesta,0,0
197573,Denmark,Kira Marie PETER-HANSEN,Kira Marie,PETER-HANSEN,Group of the Greens/European Free Alliance,Socialistisk Folkeparti,1,0
257257,Bulgaria,Hristo PETROV,Hristo,PETROV,Renew Europe Group,We continue the change – Democratic Bulgaria,0,0
257150,Italy,Michele PICARO,Michele,PICARO,European Conservatives and Reformists Group,FRATELLI D' ITALIA,0,0
124846,Italy,Pina PICIERNO,Pina,PICIERNO,Group of the Progressive Alliance of Socialists and Democrats in the European Parliament,Partito Democratico,0,0
112744,Croatia,Tonino PICULA,Tonino,PICULA,Group of the Progressive Alliance of Socialists and Democrats in the European Parliament,Socijaldemokratska partija Hrvatske,0,0
256877,France,Pascale PIERA,Pascale,PIERA,Patriots for Europe Group,Rassemblement national,0,0
40599,Finland,Sirpa PIETIKÄINEN,Sirpa,PIETIKÄINEN,Group of the European People's Party (Christian Democrats),Kansallinen Kokoomus,0,0
256893,France,Pierre PIMPIE,Pierre,PIMPIE,Patriots for Europe Group,Rassemblement national,0,0
257115,Romania,Gheorghe PIPEREA,Gheorghe,PIPEREA,European Conservatives and Reformists Group,Alianța pentru Unirea Românilor,0,0
204414,Spain,Margarita DE LA PISA CARRIÓN,Margarita,DE LA PISA CARRIÓN,Patriots for Europe Group,VOX,0,1
256844,Czechia,Jaroslava POKORNÁ JERMANOVÁ,Jaroslava,POKORNÁ JERMANOVÁ,Patriots for Europe Group,ANO 2011,0,1
257145,Italy,Daniele POLATO,Daniele,POLATO,European Conservatives and Reformists Group,FRATELLI D' ITALIA,0,0
197404,Sweden,Jessica POLFJÄRD,Jessica,POLFJÄRD,Group of the European People's Party (Christian Democrats),Moderaterna,0,0
257107,Romania,Virgil-Daniel POPESCU,Virgil-Daniel,POPESCU,Group of the European People's Party (Christian Democrats),Partidul Naţional Liberal,0,0
256907,Latvia,Reinis POZŅAKS,Reinis,POZŅAKS,European Conservatives and Reformists Group,"Apvienotais saraksts — Latvijas Zaļā partija, Latvijas Reģionu Apvienība, Liepājas partija",0,0
256813,Slovenia,Vladimir PREBILIČ,Vladimir,PREBILIČ,Group of the Greens/European Free Alliance,Prerod – Stranka Vladimirja Prebiliča,0,0
257128,Italy,Giusi PRINCI,Giusi,PRINCI,Group of the European People's Party (Christian Democrats),Forza Italia,0,0
197820,Italy,Nicola PROCACCINI,Nicola,PROCACCINI,European Conservatives and Reformists Group,FRATELLI D' ITALIA,0,0
257041,Poland,Jacek PROTAS,Jacek,PROTAS,Group of the European People's Party (Christian Democrats),Platforma Obywatelska,0,0
256969,Germany,Friedrich PÜRNER,Friedrich,PÜRNER,Non-attached Members,Independent,0,0
124850,Bulgaria,Emil RADEV,Emil,RADEV,Group of the European People's Party (Christian Democrats),Citizens for European Development of Bulgaria,0,0
188945,Germany,Dennis RADTKE,Dennis,RADTKE,Group of the European People's Party (Christian Democrats),Christlich Demokratische Union Deutschlands,0,0
256902,France,Emma RAFOWICZ,Emma,RAFOWICZ,Group of the Progressive Alliance of Socialists and Democrats in the European Parliament,Parti socialiste,0,0
188096,Estonia,Jüri RATAS,Jüri,RATAS,Group of the European People's Party (Christian Democrats),Isamaa,0,0
257104,Italy,Ruggero RAZZA,Ruggero,RAZZA,European Conservatives and Reformists Group,FRATELLI D' ITALIA,0,0
256882,France,Julie RECHAGNEUX,Julie,RECHAGNEUX,Patriots for Europe Group,Rassemblement national,0,0
96998,Austria,Evelyn REGNER,Evelyn,REGNER,Group of the Progressive Alliance of Socialists and Democrats in the European Parliament,Sozialdemokratische Partei Österreichs,0,0
103381,Germany,Terry REINTKE,Terry,REINTKE,Group of the Greens/European Free Alliance,Bündnis 90/Die Grünen,0,0
229839,Germany,René REPASI,René,REPASI,Group of the Progressive Alliance of Socialists and Democrats in the European Parliament,Sozialdemokratische Partei Deutschlands,0,0
256935,Germany,Sabrina REPP,Sabrina,REPP,Group of the Progressive Alliance of Socialists and Democrats in the European Parliament,Sozialdemokratische Partei Deutschlands,0,0
197413,Croatia,Karlo RESSLER,Karlo,RESSLER,Group of the European People's Party (Christian Democrats),Hrvatska demokratska zajednica,0,0
218347,Netherlands,Thijs REUTEN,Thijs,REUTEN,Group of the Progressive Alliance of Socialists and Democrats in the European Parliament,GroenLinks-PvdA,0,0
197832,Spain,Diana RIBA I GINER,Diana,RIBA I GINER,Group of the Greens/European Free Alliance,Esquerra Republicana de Catalunya,0,1
257121,Italy,Matteo RICCI,Matteo,RICCI,Group of the Progressive Alliance of Socialists and Democrats in the European Parliament,Partito Democratico,0,0
256904,France,Chloé RIDEL,Chloé,RIDEL,Group of the Progressive Alliance of Socialists and Democrats in the European Parliament,Parti socialiste,0,0
256964,Germany,Nela RIEHL,Nela,RIEHL,Group of the Greens/European Free Alliance,Volt,0,0
206158,Germany,Manuela RIPA,Manuela,RIPA,Group of the European People's Party (Christian Democrats),Ökologisch-Demokratische Partei,0,0
204413,Spain,Marcos ROS SEMPERE,Marcos,ROS SEMPERE,Group of the Progressive Alliance of Socialists and Democrats in the European Parliament,Partido Socialista Obrero Español,0,1
96653,Slovakia,Katarína ROTH NEVEĎALOVÁ,Katarína,ROTH NEVEĎALOVÁ,Non-attached Members,SMER-Sociálna demokracia,0,1
197690,France,André ROUGÉ,André,ROUGÉ,Patriots for Europe Group,Rassemblement national,0,0
197773,Netherlands,Bert-Jan RUISSEN,Bert-Jan,RUISSEN,European Conservatives and Reformists Group,Staatkundig Gereformeerde Partij,0,0
257170,Italy,Sandro RUOTOLO,Sandro,RUOTOLO,Group of the Progressive Alliance of Socialists and Democrats in the European Parliament,Partito Democratico,0,0
197545,Poland,Bogdan RZOŃCA,Bogdan,RZOŃCA,European Conservatives and Reformists Group,Prawo i Sprawiedliwość,0,0
256911,France,Arash SAEIDI,Arash,SAEIDI,The Left group in the European Parliament - GUE/NGL,La France Insoumise,0,0
125670,Italy,Massimiliano SALINI,Massimiliano,SALINI,Group of the European People's Party (Christian Democrats),Forza Italia,0,0
257127,Italy,Ilaria SALIS,Ilaria,SALIS,The Left group in the European Parliament - GUE/NGL,Alleanza Verdi e Sinistra,0,0
98219,Finland,Aura SALLA,Aura,SALLA,Group of the European People's Party (Christian Democrats),Kansallinen Kokoomus,0,0
197722,Spain,Nacho SÁNCHEZ AMOR,Nacho,SÁNCHEZ AMOR,Group of the Progressive Alliance of Socialists and Democrats in the European Parliament,Partido Socialista Obrero Español,0,1
88552,France,Julien SANCHEZ,Julien,SANCHEZ,Patriots for Europe Group,Rassemblement national,0,0
257001,Spain,Elena SANCHO MURILLO,Elena,SANCHO MURILLO,Group of the Progressive Alliance of Socialists and Democrats in the European Parliament,Partido Socialista Obrero Español,0,1
127766,Finland,Jussi SARAMO,Jussi,SARAMO,The Left group in the European Parliament - GUE/NGL,Vasemmistoliitto,0,0
197578,Italy,Silvia SARDONE,Silvia,SARDONE,Patriots for Europe Group,Lega,0,0
256815,Slovenia,Marjan ŠAREC,Marjan,ŠAREC,Renew Europe Group,Gibanje Svoboda,0,0
256905,France,Eric SARGIACOMO,Eric,SARGIACOMO,Group of the Progressive Alliance of Socialists and Democrats in the European Parliament,Parti socialiste,0,0
197500,France,Mounir SATOURI,Mounir,SATOURI,Group of the Greens/European Free Alliance,Les Écologistes,0,0
256809,Lithuania,Paulius SAUDARGAS,Paulius,SAUDARGAS,Group of the European People's Party (Christian Democrats),Tėvynės sąjunga-Lietuvos krikščionys demokratai,0,0
256917,France,Majdouline SBAI,Majdouline,SBAI,Group of the Greens/European Free Alliance,Les Écologistes,0,0
257113,Italy,Antonella SBERNA,Antonella,SBERNA,European Conservatives and Reformists Group,FRATELLI D' ITALIA,0,0
37312,Denmark,Christel SCHALDEMOSE,Christel,SCHALDEMOSE,Group of the Progressive Alliance of Socialists and Democrats in the European Parliament,Socialdemokratiet,0,0
213330,Hungary,Ernő SCHALLER-BAROSS,Ernő,SCHALLER-BAROSS,Patriots for Europe Group,Fidesz-Magyar Polgári Szövetség-Kereszténydemokrata Néppárt,0,0
256979,Germany,Oliver SCHENK,Oliver,SCHENK,Group of the European People's Party (Christian Democrats),Christlich Demokratische Union Deutschlands,0,0
257084,Poland,Joanna SCHEURING-WIELGUS,Joanna,SCHEURING-WIELGUS,Group of the Progressive Alliance of Socialists and Democrats in the European Parliament,Nowa Lewica,0,0
197670,Austria,Andreas SCHIEDER,Andreas,SCHIEDER,Group of the Progressive Alliance of Socialists and Democrats in the European Parliament,Sozialdemokratische Partei Österreichs,0,0
256833,Austria,Lena SCHILLING,Lena,SCHILLING,Group of the Greens/European Free Alliance,Die Grünen - Die Grüne Alternative,0,0
190517,Germany,Martin SCHIRDEWAN,Martin,SCHIRDEWAN,The Left group in the European Parliament - GUE/NGL,DIE LINKE.,0,0
197422,Germany,Christine SCHNEIDER,Christine,SCHNEIDER,Group of the European People's Party (Christian Democrats),Christlich Demokratische Union Deutschlands,0,0
267485,Germany,Volker SCHNURRBUSCH,Volker,SCHNURRBUSCH,Europe of Sovereign Nations Group,Alternative für Deutschland,0,0
28223,Germany,Andreas SCHWAB,Andreas,SCHWAB,Group of the European People's Party (Christian Democrats),Christlich Demokratische Union Deutschlands,0,0
257139,Italy,Benedetta SCUDERI,Benedetta,SCUDERI,Group of the Greens/European Free Alliance,Europa Verde - Verdi,0,0
197425,Germany,Ralf SEEKATZ,Ralf,SEEKATZ,Group of the European People's Party (Christian Democrats),Christlich Demokratische Union Deutschlands,0,0
256959,Germany,Alexander SELL,Alexander,SELL,Europe of Sovereign Nations Group,Alternative für Deutschland,0,0
256999,Spain,Rosa SERRANO SIERRA,Rosa,SERRANO SIERRA,Group of the Progressive Alliance of Socialists and Democrats in the European Parliament,Partido Socialista Obrero Español,0,1
257009,Spain,Isabel SERRA SÁNCHEZ,Isabel,SERRA SÁNCHEZ,The Left group in the European Parliament - GUE/NGL,PODEMOS,0,1
197677,Austria,Günther SIDL,Günther,SIDL,Group of the Progressive Alliance of Socialists and Democrats in the European Parliament,Sozialdemokratische Partei Österreichs,0,0
86057,Poland,Bartłomiej SIENKIEWICZ,Bartłomiej,SIENKIEWICZ,Group of the European People's Party (Christian Democrats),Platforma Obywatelska,0,0
256971,Germany,Lukas SIEPER,Lukas,SIEPER,Non-attached Members,Partei des Fortschritts,0,0
197426,Germany,Sven SIMON,Sven,SIMON,Group of the European People's Party (Christian Democrats),Christlich Demokratische Union Deutschlands,0,0
256946,Germany,Christine SINGER,Christine,SINGER,Renew Europe Group,Freie Wähler,0,0
201945,Lithuania,Virginijus SINKEVIČIUS,Virginijus,SINKEVIČIUS,Group of the Greens/European Free Alliance,Demokratų sąjunga „Vardan Lietuvos“,0,0
96932,Germany,Birgit SIPPEL,Birgit,SIPPEL,Group of the Progressive Alliance of Socialists and Democrats in the European Parliament,Sozialdemokratische Partei Deutschlands,0,0
2268,Sweden,Jonas SJÖSTEDT,Jonas,SJÖSTEDT,The Left group in the European Parliament - GUE/NGL,Vänsterpartiet,0,0
257085,Poland,Krzysztof ŚMISZEK,Krzysztof,ŚMISZEK,Group of the Progressive Alliance of Socialists and Democrats in the European Parliament,Nowa Lewica,0,0
256910,France,Anthony SMITH,Anthony,SMITH,The Left group in the European Parliament - GUE/NGL,La France Insoumise,0,0
125325,Netherlands,Sander SMIT,Sander,SMIT,Group of the European People's Party (Christian Democrats),BoerBurgerBeweging,0,0
197417,Croatia,Tomislav SOKOL,Tomislav,SOKOL,Group of the European People's Party (Christian Democrats),Hrvatska demokratska zajednica,0,0
257021,Spain,Diego SOLIER,Diego,SOLIER,European Conservatives and Reformists Group,Independiente,0,0
197784,Spain,Susana SOLÍS PÉREZ,Susana,SOLÍS PÉREZ,Group of the European People's Party (Christian Democrats),Partido Popular,0,1
256889,Belgium,Liesbet SOMMEN,Liesbet,SOMMEN,Group of the European People's Party (Christian Democrats),Christen-Democratisch & Vlaams,0,0
124834,Germany,Martin SONNEBORN,Martin,SONNEBORN,Non-attached Members,Die PARTEI,0,0
256871,France,Malika SOREL,Malika,SOREL,Non-attached Members,Sans parti,0,0
257068,Portugal,Hélder SOUSA SILVA,Hélder,SOUSA SILVA,Group of the European People's Party (Christian Democrats),Partido Social Democrata,0,1
111412,Denmark,Villy SØVNDAL,Villy,SØVNDAL,Group of the Greens/European Free Alliance,Socialistisk Folkeparti,0,0
257109,Italy,Marco SQUARTA,Marco,SQUARTA,European Conservatives and Reformists Group,FRATELLI D' ITALIA,0,0
256916,Latvia,Mārtiņš STAĶIS,Mārtiņš,STAĶIS,Group of the Greens/European Free Alliance,Progresīvie,0,0
197825,Italy,Raffaele STANCANELLI,Raffaele,STANCANELLI,Patriots for Europe Group,Lega,0,0
272024,Czechia,Antonín STANĚK,Antonín,STANĚK,Patriots for Europe Group,Přísaha,0,0
58766,Romania,Nicolae ȘTEFĂNUȚĂ,Nicolae,ȘTEFĂNUȚĂ,Group of the Greens/European Free Alliance,Independent,0,0
220897,Austria,Petra STEGER,Petra,STEGER,Patriots for Europe Group,Freiheitliche Partei Österreichs,0,0
119435,Croatia,Davor Ivo STIER,Davor Ivo,STIER,Group of the European People's Party (Christian Democrats),Hrvatska demokratska zajednica,1,0
257025,Denmark,Kristoffer STORM,Kristoffer,STORM,European Conservatives and Reformists Group,Danmarksdemokraterne,0,0
257255,Bulgaria,Stanislav STOYANOV,Stanislav,STOYANOV,Europe of Sovereign Nations Group,Revival,0,0
256926,Germany,Marie-Agnes STRACK-ZIMMERMANN,Marie-Agnes,STRACK-ZIMMERMANN,Renew Europe Group,Freie Demokratische Partei,0,0
257101,Italy,Cecilia STRADA,Cecilia,STRADA,Group of the Progressive Alliance of Socialists and Democrats in the European Parliament,Partito Democratico,0,0
256962,Germany,Joachim STREIT,Joachim,STREIT,Renew Europe Group,Freie Wähler,0,0
197772,Netherlands,Tineke STRIK,Tineke,STRIK,Group of the Greens/European Free Alliance,GroenLinks-PvdA,0,0
256990,Netherlands,Anna STROLENBERG,Anna,STROLENBERG,Group of the Greens/European Free Alliance,Volt,0,0
257119,Romania,Şerban Dimitrie STURDZA,Şerban Dimitrie,STURDZA,European Conservatives and Reformists Group,Partidul Acțiunea Conservatoare,1,0
256839,Austria,Anna STÜRGKH,Anna,STÜRGKH,Renew Europe Group,NEOS – Das Neue Österreich,0,0
257070,Poland,Marcin SYPNIEWSKI,Marcin,SYPNIEWSKI,Europe of Sovereign Nations Group,Konfederacja Wolność i Niepodległość,0,0
257026,Poland,Michał SZCZERBA,Michał,SZCZERBA,Group of the European People's Party (Christian Democrats),Platforma Obywatelska,0,0
256855,Hungary,Pál SZEKERES,Pál,SZEKERES,Patriots for Europe Group,Fidesz-Magyar Polgári Szövetség-Kereszténydemokrata Néppárt,0,0
197553,Poland,Beata SZYDŁO,Beata,SZYDŁO,European Conservatives and Reformists Group,Prawo i Sprawiedliwość,0,0
124813,Italy,Dario TAMBURRANO,Dario,TAMBURRANO,The Left group in the European Parliament - GUE/NGL,Movimento 5 Stelle,0,0
257050,Portugal,António TÂNGER CORRÊA,António,TÂNGER CORRÊA,Patriots for Europe Group,Chega,0,1
204346,Poland,Dominik TARCZYŃSKI,Dominik,TARCZYŃSKI,European Conservatives and Reformists Group,Prawo i Sprawiedliwość,0,0
257160,Italy,Marco TARQUINIO,Marco,TARQUINIO,Group of the Progressive Alliance of Socialists and Democrats in the European Parliament,Partito Democratico,0,0
256863,Hungary,Zoltán TARR,Zoltán,TARR,Group of the European People's Party (Christian Democrats),Tisztelet és Szabadság Párt,0,0
257114,Romania,Claudiu-Richard TÂRZIU,Claudiu-Richard,TÂRZIU,European Conservatives and Reformists Group,Partidul Acțiunea Conservatoare,0,0
257071,Portugal,Carla TAVARES,Carla,TAVARES,Group of the Progressive Alliance of Socialists and Democrats in the European Parliament,Partido Socialista,0,0
256965,Germany,Kai TEGETHOFF,Kai,TEGETHOFF,Group of the Greens/European Free Alliance,Volt,0,0
210480,Portugal,Marta TEMIDO,Marta,TEMIDO,Group of the Progressive Alliance of Socialists and Democrats in the European Parliament,Partido Socialista,0,0
257116,Romania,Georgiana TEODORESCU,Georgiana,TEODORESCU,European Conservatives and Reformists Group,Alianța pentru Unirea Românilor,0,0
257089,Sweden,Alice TEODORESCU MÅWE,Alice,TEODORESCU MÅWE,Group of the European People's Party (Christian Democrats),Kristdemokraterna,0,1
197655,Romania,Cristian TERHEŞ,Cristian,TERHEŞ,European Conservatives and Reformists Group,Partidului Național Conservator Român (PNCR),0,0
256968,Netherlands,Ingeborg TER LAAK,Ingeborg,TER LAAK,Group of the European People's Party (Christian Democrats),Christen Democratisch Appèl,0,1
204449,Estonia,Riho TERRAS,Riho,TERRAS,Group of the European People's Party (Christian Democrats),Isamaa,0,0
197831,Spain,Hermann TERTSCH,Hermann,TERTSCH,Patriots for Europe Group,VOX,0,0
200345,France,Pierre-Romain THIONNET,Pierre-Romain,THIONNET,Patriots for Europe Group,Rassemblement national,0,0
257090,Sweden,Beatrice TIMGREN,Beatrice,TIMGREN,European Conservatives and Reformists Group,Sverigedemokraterna,0,0
197591,Italy,Irene TINAGLI,Irene,TINAGLI,Group of the Progressive Alliance of Socialists and Democrats in the European Parliament,Partito Democratico,0,0
256885,Belgium,Bruno TOBBACK,Bruno,TOBBACK,Group of the Progressive Alliance of Socialists and Democrats in the European Parliament,Vooruit,0,0
197402,Sweden,Tomas TOBÉ,Tomas,TOBÉ,Group of the European People's Party (Christian Democrats),Moderaterna,0,0
256888,France,Rody TOLASSY,Rody,TOLASSY,Patriots for Europe Group,Rassemblement national,0,0
197672,Romania,Eugen TOMAC,Eugen,TOMAC,Renew Europe Group,Partidul Mișcarea Populară,0,0
256814,Slovenia,Zala TOMAŠIČ,Zala,TOMAŠIČ,Group of the European People's Party (Christian Democrats),Slovenska demokratska stranka,0,0
96697,Lithuania,Waldemar TOMASZEWSKI,Waldemar,TOMASZEWSKI,European Conservatives and Reformists Group,Lietuvos lenkų rinkimų akcija – Krikščioniškų šeimų sąjunga,0,0
125104,Slovenia,Romana TOMC,Romana,TOMC,Group of the European People's Party (Christian Democrats),Slovenska demokratska stranka,0,0
219652,Slovenia,Matej TONIN,Matej,TONIN,Group of the European People's Party (Christian Democrats),Nova Slovenija – Krščanski demokrati,0,0
124700,Estonia,Jana TOOM,Jana,TOOM,Renew Europe Group,Eesti Keskerakond,0,0
257148,Italy,Raffaele TOPO,Raffaele,TOPO,Group of the Progressive Alliance of Socialists and Democrats in the European Parliament,Partito Democratico,0,0
257163,Italy,Francesco TORSELLI,Francesco,TORSELLI,European Conservatives and Reformists Group,FRATELLI D' ITALIA,0,0
124795,Italy,Flavio TOSI,Flavio,TOSI,Group of the European People's Party (Christian Democrats),Forza Italia,0,0
97236,France,Marie TOUSSAINT,Marie,TOUSSAINT,Group of the Greens/European Free Alliance,Les Écologistes,0,0
197580,Italy,Isabella TOVAGLIERI,Isabella,TOVAGLIERI,Patriots for Europe Group,Lega,0,0
256804,Finland,Pekka TOVERI,Pekka,TOVERI,Group of the European People's Party (Christian Democrats),Kansallinen Kokoomus,0,0
257133,Italy,Pasquale TRIDICO,Pasquale,TRIDICO,The Left group in the European Parliament - GUE/NGL,Movimento 5 Stelle,0,0
256925,France,Laurence TROCHU,Laurence,TROCHU,European Conservatives and Reformists Group,Identité Libertés,0,0
256950,Greece,Dimitris TSIODRAS,Dimitris,TSIODRAS,Group of the European People's Party (Christian Democrats),Nea Demokratia,0,0
198183,Romania,Mihai TUDOSE,Mihai,TUDOSE,Group of the Progressive Alliance of Socialists and Democrats in the European Parliament,Partidul Social Democrat,0,0
256806,Finland,Sebastian TYNKKYNEN,Sebastian,TYNKKYNEN,European Conservatives and Reformists Group,Perussuomalaiset,0,0
257062,Poland,Stanisław TYSZKA,Stanisław,TYSZKA,Europe of Sovereign Nations Group,Konfederacja Wolność i Niepodległość,0,0
197763,Slovakia,Milan UHRÍK,Milan,UHRÍK,Europe of Sovereign Nations Group,Hnutie Republika,0,0
197810,Latvia,Nils UŠAKOVS,Nils,UŠAKOVS,Group of the Progressive Alliance of Socialists and Democrats in the European Parliament,"""Saskaņa"" sociāldemokrātiskā partija",0,0
28617,Latvia,Inese VAIDERE,Inese,VAIDERE,Group of the European People's Party (Christian Democrats),Jaunā Vienotība,0,0
257258,Bulgaria,Ivaylo VALCHEV,Ivaylo,VALCHEV,European Conservatives and Reformists Group,There Is Such a People,0,0
37324,Romania,Adina VĂLEAN,Adina,VĂLEAN,Group of the European People's Party (Christian Democrats),Partidul Naţional Liberal,0,0
256875,France,Matthieu VALET,Matthieu,VALET,Patriots for Europe Group,Rassemblement national,0,0
5729,Belgium,Kathleen VAN BREMPT,Kathleen,VAN BREMPT,Group of the Progressive Alliance of Socialists and Democrats in the European Parliament,Vooruit,0,1
257438,Netherlands,Anouk VAN BRUG,Anouk,VAN BRUG,Renew Europe Group,Volkspartij voor Vrijheid en Democratie,0,1
256976,Netherlands,Brigitte VAN DEN BERG,Brigitte,VAN DEN BERG,Renew Europe Group,Democraten 66,0,1
185771,Belgium,Tom VANDENDRIESSCHE,Tom,VANDENDRIESSCHE,Patriots for Europe Group,Vlaams Belang,0,0
256884,Belgium,Kris VAN DIJCK,Kris,VAN DIJCK,European Conservatives and Reformists Group,Nieuw-Vlaamse Alliantie,0,1
256978,Netherlands,Reinier VAN LANSCHOT,Reinier,VAN LANSCHOT,Group of the Greens/European Free Alliance,Volt,0,1
256983,Netherlands,Jessika VAN LEEUWEN,Jessika,VAN LEEUWEN,Group of the European People's Party (Christian Democrats),BoerBurgerBeweging,0,1
257125,Italy,Roberto VANNACCI,Roberto,VANNACCI,Non-attached Members,Lega,0,0
125106,Belgium,Johan VAN OVERTVELDT,Johan,VAN OVERTVELDT,European Conservatives and Reformists Group,Nieuw-Vlaamse Alliantie,0,1
197870,Netherlands,Kim VAN SPARRENTAK,Kim,VAN SPARRENTAK,Group of the Greens/European Free Alliance,GroenLinks-PvdA,0,1
5736,France,Alexandre VARAUT,Alexandre,VARAUT,Patriots for Europe Group,Rassemblement national,0,0
257061,Portugal,Ana VASCONCELOS,Ana,VASCONCELOS,Renew Europe Group,Iniciativa Liberal,0,0
257112,Romania,Vlad VASILE-VOICULESCU,Vlad,VASILE-VOICULESCU,Renew Europe Group,Uniunea Salvați România,0,0
130100,Belgium,Hilde VAUTMANS,Hilde,VAUTMANS,Renew Europe Group,Anders,0,0
257099,Italy,Francesco VENTOLA,Francesco,VENTOLA,European Conservatives and Reformists Group,FRATELLI D' ITALIA,0,0
96756,Germany,Sabine VERHEYEN,Sabine,VERHEYEN,Group of the European People's Party (Christian Democrats),Christlich Demokratische Union Deutschlands,0,0
256879,Belgium,Yvan VEROUGSTRAETE,Yvan,VEROUGSTRAETE,Renew Europe Group,Les Engagés,0,0
256811,Lithuania,Aurelijus VERYGA,Aurelijus,VERYGA,European Conservatives and Reformists Group,Lietuvos valstiečių ir žaliųjų sąjunga,0,0
260035,Croatia,Marko VEŠLIGAJ,Marko,VEŠLIGAJ,Group of the Progressive Alliance of Socialists and Democrats in the European Parliament,Socijaldemokratska partija Hrvatske,0,0
256859,Hungary,Annamária VICSEK,Annamária,VICSEK,Patriots for Europe Group,Fidesz-Magyar Polgári Szövetség-Kereszténydemokrata Néppárt,0,0
257437,Netherlands,Catarina VIEIRA,Catarina,VIEIRA,Group of the Greens/European Free Alliance,GroenLinks-PvdA,0,0
34232,Bulgaria,Kristian VIGENIN,Kristian,VIGENIN,Group of the Progressive Alliance of Socialists and Democrats in the European Parliament,Bulgarian Socialist Party,0,0
125001,Austria,Harald VILIMSKY,Harald,VILIMSKY,Patriots for Europe Group,Freiheitliche Partei Österreichs,0,0
98582,Romania,Loránt VINCZE,Loránt,VINCZE,Group of the European People's Party (Christian Democrats),Uniunea Democrată Maghiară din România,0,0
199941,Denmark,Marianne VIND,Marianne,VIND,Group of the Progressive Alliance of Socialists and Democrats in the European Parliament,Socialdemokratiet,0,0
124875,Denmark,Anders VISTISEN,Anders,VISTISEN,Patriots for Europe Group,Dansk Folkeparti,0,0
257143,Italy,Mariateresa VIVALDINI,Mariateresa,VIVALDINI,European Conservatives and Reformists Group,FRATELLI D' ITALIA,0,0
257260,Bulgaria,Petar VOLGIN,Petar,VOLGIN,Europe of Sovereign Nations Group,Revival,0,0
256966,Germany,Michael VON DER SCHULENBURG,Michael,VON DER SCHULENBURG,Non-attached Members,Bündnis Sahra Wagenknecht – Vernunft und Gerechtigkeit,0,1
197537,Czechia,Alexandr VONDRA,Alexandr,VONDRA,European Conservatives and Reformists Group,Občanská demokratická strana,0,0
96761,Germany,Axel VOSS,Axel,VOSS,Group of the European People's Party (Christian Democrats),Christlich Demokratische Union Deutschlands,0,0
125065,Greece,Elissavet VOZEMBERG-VRIONIDI,Elissavet,VOZEMBERG-VRIONIDI,Group of the European People's Party (Christian Democrats),Nea Demokratia,0,0
197552,Czechia,Veronika VRECIONOVÁ,Veronika,VRECIONOVÁ,European Conservatives and Reformists Group,Občanská demokratická strana,0,0
204400,Spain,Adrián VÁZQUEZ LÁZARA,Adrián,VÁZQUEZ LÁZARA,Group of the European People's Party (Christian Democrats),Partido Popular,0,1
190464,Austria,Thomas WAITZ,Thomas,WAITZ,Group of the Greens/European Free Alliance,Die Grünen - Die Grüne Alternative,0,0
197863,Ireland,Maria WALSH,Maria,WALSH,Group of the European People's Party (Christian Democrats),Fine Gael Party,0,0
197429,Germany,Marion WALSMANN,Marion,WALSMANN,Group of the European People's Party (Christian Democrats),Christlich Demokratische Union Deutschlands,0,0
197405,Sweden,Jörgen WARBORN,Jörgen,WARBORN,Group of the European People's Party (Christian Democrats),Moderaterna,0,0
256967,Germany,Jan-Peter WARNKE,Jan-Peter,WARNKE,Non-attached Members,Bündnis Sahra Wagenknecht – Vernunft und Gerechtigkeit,0,0
257052,Poland,Maciej WĄSIK,Maciej,WĄSIK,European Conservatives and Reformists Group,Prawo i Sprawiedliwość,0,0
257045,Poland,Michał WAWRYKIEWICZ,Michał,WAWRYKIEWICZ,Group of the European People's Party (Christian Democrats),Independent,0,0
257046,Poland,Marta WCISŁO,Marta,WCISŁO,Group of the European People's Party (Christian Democrats),Platforma Obywatelska,0,0
28229,Germany,Manfred WEBER,Manfred,WEBER,Group of the European People's Party (Christian Democrats),Christlich-Soziale Union in Bayern e.V.,0,0
256977,Germany,Andrea WECHSLER,Andrea,WECHSLER,Group of the European People's Party (Christian Democrats),Christlich Demokratische Union Deutschlands,0,0
123562,Sweden,Charlie WEIMERS,Charlie,WEIMERS,European Conservatives and Reformists Group,Sverigedemokraterna,0,0
261796,France,Séverine WERBROUCK,Séverine,WERBROUCK,Patriots for Europe Group,Rassemblement national,0,0
214839,Sweden,Emma WIESNER,Emma,WIESNER,Renew Europe Group,Centerpartiet,0,0
197769,Slovakia,Michal WIEZIK,Michal,WIEZIK,Renew Europe Group,Progresívne Slovensko,0,0
220801,Belgium,Sophie WILMÈS,Sophie,WILMÈS,Renew Europe Group,Mouvement Réformateur,0,0
39725,Romania,Iuliu WINKLER,Iuliu,WINKLER,Group of the European People's Party (Christian Democrats),Uniunea Democrată Maghiară din România,0,0
197652,Austria,Angelika WINZIG,Angelika,WINZIG,Group of the European People's Party (Christian Democrats),Österreichische Volkspartei,0,0
197421,Luxembourg,Isabel WISELER-LIMA,Isabel,WISELER-LIMA,Group of the European People's Party (Christian Democrats),Parti chrétien social luxembourgeois,0,0
124877,Poland,Jadwiga WIŚNIEWSKA,Jadwiga,WIŚNIEWSKA,European Conservatives and Reformists Group,Prawo i Sprawiedliwość,0,0
185619,Germany,Tiemo WÖLKEN,Tiemo,WÖLKEN,Group of the Progressive Alliance of Socialists and Democrats in the European Parliament,Sozialdemokratische Partei Deutschlands,0,0
5392,Netherlands,Lara WOLTERS,Lara,WOLTERS,Group of the Progressive Alliance of Socialists and Democrats in the European Parliament,GroenLinks-PvdA,0,0
257011,Slovakia,Lucia YAR,Lucia,YAR,Renew Europe Group,Progresívne Slovensko,0,0
197581,France,Stéphanie YON-COURTIN,Stéphanie,YON-COURTIN,Renew Europe Group,Renaissance,0,0
197842,Bulgaria,Elena YONCHEVA,Elena,YONCHEVA,Non-attached Members,Movement for Rights and Freedoms,0,0
256955,Greece,Maria ZACHARIA,Maria,ZACHARIA,Non-attached Members,Plefsi Eleftherias,0,0
257069,Poland,Ewa ZAJĄCZKOWSKA-HERNIK,Ewa,ZAJĄCZKOWSKA-HERNIK,Europe of Sovereign Nations Group,Konfederacja Wolność i Niepodległość,0,0
197572,Poland,Anna ZALEWSKA,Anna,ZALEWSKA,European Conservatives and Reformists Group,Prawo i Sprawiedliwość,0,0
256807,Lithuania,Dainius ŽALIMAS,Dainius,ŽALIMAS,Renew Europe Group,Laisvės partija,0,0
257106,Italy,Alessandro ZAN,Alessandro,ZAN,Group of the Progressive Alliance of Socialists and Democrats in the European Parliament,Partito Democratico,0,0
197606,Spain,Javier ZARZALEJOS,Javier,ZARZALEJOS,Group of the European People's Party (Christian Democrats),Partido Popular,0,0
124713,Czechia,Tomáš ZDECHOVSKÝ,Tomáš,ZDECHOVSKÝ,Group of the European People's Party (Christian Democrats),Křesťanská a demokratická unie - Československá strana lidová,0,0
124893,Poland,Bogdan Andrzej ZDROJEWSKI,Bogdan Andrzej,ZDROJEWSKI,Group of the European People's Party (Christian Democrats),Koalicja Obywatelska,1,0
103246,Netherlands,Auke ZIJLSTRA,Auke,ZIJLSTRA,Patriots for Europe Group,Partij voor de Vrijheid,0,0
28615,Latvia,Roberts ZĪLE,Roberts,ZĪLE,European Conservatives and Reformists Group,"Nacionālā apvienība ""Visu Latvijai!"" - ""Tēvzemei un Brīvībai/LNNK""",0,0
28419,Italy,Nicola ZINGARETTI,Nicola,ZINGARETTI,Group of the Progressive Alliance of Socialists and Democrats in the European Parliament,Partito Democratico,0,0
124884,Poland,Kosma ZŁOTOWSKI,Kosma,ZŁOTOWSKI,European Conservatives and Reformists Group,Prawo i Sprawiedliwość,0,0
197621,Spain,Juan Ignacio ZOIDO ÁLVAREZ,Juan Ignacio,ZOIDO ÁLVAREZ,Group of the European People's Party (Christian Democrats),Partido Popular,1,1
185341,Croatia,Željana ZOVKO,Željana,ZOVKO,Group of the European People's Party (Christian Democrats),Hrvatska demokratska zajednica,0,0
96933,Slovenia,Milan ZVER,Milan,ZVER,Group of the European People's Party (Christian Democrats),Slovenska demokratska stranka,0,0
